[Licensing::Module] Trying to connect to existing licensing client channel...
Built from '6000.0/staging' branch; Version is '6000.0.84f1 (78ab6fc243d5) revision 7908207'; Using compiler version '193933523'; Build Type 'Release'
[Licensing::IpcConnector] Successfully connected to: "LicenseClient-Administrator" at "2026-10-08T14:10:57.9819398Z"
OS: 'Windows 11  (10.0.26200) Professional' Language: 'zh' Physical Memory: 65378 MB
BatchMode: 1, IsHumanControllingUs: 0, StartBugReporterOnCrash: 0, Is64bit: 1
System  architecture: x64
Process architecture: x64
Date: 2026-10-08T14:10:57Z

COMMAND LINE ARGUMENTS:
C:\Program Files\Unity\Hub\Editor\6000.0.84f1\Editor\Unity.exe
-batchmode
-projectPath
C:/Users/Administrator/Documents/Codex/clinic-int
-runTests
-testPlatform
PlayMode
-testFilter
BorderRepair.TwoNight.Tests.UnifiedClinicInspectionTests;BorderRepair.TwoNight.Tests.UnifiedClinicFirstPersonTests;BorderRepair.TwoNight.Tests.UnifiedClinicPlayTests;BorderRepair.TwoNight.Tests.TwoNightUiTests
-testResults
C:/Users/Administrator/Documents/Codex/clinic-int/Logs/InspectionFixPlayMode.xml
-logFile
C:/Users/Administrator/Documents/Codex/clinic-int/Logs/InspectionFixPlayMode.log
Successfully changed project path to: C:/Users/Administrator/Documents/Codex/clinic-int
C:/Users/Administrator/Documents/Codex/clinic-int
[UnityMemory] Configuration Parameters - Can be set up in boot.config
    "memorysetup-bucket-allocator-granularity=16"
    "memorysetup-bucket-allocator-bucket-count=8"
    "memorysetup-bucket-allocator-block-size=33554432"
    "memorysetup-bucket-allocator-block-count=8"
    "memorysetup-main-allocator-block-size=16777216"
    "memorysetup-thread-allocator-block-size=16777216"
    "memorysetup-gfx-main-allocator-block-size=16777216"
    "memorysetup-gfx-thread-allocator-block-size=16777216"
    "memorysetup-cache-allocator-block-size=4194304"
    "memorysetup-typetree-allocator-block-size=2097152"
    "memorysetup-profiler-bucket-allocator-granularity=16"
    "memorysetup-profiler-bucket-allocator-bucket-count=8"
    "memorysetup-profiler-bucket-allocator-block-size=33554432"
    "memorysetup-profiler-bucket-allocator-block-count=8"
    "memorysetup-profiler-allocator-block-size=16777216"
    "memorysetup-profiler-editor-allocator-block-size=1048576"
    "memorysetup-temp-allocator-size-main=16777216"
    "memorysetup-job-temp-allocator-block-size=2097152"
    "memorysetup-job-temp-allocator-block-size-background=1048576"
    "memorysetup-job-temp-allocator-reduction-small-platforms=262144"
    "memorysetup-allocator-temp-initial-block-size-main=262144"
    "memorysetup-allocator-temp-initial-block-size-worker=262144"
    "memorysetup-temp-allocator-size-background-worker=32768"
    "memorysetup-temp-allocator-size-job-worker=262144"
    "memorysetup-temp-allocator-size-preload-manager=33554432"
    "memorysetup-remapper-allocator-initial-capacity=32768"
    "memorysetup-temp-allocator-size-nav-mesh-worker=65536"
    "memorysetup-temp-allocator-size-audio-worker=65536"
    "memorysetup-temp-allocator-size-cloud-worker=32768"
    "memorysetup-temp-allocator-size-gi-baking-worker=262144"
    "memorysetup-temp-allocator-size-gi-baking-worker=262144"
    "memorysetup-temp-allocator-size-gi-baking-worker=262144"
    "memorysetup-temp-allocator-size-gi-baking-worker=262144"
    "memorysetup-temp-allocator-size-gi-baking-worker=262144"
    "memorysetup-temp-allocator-size-gfx=262144"
Player connection [27120]  Target information:

Player connection [27120]  * "[IP] 192.168.0.176 [Port] 55504 [Flags] 2 [Guid] 1327814087 [EditorId] 1327814087 [Version] 1048832 [Id] WindowsEditor(7,WIN-1SU0ECNLPV2) [Debug] 1 [PackageName] WindowsEditor [ProjectName] Editor" 

Player connection [27120] Host joined multi-casting on [225.0.0.222:54997]...
Player connection [27120] Host joined alternative multi-casting on [225.0.0.222:34997]...
Input System module state changed to: Initialized.
[Physics::Module] Initialized fallback backend.
[Physics::Module] Id: 0xdecafbad
[Licensing::Client] Code 10 while verifying Licensing Client signature (process Id: 35436, path: "C:/Program Files/Unity Hub/UnityLicensingClient_V1/Unity.Licensing.Client.exe")
[Licensing::Module] LicensingClient has failed validation; ignoring
[Licensing::Client] Handshaking with LicensingClient:
  Version:                 1.18.3+d7ffd15
  Session Id:              cf778e4bd9aa4d598cd3a575bfdd3bfa
  Correlation Id:          317e617e98d789f714402b041f4b5cd0
  External correlation Id: 391935964918999174
  Machine Id:              zA3F66iXHPF32y0MH2OuDuccLU8=
[Licensing::Module] Successfully connected to LicensingClient on channel: "LicenseClient-Administrator" (connect: 0.00s, validation: 0.00s, handshake: 0.05s)
[Licensing::IpcConnector] Successfully connected to: "LicenseClient-Administrator-notifications" at "2026-10-08T14:10:58.0379178Z"
[Licensing::Module] Error: Access token is unavailable; failed to update
[Licensing::Client] Successfully resolved entitlement details
[Licensing::Module] License group:
  Id: 15669642595473-UnityPersXXXX
  Product: Unity Personal
  Type: Assigned
  Expiration: Unlimited
[Licensing::Client] Successfully updated license, isAsync: True, time: 0.00
[Licensing::Module] Licensing Background thread has ended after 0.06s
[Package Manager] Connected to IPC stream "Upm-34636" after 0.3 seconds.
Library Redirect Path: Library/
[Physics::Module] Selected backend.
[Physics::Module] Name: PhysX
[Physics::Module] Id: 0xf2b8ea05
[Physics::Module] SDK Version: 4.1.2
[Physics::Module] Integration Version: 1.0.0
[Physics::Module] Threading Mode: Multi-Threaded
Refreshing native plugins compatible for Editor in 0.42 ms, found 0 plugins.
Preloading 0 native plugins for Editor in 0.00 ms.
Initialize engine version: 6000.0.84f1 (78ab6fc243d5)
[Subsystems] Discovering subsystems at path C:/Program Files/Unity/Hub/Editor/6000.0.84f1/Editor/Data/Resources/UnitySubsystems
[Subsystems] Discovering subsystems at path C:/Users/Administrator/Documents/Codex/clinic-int/Assets
GfxDevice: creating device client; kGfxThreadingModeNonThreaded
Direct3D:
    Version:  Direct3D 11.0 [level 11.1]
    Renderer: NVIDIA GeForce RTX 3070 (ID=0x2488)
    Vendor:   NVIDIA
    VRAM:     8018 MB
    Driver:   32.0.16.1088
Initialize mono
Mono path[0] = 'C:/Program Files/Unity/Hub/Editor/6000.0.84f1/Editor/Data/Managed'
Mono path[1] = 'C:/Program Files/Unity/Hub/Editor/6000.0.84f1/Editor/Data/MonoBleedingEdge/lib/mono/unityjit-win32'
Mono config path = 'C:/Program Files/Unity/Hub/Editor/6000.0.84f1/Editor/Data/MonoBleedingEdge/etc'
Using monoOptions --debugger-agent=transport=dt_socket,embedding=1,server=y,suspend=n,address=127.0.0.1:56636
Using cacheserver namespaces - metadata:defaultmetadata, artifacts:defaultartifacts
Using cacheserver namespaces - metadata:defaultmetadata, artifacts:defaultartifacts
ImportWorker Server TCP listen port: 0
AcceleratorClientConnectionCallback - disconnected - :0
Begin MonoManager ReloadAssembly
Registering precompiled unity dll's ...
Register platform support module: C:/Program Files/Unity/Hub/Editor/6000.0.84f1/Editor/Data/PlaybackEngines/WindowsStandaloneSupport/UnityEditor.WindowsStandalone.Extensions.dll
Registered in 0.005266 seconds.
- Loaded All Assemblies, in  0.390 seconds
Native extension for WindowsStandalone target not found
Package Manager log level set to [2]
Mono: successfully reloaded assembly
- Finished resetting the current domain, in  0.439 seconds
Domain Reload Profiling: 827ms
	BeginReloadAssembly (131ms)
		ExecutionOrderSort (0ms)
		DisableScriptedObjects (0ms)
		BackupInstance (0ms)
		ReleaseScriptingObjects (0ms)
		CreateAndSetChildDomain (1ms)
	RebuildCommonClasses (32ms)
	RebuildNativeTypeToScriptingClass (11ms)
	initialDomainReloadingComplete (53ms)
	LoadAllAssembliesAndSetupDomain (160ms)
		LoadAssemblies (128ms)
		RebuildTransferFunctionScriptingTraits (0ms)
		AnalyzeDomain (157ms)
			TypeCache.Refresh (154ms)
				TypeCache.ScanAssembly (136ms)
			BuildScriptInfoCaches (0ms)
			ResolveRequiredComponents (1ms)
	FinalizeReload (440ms)
		ReleaseScriptCaches (0ms)
		RebuildScriptCaches (0ms)
		SetupLoadedEditorAssemblies (378ms)
			LogAssemblyErrors (0ms)
			InitializePlatformSupportModulesInManaged (26ms)
			SetLoadedEditorAssemblies (5ms)
			BeforeProcessingInitializeOnLoad (73ms)
			ProcessInitializeOnLoadAttributes (158ms)
			ProcessInitializeOnLoadMethodAttributes (117ms)
			AfterProcessingInitializeOnLoad (0ms)
			EditorAssembliesLoaded (0ms)
		ExecutionOrderSort2 (0ms)
		AwakeInstancesAfterBackupRestoration (0ms)
[Licensing::Client] Successfully resolved entitlement details
Application.AssetDatabase Initial Refresh Start
[Package Manager] Restoring resolved packages state from cache
[Licensing::Client] Successfully resolved entitlement details
[Package Manager] Registered 56 packages:
  Packages from [https://packages.unity.com]:
    com.unity.ai.navigation@2.0.14 (location: C:\Users\Administrator\Documents\Codex\clinic-int\Library\PackageCache\com.unity.ai.navigation@134dd6a3b97b)
    com.unity.collab-proxy@2.13.6 (location: C:\Users\Administrator\Documents\Codex\clinic-int\Library\PackageCache\com.unity.collab-proxy@4628d2ba6ea4)
    com.unity.ide.rider@3.0.39 (location: C:\Users\Administrator\Documents\Codex\clinic-int\Library\PackageCache\com.unity.ide.rider@4504839d03f7)
    com.unity.ide.visualstudio@2.0.27 (location: C:\Users\Administrator\Documents\Codex\clinic-int\Library\PackageCache\com.unity.ide.visualstudio@dc1ddd4f09b6)
    com.unity.inputsystem@1.20.0 (location: C:\Users\Administrator\Documents\Codex\clinic-int\Library\PackageCache\com.unity.inputsystem@7a4e1a2a8194)
    com.unity.timeline@1.8.13 (location: C:\Users\Administrator\Documents\Codex\clinic-int\Library\PackageCache\com.unity.timeline@3a22918286f5)
    com.unity.visualscripting@1.9.12 (location: C:\Users\Administrator\Documents\Codex\clinic-int\Library\PackageCache\com.unity.visualscripting@4edfcc09512f)
    com.unity.searcher@4.9.3 (location: C:\Users\Administrator\Documents\Codex\clinic-int\Library\PackageCache\com.unity.searcher@1e17ce91558d)
    com.unity.burst@1.8.30 (location: C:\Users\Administrator\Documents\Codex\clinic-int\Library\PackageCache\com.unity.burst@2f3d916873ea)
    com.unity.mathematics@1.3.2 (location: C:\Users\Administrator\Documents\Codex\clinic-int\Library\PackageCache\com.unity.mathematics@8017b507cc74)
    com.unity.collections@2.6.8 (location: C:\Users\Administrator\Documents\Codex\clinic-int\Library\PackageCache\com.unity.collections@84e8eb3fc12e)
    com.unity.nuget.mono-cecil@1.11.6 (location: C:\Users\Administrator\Documents\Codex\clinic-int\Library\PackageCache\com.unity.nuget.mono-cecil@ecb9724e46ff)
    com.unity.test-framework.performance@3.5.0 (location: C:\Users\Administrator\Documents\Codex\clinic-int\Library\PackageCache\com.unity.test-framework.performance@8b56083ec0f0)
  Built-in packages:
    com.unity.multiplayer.center@1.0.0 (location: C:\Users\Administrator\Documents\Codex\clinic-int\Library\PackageCache\com.unity.multiplayer.center@f3fb577b3546)
    com.unity.render-pipelines.universal@17.0.4 (location: C:\Users\Administrator\Documents\Codex\clinic-int\Library\PackageCache\com.unity.render-pipelines.universal@ab605b8cbe5e)
    com.unity.test-framework@1.6.0 (location: C:\Users\Administrator\Documents\Codex\clinic-int\Library\PackageCache\com.unity.test-framework@082c24152fd4)
    com.unity.ugui@2.0.0 (location: C:\Users\Administrator\Documents\Codex\clinic-int\Library\PackageCache\com.unity.ugui@5d6a93c81cc4)
    com.unity.modules.accessibility@1.0.0 (location: C:\Users\Administrator\Documents\Codex\clinic-int\Library\PackageCache\com.unity.modules.accessibility)
    com.unity.modules.ai@1.0.0 (location: C:\Users\Administrator\Documents\Codex\clinic-int\Library\PackageCache\com.unity.modules.ai)
    com.unity.modules.androidjni@1.0.0 (location: C:\Users\Administrator\Documents\Codex\clinic-int\Library\PackageCache\com.unity.modules.androidjni)
    com.unity.modules.animation@1.0.0 (location: C:\Users\Administrator\Documents\Codex\clinic-int\Library\PackageCache\com.unity.modules.animation)
    com.unity.modules.assetbundle@1.0.0 (location: C:\Users\Administrator\Documents\Codex\clinic-int\Library\PackageCache\com.unity.modules.assetbundle)
    com.unity.modules.audio@1.0.0 (location: C:\Users\Administrator\Documents\Codex\clinic-int\Library\PackageCache\com.unity.modules.audio)
    com.unity.modules.cloth@1.0.0 (location: C:\Users\Administrator\Documents\Codex\clinic-int\Library\PackageCache\com.unity.modules.cloth)
    com.unity.modules.director@1.0.0 (location: C:\Users\Administrator\Documents\Codex\clinic-int\Library\PackageCache\com.unity.modules.director)
    com.unity.modules.imageconversion@1.0.0 (location: C:\Users\Administrator\Documents\Codex\clinic-int\Library\PackageCache\com.unity.modules.imageconversion)
    com.unity.modules.imgui@1.0.0 (location: C:\Users\Administrator\Documents\Codex\clinic-int\Library\PackageCache\com.unity.modules.imgui)
    com.unity.modules.jsonserialize@1.0.0 (location: C:\Users\Administrator\Documents\Codex\clinic-int\Library\PackageCache\com.unity.modules.jsonserialize)
    com.unity.modules.particlesystem@1.0.0 (location: C:\Users\Administrator\Documents\Codex\clinic-int\Library\PackageCache\com.unity.modules.particlesystem)
    com.unity.modules.physics@1.0.0 (location: C:\Users\Administrator\Documents\Codex\clinic-int\Library\PackageCache\com.unity.modules.physics)
    com.unity.modules.physics2d@1.0.0 (location: C:\Users\Administrator\Documents\Codex\clinic-int\Library\PackageCache\com.unity.modules.physics2d)
    com.unity.modules.screencapture@1.0.0 (location: C:\Users\Administrator\Documents\Codex\clinic-int\Library\PackageCache\com.unity.modules.screencapture)
    com.unity.modules.terrain@1.0.0 (location: C:\Users\Administrator\Documents\Codex\clinic-int\Library\PackageCache\com.unity.modules.terrain)
    com.unity.modules.terrainphysics@1.0.0 (location: C:\Users\Administrator\Documents\Codex\clinic-int\Library\PackageCache\com.unity.modules.terrainphysics)
    com.unity.modules.tilemap@1.0.0 (location: C:\Users\Administrator\Documents\Codex\clinic-int\Library\PackageCache\com.unity.modules.tilemap)
    com.unity.modules.ui@1.0.0 (location: C:\Users\Administrator\Documents\Codex\clinic-int\Library\PackageCache\com.unity.modules.ui)
    com.unity.modules.uielements@1.0.0 (location: C:\Users\Administrator\Documents\Codex\clinic-int\Library\PackageCache\com.unity.modules.uielements)
    com.unity.modules.umbra@1.0.0 (location: C:\Users\Administrator\Documents\Codex\clinic-int\Library\PackageCache\com.unity.modules.umbra)
    com.unity.modules.unityanalytics@1.0.0 (location: C:\Users\Administrator\Documents\Codex\clinic-int\Library\PackageCache\com.unity.modules.unityanalytics)
    com.unity.modules.unitywebrequest@1.0.0 (location: C:\Users\Administrator\Documents\Codex\clinic-int\Library\PackageCache\com.unity.modules.unitywebrequest)
    com.unity.modules.unitywebrequestassetbundle@1.0.0 (location: C:\Users\Administrator\Documents\Codex\clinic-int\Library\PackageCache\com.unity.modules.unitywebrequestassetbundle)
    com.unity.modules.unitywebrequestaudio@1.0.0 (location: C:\Users\Administrator\Documents\Codex\clinic-int\Library\PackageCache\com.unity.modules.unitywebrequestaudio)
    com.unity.modules.unitywebrequesttexture@1.0.0 (location: C:\Users\Administrator\Documents\Codex\clinic-int\Library\PackageCache\com.unity.modules.unitywebrequesttexture)
    com.unity.modules.unitywebrequestwww@1.0.0 (location: C:\Users\Administrator\Documents\Codex\clinic-int\Library\PackageCache\com.unity.modules.unitywebrequestwww)
    com.unity.modules.vehicles@1.0.0 (location: C:\Users\Administrator\Documents\Codex\clinic-int\Library\PackageCache\com.unity.modules.vehicles)
    com.unity.modules.video@1.0.0 (location: C:\Users\Administrator\Documents\Codex\clinic-int\Library\PackageCache\com.unity.modules.video)
    com.unity.modules.vr@1.0.0 (location: C:\Users\Administrator\Documents\Codex\clinic-int\Library\PackageCache\com.unity.modules.vr)
    com.unity.modules.wind@1.0.0 (location: C:\Users\Administrator\Documents\Codex\clinic-int\Library\PackageCache\com.unity.modules.wind)
    com.unity.modules.xr@1.0.0 (location: C:\Users\Administrator\Documents\Codex\clinic-int\Library\PackageCache\com.unity.modules.xr)
    com.unity.modules.subsystems@1.0.0 (location: C:\Users\Administrator\Documents\Codex\clinic-int\Library\PackageCache\com.unity.modules.subsystems)
    com.unity.modules.hierarchycore@1.0.0 (location: C:\Users\Administrator\Documents\Codex\clinic-int\Library\PackageCache\com.unity.modules.hierarchycore)
    com.unity.ext.nunit@2.0.5 (location: C:\Users\Administrator\Documents\Codex\clinic-int\Library\PackageCache\com.unity.ext.nunit@031a54704bff)
    com.unity.render-pipelines.core@17.0.4 (location: C:\Users\Administrator\Documents\Codex\clinic-int\Library\PackageCache\com.unity.render-pipelines.core@36dd213002aa)
    com.unity.shadergraph@17.0.4 (location: C:\Users\Administrator\Documents\Codex\clinic-int\Library\PackageCache\com.unity.shadergraph@867249b1c940)
    com.unity.render-pipelines.universal-config@17.0.3 (location: C:\Users\Administrator\Documents\Codex\clinic-int\Library\PackageCache\com.unity.render-pipelines.universal-config@dd206bf35d04)
    com.unity.rendering.light-transport@1.0.1 (location: C:\Users\Administrator\Documents\Codex\clinic-int\Library\PackageCache\com.unity.rendering.light-transport@9bd588f963c0)
[Subsystems] No new subsystems found in resolved package list.
[Package Manager] Done registering packages in 0.03 seconds
[ScriptCompilation] Requested script compilation because: Assetdatabase observed changes in script compilation related files
Starting: C:\Program Files\Unity\Hub\Editor\6000.0.84f1\Editor\Data\bee_backend.exe --ipc --defer-dag-verification --dagfile="Library/Bee/1900b0aE.dag" --continue-on-failure --profile="Library/Bee/backend1.traceevents" ScriptAssemblies
WorkingDir: C:/Users/Administrator/Documents/Codex/clinic-int
DisplayProgressbar: Compiling Scripts
ExitCode: 0 Duration: 2s880ms
[ 805/1063  0s] ILPP-Configuration Library/ilpp-configuration.nevergeneratedoutput
[1019/1063  1s] Csc Library/Bee/artifacts/1900b0aE.dag/BorderRepair.TwoNight.Runtime.dll (+2 others)
[1029/1063  0s] ILPostProcess Library/Bee/artifacts/1900b0aE.dag/post-processed/BorderRepair.Art.UnifiedClinic.Runtime.dll (+pdb)
Processing assembly Library/Bee/artifacts/1900b0aE.dag/BorderRepair.Art.UnifiedClinic.Runtime.dll, with 131 defines and 262 references

processors: Unity.Jobs.CodeGen.JobsILPostProcessor, zzzUnity.Burst.CodeGen.BurstILPostProcessor

running Unity.Jobs.CodeGen.JobsILPostProcessor

running zzzUnity.Burst.CodeGen.BurstILPostProcessor
[1030/1063  0s] ILPostProcess Library/Bee/artifacts/1900b0aE.dag/post-processed/BorderRepair.Art.UnifiedClinic.Editor.dll (+pdb)
Processing assembly Library/Bee/artifacts/1900b0aE.dag/BorderRepair.Art.UnifiedClinic.Editor.dll, with 129 defines and 272 references

processors: Unity.Jobs.CodeGen.JobsILPostProcessor, zzzUnity.Burst.CodeGen.BurstILPostProcessor

running Unity.Jobs.CodeGen.JobsILPostProcessor

running zzzUnity.Burst.CodeGen.BurstILPostProcessor
[1031/1063  0s] ILPostProcess Library/Bee/artifacts/1900b0aE.dag/post-processed/BorderRepair.TwoNight.Editor.dll (+pdb)
Processing assembly Library/Bee/artifacts/1900b0aE.dag/BorderRepair.TwoNight.Editor.dll, with 129 defines and 275 references

processors: Unity.Jobs.CodeGen.JobsILPostProcessor, zzzUnity.Burst.CodeGen.BurstILPostProcessor

running Unity.Jobs.CodeGen.JobsILPostProcessor

running zzzUnity.Burst.CodeGen.BurstILPostProcessor
[1034/1063  0s] ILPostProcess Library/Bee/artifacts/1900b0aE.dag/post-processed/BorderRepair.Art.Unit07TrayVariant.Tests.dll (+pdb)
Processing assembly Library/Bee/artifacts/1900b0aE.dag/BorderRepair.Art.Unit07TrayVariant.Tests.dll, with 131 defines and 252 references

processors: Unity.Jobs.CodeGen.JobsILPostProcessor, zzzUnity.Burst.CodeGen.BurstILPostProcessor

running Unity.Jobs.CodeGen.JobsILPostProcessor

running zzzUnity.Burst.CodeGen.BurstILPostProcessor
[1035/1063  0s] ILPostProcess Library/Bee/artifacts/1900b0aE.dag/post-processed/BorderRepair.Art.UnifiedClinic.Tests.dll (+pdb)
Processing assembly Library/Bee/artifacts/1900b0aE.dag/BorderRepair.Art.UnifiedClinic.Tests.dll, with 129 defines and 256 references

processors: Unity.Jobs.CodeGen.JobsILPostProcessor, zzzUnity.Burst.CodeGen.BurstILPostProcessor

running Unity.Jobs.CodeGen.JobsILPostProcessor

running zzzUnity.Burst.CodeGen.BurstILPostProcessor
[1042/1063  0s] ILPostProcess Library/Bee/artifacts/1900b0aE.dag/post-processed/BorderRepair.TwoNight.Runtime.dll (+pdb)
Processing assembly Library/Bee/artifacts/1900b0aE.dag/BorderRepair.TwoNight.Runtime.dll, with 131 defines and 263 references

processors: Unity.Jobs.CodeGen.JobsILPostProcessor, zzzUnity.Burst.CodeGen.BurstILPostProcessor

running Unity.Jobs.CodeGen.JobsILPostProcessor

running zzzUnity.Burst.CodeGen.BurstILPostProcessor
[1043/1063  0s] Csc Library/Bee/artifacts/1900b0aE.dag/BorderRepair.TwoNight.Tests.PlayMode.dll (+2 others)
[1044/1063  0s] CopyFiles Library/ScriptAssemblies/BorderRepair.TwoNight.Runtime.pdb
[1045/1063  0s] ILPostProcess Library/Bee/artifacts/1900b0aE.dag/post-processed/BorderRepair.Art.Unit07TrayVariant.Editor.dll (+pdb)
Processing assembly Library/Bee/artifacts/1900b0aE.dag/BorderRepair.Art.Unit07TrayVariant.Editor.dll, with 129 defines and 276 references

processors: Unity.Jobs.CodeGen.JobsILPostProcessor, zzzUnity.Burst.CodeGen.BurstILPostProcessor

running Unity.Jobs.CodeGen.JobsILPostProcessor

running zzzUnity.Burst.CodeGen.BurstILPostProcessor
[1046/1063  0s] ILPostProcess Library/Bee/artifacts/1900b0aE.dag/post-processed/BorderRepair.TwoNight.Tests.EditMode.dll (+pdb)
Processing assembly Library/Bee/artifacts/1900b0aE.dag/BorderRepair.TwoNight.Tests.EditMode.dll, with 129 defines and 258 references

processors: Unity.Jobs.CodeGen.JobsILPostProcessor, zzzUnity.Burst.CodeGen.BurstILPostProcessor

running Unity.Jobs.CodeGen.JobsILPostProcessor

running zzzUnity.Burst.CodeGen.BurstILPostProcessor
[1051/1063  0s] CopyFiles Library/ScriptAssemblies/BorderRepair.TwoNight.Runtime.dll
[1053/1063  0s] ILPostProcess Library/Bee/artifacts/1900b0aE.dag/post-processed/BorderRepair.TwoNight.Tests.PlayMode.dll (+pdb)
Processing assembly Library/Bee/artifacts/1900b0aE.dag/BorderRepair.TwoNight.Tests.PlayMode.dll, with 131 defines and 251 references

processors: Unity.Jobs.CodeGen.JobsILPostProcessor, zzzUnity.Burst.CodeGen.BurstILPostProcessor

running Unity.Jobs.CodeGen.JobsILPostProcessor

running zzzUnity.Burst.CodeGen.BurstILPostProcessor
[1054/1063  0s] CopyFiles Library/ScriptAssemblies/BorderRepair.TwoNight.Tests.PlayMode.pdb
[1055/1063  0s] CopyFiles Library/ScriptAssemblies/BorderRepair.TwoNight.Tests.PlayMode.dll
[1057/1063  0s] ILPostProcess Library/Bee/artifacts/1900b0aE.dag/post-processed/Assembly-CSharp.dll (+pdb)
Processing assembly Library/Bee/artifacts/1900b0aE.dag/Assembly-CSharp.dll, with 131 defines and 310 references

processors: Unity.Jobs.CodeGen.JobsILPostProcessor, zzzUnity.Burst.CodeGen.BurstILPostProcessor

running Unity.Jobs.CodeGen.JobsILPostProcessor

running zzzUnity.Burst.CodeGen.BurstILPostProcessor
[1058/1063  0s] ILPostProcess Library/Bee/artifacts/1900b0aE.dag/post-processed/Assembly-CSharp-Editor.dll (+pdb)
Processing assembly Library/Bee/artifacts/1900b0aE.dag/Assembly-CSharp-Editor.dll, with 129 defines and 331 references

processors: Unity.Jobs.CodeGen.JobsILPostProcessor, zzzUnity.Burst.CodeGen.BurstILPostProcessor

running Unity.Jobs.CodeGen.JobsILPostProcessor

running zzzUnity.Burst.CodeGen.BurstILPostProcessor
*** Tundra build success (2.79 seconds), 18 items updated, 1063 evaluated
AssetDatabase: script compilation time: 3.466583s
Begin MonoManager ReloadAssembly
- Loaded All Assemblies, in  1.292 seconds
Refreshing native plugins compatible for Editor in 1.75 ms, found 4 plugins.
Native extension for WindowsStandalone target not found
Refreshing native plugins compatible for Editor in 2.42 ms, found 4 plugins.
Mono: successfully reloaded assembly
- Finished resetting the current domain, in  4.001 seconds
Domain Reload Profiling: 5286ms
	BeginReloadAssembly (310ms)
		ExecutionOrderSort (0ms)
		DisableScriptedObjects (12ms)
		BackupInstance (0ms)
		ReleaseScriptingObjects (0ms)
		CreateAndSetChildDomain (144ms)
	RebuildCommonClasses (37ms)
	RebuildNativeTypeToScriptingClass (13ms)
	initialDomainReloadingComplete (31ms)
	LoadAllAssembliesAndSetupDomain (894ms)
		LoadAssemblies (687ms)
		RebuildTransferFunctionScriptingTraits (0ms)
		AnalyzeDomain (313ms)
			TypeCache.Refresh (207ms)
				TypeCache.ScanAssembly (192ms)
			BuildScriptInfoCaches (91ms)
			ResolveRequiredComponents (12ms)
	FinalizeReload (4002ms)
		ReleaseScriptCaches (0ms)
		RebuildScriptCaches (0ms)
		SetupLoadedEditorAssemblies (3601ms)
			LogAssemblyErrors (0ms)
			InitializePlatformSupportModulesInManaged (14ms)
			SetLoadedEditorAssemblies (4ms)
			BeforeProcessingInitializeOnLoad (151ms)
			ProcessInitializeOnLoadAttributes (3318ms)
			ProcessInitializeOnLoadMethodAttributes (103ms)
			AfterProcessingInitializeOnLoad (9ms)
			EditorAssembliesLoaded (1ms)
		ExecutionOrderSort2 (0ms)
		AwakeInstancesAfterBackupRestoration (19ms)
Refreshing native plugins compatible for Editor in 1.76 ms, found 4 plugins.
Preloading 0 native plugins for Editor in 0.00 ms.
Asset Pipeline Refresh (id=357783137f9f41a4888a2d90e73f0fd8): Total: 9.605 seconds - Initiated by InitialRefreshV2(ForceSynchronousImport)
	Summary:
		Imports: total=0 (actual=0, local cache=0, cache server=0)
		Asset DB Process Time: managed=0 ms, native=4497 ms
		Asset DB Callback time: managed=246 ms, native=38 ms
		Scripting: domain reloads=1, domain reload time=1292 ms, compile time=3468 ms, other=61 ms
		Project Asset Count: scripts=1446, non-scripts=2556
		Asset File Changes: new=0, changed=2, moved=0, deleted=0
		Scan Filter Count: 0
	InvokeCustomDependenciesCallbacks: 0.001ms
	InvokePackagesCallback: 34.810ms
	ApplyChangesToAssetFolders: 1.005ms
	Scan: 121.277ms
	OnSourceAssetsModified: 0.880ms
	CategorizeAssetsWithTransientArtifact: 63.845ms
	ProcessAssetsWithTransientArtifactChanges: 87.528ms
	CategorizeAssets: 52.485ms
	ImportOutOfDateAssets: 4015.280ms (544.104ms without children)
		CompileScripts: 3468.191ms
		ReloadNativeAssets: 0.040ms
		UnloadImportedAssets: 1.472ms
		EnsureUptoDateAssetsAreRegisteredWithGuidPM: 1.002ms
		InitializingProgressBar: 0.001ms
		PostProcessAllAssetNotificationsAddChangedAssets: 0.001ms
		OnDemandSchedulerStart: 0.469ms
	PostProcessAllAssets: 247.714ms
	Hotreload: 3.879ms
	GatherAllCurrentPrimaryArtifactRevisions: 0.001ms
	UnloadStreamsBegin: 0.497ms
	PersistCurrentRevisions: 0.146ms
	UnloadStreamsEnd: 0.001ms
	GenerateScriptTypeHashes: 3.099ms
	Untracked: 4975.962ms

Application.AssetDatabase Initial Refresh End
Scanning for USB devices : 6.428ms
Initializing Unity extensions:
[MODES] ModeService[none].Initialize
[MODES] ModeService[none].LoadModes
[MODES] Loading mode Default (0) for mode-current-id-BorderRepairStation
Unloading 47 Unused Serialized files (Serialized files now loaded: 0)
Unloading 6768 unused Assets / (9.5 MB). Loaded Objects now: 7416.
Memory consumption went from 200.6 MB to 191.1 MB.
Total: 12.812700 ms (FindLiveObjects: 0.520100 ms CreateObjectMapping: 0.552600 ms MarkObjects: 7.069800 ms  DeleteObjects: 4.668500 ms)

[Project] Loading completed in 12.432 seconds
	Project init time: 				12.055 seconds
		Template init time: 		0.000 seconds
		Package Manager init time: 		0.311 seconds
		Asset Database init time: 		0.217 seconds
		Global illumination init time: 	0.003 seconds
		Assemblies load time: 			0.852 seconds
		Unity extensions init time: 	0.009 seconds
		Asset Database refresh time: 	9.605 seconds
	Scene opening time: 			0.317 seconds
##utp:{"type":"ProjectInfo","version":2,"phase":"Immediate","time":1791468670400,"processId":34636,"projectLoad":12.4317273,"projectInit":12.0549017,"templateInit":0.0,"packageManagerInit":0.310668,"assetDatabaseInit":0.2168049,"globalIlluminationInit":0.0025509,"assembliesLoad":0.8522651,"unityExtensionsInit":0.0087629,"assetDatabaseRefresh":9.6054952,"sceneOpening":0.3169456}
##utp:{"type":"EditorInfo","version":2,"phase":"Immediate","time":1791468670400,"processId":34636,"editorVersion":"6000.0.84f1 (78ab6fc243d5)","branch":"6000.0/staging","buildType":"Release","platform":"Windows"}
Asset Pipeline Refresh (id=585a35eed30909b46a674b686d8ea6b2): Total: 0.047 seconds - Initiated by RefreshV2(NoUpdateAssetOptions)
Launched and connected shader compiler UnityShaderCompiler.exe after 0.02 seconds
Running tests for ExecutionSettings with details:
targetPlatform = 
playerHeartbeatTimeout = 600
filters[0] = 
   Filter with settings:
   testMode = PlayMode
   targetPlatform = 
   testNames = null
   groupNames = BorderRepair.TwoNight.Tests.UnifiedClinicInspectionTests, BorderRepair.TwoNight.Tests.UnifiedClinicFirstPersonTests, BorderRepair.TwoNight.Tests.UnifiedClinicPlayTests, BorderRepair.TwoNight.Tests.TwoNightUiTests
   categoryNames = null
   assemblyNames = null
ignoreTests = {}
featureFlags = null

UnityEngine.Debug:ExtractStackTraceNoAlloc (byte*,int,string)
UnityEngine.StackTraceUtility:ExtractStackTrace ()
UnityEngine.DebugLogHandler:Internal_Log (UnityEngine.LogType,UnityEngine.LogOption,string,UnityEngine.Object)
UnityEngine.DebugLogHandler:LogFormat (UnityEngine.LogType,UnityEngine.Object,string,object[])
UnityEngine.Logger:Log (UnityEngine.LogType,object)
UnityEngine.Debug:Log (object)
UnityEditor.TestTools.TestRunner.CommandLineTest.Executer:InitializeAndExecuteRun (string[]) (at ./Library/PackageCache/com.unity.test-framework@082c24152fd4/UnityEditor.TestRunner/CommandLineTest/Executer.cs:53)
UnityEditor.TestTools.TestRunner.CommandLineTest.TestStarter:InitializeAndExecuteRun () (at ./Library/PackageCache/com.unity.test-framework@082c24152fd4/UnityEditor.TestRunner/CommandLineTest/TestStarter.cs:64)
UnityEditor.EditorApplication:Internal_CallUpdateFunctions ()

(Filename: ./Library/PackageCache/com.unity.test-framework@082c24152fd4/UnityEditor.TestRunner/CommandLineTest/Executer.cs Line: 53)

[UnityConnectServicesConfig] config is NOT valid, switching to default
Created GICache directory at C:/Users/Administrator/AppData/LocalLow/Unity/Caches/GiCache. Took: 0.018s, timestamps: [12.455 - 12.473]
Unloading 3 Unused Serialized files (Serialized files now loaded: 0)
Unloading 4 unused Assets / (2.1 KB). Loaded Objects now: 7452.
Memory consumption went from 185.7 MB to 185.7 MB.
Total: 6.905500 ms (FindLiveObjects: 0.303600 ms CreateObjectMapping: 0.193600 ms MarkObjects: 6.320300 ms  DeleteObjects: 0.087300 ms)

Start importing Assets/InitTestScenea8e16f3e-42b7-4a28-a9cb-4b08de4293f1.unity using Guid(4a8af134c524a394eb7df46b2246f3be) (DefaultImporter) -> (artifact id: 'c6760ae0b2dd292470ccbfa0c40728ca') in 0.0064891 seconds
Refreshing native plugins compatible for Editor in 1.32 ms, found 4 plugins.
Preloading 0 native plugins for Editor in 0.00 ms.
Asset Pipeline Refresh (id=e1001d99f6ae60b4e816352a3758fbf6): Total: 0.052 seconds - Initiated by StopAssetImportingV2(NoUpdateAssetOptions)
Executing IPrebuildSetup for: Unity.PerformanceTesting.Editor.TestRunBuilder.
UnityEngine.Debug:ExtractStackTraceNoAlloc (byte*,int,string)
UnityEngine.StackTraceUtility:ExtractStackTrace ()
UnityEngine.DebugLogHandler:Internal_Log (UnityEngine.LogType,UnityEngine.LogOption,string,UnityEngine.Object)
UnityEngine.DebugLogHandler:LogFormat (UnityEngine.LogType,UnityEngine.Object,string,object[])
UnityEngine.Logger:Log (UnityEngine.LogType,object)
UnityEngine.Debug:Log (object)
UnityEditor.TestTools.TestRunner.TestRun.Tasks.BuildActionTaskBase`1/<ExecuteMethods>d__8<UnityEngine.TestTools.IPrebuildSetup>:MoveNext () (at ./Library/PackageCache/com.unity.test-framework@082c24152fd4/UnityEditor.TestRunner/TestRun/Tasks/BuildActionTaskBase.cs:48)
UnityEditor.TestTools.TestRunner.TestRun.Tasks.BuildActionTaskBase`1/<Execute>d__7<UnityEngine.TestTools.IPrebuildSetup>:MoveNext () (at ./Library/PackageCache/com.unity.test-framework@082c24152fd4/UnityEditor.TestRunner/TestRun/Tasks/BuildActionTaskBase.cs:34)
UnityEditor.TestTools.TestRunner.TestRun.TestJobRunner:ExecuteStep () (at ./Library/PackageCache/com.unity.test-framework@082c24152fd4/UnityEditor.TestRunner/TestRun/TestJobRunner.cs:173)
UnityEditor.TestTools.TestRunner.TestRun.TestJobRunner:ExecuteCallback () (at ./Library/PackageCache/com.unity.test-framework@082c24152fd4/UnityEditor.TestRunner/TestRun/TestJobRunner.cs:108)
UnityEditor.EditorApplication:Internal_CallUpdateFunctions ()

(Filename: ./Library/PackageCache/com.unity.test-framework@082c24152fd4/UnityEditor.TestRunner/TestRun/Tasks/BuildActionTaskBase.cs Line: 48)

Reloading assemblies for play mode.
Reloading assemblies after forced synchronous recompile.
Begin MonoManager ReloadAssembly
- Loaded All Assemblies, in  0.859 seconds
Refreshing native plugins compatible for Editor in 1.46 ms, found 4 plugins.
Native extension for WindowsStandalone target not found
Mono: successfully reloaded assembly
- Finished resetting the current domain, in  1.035 seconds
Domain Reload Profiling: 1892ms
	BeginReloadAssembly (550ms)
		ExecutionOrderSort (0ms)
		DisableScriptedObjects (33ms)
		BackupInstance (0ms)
		ReleaseScriptingObjects (0ms)
		CreateAndSetChildDomain (355ms)
	RebuildCommonClasses (31ms)
	RebuildNativeTypeToScriptingClass (13ms)
	initialDomainReloadingComplete (36ms)
	LoadAllAssembliesAndSetupDomain (226ms)
		LoadAssemblies (157ms)
		RebuildTransferFunctionScriptingTraits (0ms)
		AnalyzeDomain (176ms)
			TypeCache.Refresh (7ms)
				TypeCache.ScanAssembly (0ms)
			BuildScriptInfoCaches (154ms)
			ResolveRequiredComponents (10ms)
	FinalizeReload (1036ms)
		ReleaseScriptCaches (0ms)
		RebuildScriptCaches (0ms)
		SetupLoadedEditorAssemblies (783ms)
			LogAssemblyErrors (0ms)
			InitializePlatformSupportModulesInManaged (14ms)
			SetLoadedEditorAssemblies (3ms)
			BeforeProcessingInitializeOnLoad (131ms)
			ProcessInitializeOnLoadAttributes (431ms)
			ProcessInitializeOnLoadMethodAttributes (199ms)
			AfterProcessingInitializeOnLoad (5ms)
			EditorAssembliesLoaded (0ms)
		ExecutionOrderSort2 (0ms)
		AwakeInstancesAfterBackupRestoration (21ms)
Asset Pipeline Refresh (id=235f8ee3e60673c4caa16a4e5eec5eb3): Total: 2.033 seconds - Initiated by StopAssetImportingV2(ForceSynchronousImport | ForceDomainReload)
	Summary:
		Imports: total=0 (actual=0, local cache=0, cache server=0)
		Asset DB Process Time: managed=0 ms, native=1127 ms
		Asset DB Callback time: managed=23 ms, native=0 ms
		Scripting: domain reloads=1, domain reload time=880 ms, compile time=1 ms, other=0 ms
		Project Asset Count: scripts=1446, non-scripts=2557
		Asset File Changes: new=0, changed=0, moved=0, deleted=0
		Scan Filter Count: 0
	InvokeCustomDependenciesCallbacks: 0.001ms
	InvokePackagesCallback: 2.127ms
	ApplyChangesToAssetFolders: 0.347ms
	Scan: 0.000ms
	OnSourceAssetsModified: 0.002ms
	CategorizeAssetsWithTransientArtifact: 0.005ms
	ProcessAssetsWithTransientArtifactChanges: 3.664ms
	CategorizeAssets: 45.941ms
	ImportOutOfDateAssets: 1047.112ms (1040.580ms without children)
		CompileScripts: 1.264ms
		CollectScriptTypesHashes: 2.715ms
		ReloadNativeAssets: 1.238ms
		UnloadImportedAssets: 0.071ms
		EnsureUptoDateAssetsAreRegisteredWithGuidPM: 0.816ms
		InitializingProgressBar: 0.001ms
		PostProcessAllAssetNotificationsAddChangedAssets: 0.001ms
		OnDemandSchedulerStart: 0.427ms
	PostProcessAllAssets: 23.353ms
	GatherAllCurrentPrimaryArtifactRevisions: 0.295ms
	UnloadStreamsBegin: 0.083ms
	PersistCurrentRevisions: 0.144ms
	UnloadStreamsEnd: 0.002ms
	GenerateScriptTypeHashes: 4.577ms
	Untracked: 909.930ms

Loaded scene 'Temp/__Backupscenes/0.backup'
	Deserialize:            0.812 ms
	Integration:            459.931 ms
	Integration of assets:  0.003 ms
	Thread Wait Time:       0.034 ms
	Total Operation Time:   460.779 ms
[MODES] ModeService[none].Initialize
[MODES] ModeService[none].LoadModes
Unloading 91 Unused Serialized files (Serialized files now loaded: 0)
UnloadTime: 2.060500 ms
Loaded scene 'Assets/BorderRepair/Scenes/Slice/Unit07_Night.unity'
	Deserialize:            184.137 ms
	Integration:            320.025 ms
	Integration of assets:  40.561 ms
	Thread Wait Time:       3.153 ms
	Total Operation Time:   547.876 ms
Unloading 3483 unused Assets / (4.0 MB). Loaded Objects now: 10903.
Memory consumption went from 257.3 MB to 253.2 MB.
Total: 18.011700 ms (FindLiveObjects: 0.776800 ms CreateObjectMapping: 0.712000 ms MarkObjects: 14.062900 ms  DeleteObjects: 2.458800 ms)

Unloading 65 Unused Serialized files (Serialized files now loaded: 0)
UnloadTime: 10.394900 ms
Loaded scene 'Assets/BorderRepair/Scenes/UnifiedClinic/UnifiedClinic.unity'
	Deserialize:            152.307 ms
	Integration:            231.994 ms
	Integration of assets:  13.989 ms
	Thread Wait Time:       2.999 ms
	Total Operation Time:   401.289 ms
Unloading 5028 unused Assets / (2.7 MB). Loaded Objects now: 12715.
Memory consumption went from 262.3 MB to 259.6 MB.
Total: 21.131700 ms (FindLiveObjects: 1.157300 ms CreateObjectMapping: 0.485300 ms MarkObjects: 16.600900 ms  DeleteObjects: 2.886500 ms)

Unloading 16 Unused Serialized files (Serialized files now loaded: 0)
UnloadTime: 3.710100 ms
Loaded scene 'Assets/BorderRepair/Scenes/UnifiedClinic/UnifiedClinic.unity'
	Deserialize:            66.799 ms
	Integration:            226.667 ms
	Integration of assets:  7.605 ms
	Thread Wait Time:       4.832 ms
	Total Operation Time:   305.904 ms
Unloading 5029 unused Assets / (2.3 MB). Loaded Objects now: 12715.
Memory consumption went from 262.4 MB to 260.1 MB.
Total: 19.001100 ms (FindLiveObjects: 0.735600 ms CreateObjectMapping: 0.403500 ms MarkObjects: 16.011500 ms  DeleteObjects: 1.848900 ms)

Unloading 16 Unused Serialized files (Serialized files now loaded: 0)
UnloadTime: 2.528100 ms
Loaded scene 'Assets/BorderRepair/Scenes/UnifiedClinic/UnifiedClinic.unity'
	Deserialize:            71.609 ms
	Integration:            211.324 ms
	Integration of assets:  8.212 ms
	Thread Wait Time:       5.008 ms
	Total Operation Time:   296.152 ms
Unloading 5029 unused Assets / (2.4 MB). Loaded Objects now: 12715.
Memory consumption went from 262.5 MB to 260.1 MB.
Total: 17.859500 ms (FindLiveObjects: 0.793000 ms CreateObjectMapping: 0.400400 ms MarkObjects: 14.529300 ms  DeleteObjects: 2.135700 ms)

Unloading 16 Unused Serialized files (Serialized files now loaded: 0)
UnloadTime: 2.625700 ms
Loaded scene 'Assets/BorderRepair/Scenes/UnifiedClinic/UnifiedClinic.unity'
	Deserialize:            58.325 ms
	Integration:            193.735 ms
	Integration of assets:  7.162 ms
	Thread Wait Time:       2.788 ms
	Total Operation Time:   262.011 ms
Unloading 5029 unused Assets / (2.4 MB). Loaded Objects now: 12715.
Memory consumption went from 262.4 MB to 260.1 MB.
Total: 17.239000 ms (FindLiveObjects: 0.786900 ms CreateObjectMapping: 0.362800 ms MarkObjects: 14.148000 ms  DeleteObjects: 1.940000 ms)

Unloading 16 Unused Serialized files (Serialized files now loaded: 0)
UnloadTime: 2.983500 ms
Loaded scene 'Assets/BorderRepair/Scenes/UnifiedClinic/UnifiedClinic.unity'
	Deserialize:            58.530 ms
	Integration:            246.125 ms
	Integration of assets:  9.679 ms
	Thread Wait Time:       4.412 ms
	Total Operation Time:   318.746 ms
Unloading 5029 unused Assets / (2.3 MB). Loaded Objects now: 12731.
Memory consumption went from 264.8 MB to 262.5 MB.
Total: 17.542800 ms (FindLiveObjects: 0.770400 ms CreateObjectMapping: 0.359600 ms MarkObjects: 14.445800 ms  DeleteObjects: 1.965800 ms)

Unloading 16 Unused Serialized files (Serialized files now loaded: 0)
UnloadTime: 4.502100 ms
Loaded scene 'Assets/BorderRepair/Scenes/UnifiedClinic/UnifiedClinic.unity'
	Deserialize:            55.333 ms
	Integration:            196.929 ms
	Integration of assets:  7.905 ms
	Thread Wait Time:       3.923 ms
	Total Operation Time:   264.090 ms
Unloading 5029 unused Assets / (2.3 MB). Loaded Objects now: 12731.
Memory consumption went from 265.0 MB to 262.7 MB.
Total: 16.719400 ms (FindLiveObjects: 0.760300 ms CreateObjectMapping: 0.364000 ms MarkObjects: 13.344900 ms  DeleteObjects: 2.249100 ms)

Unloading 16 Unused Serialized files (Serialized files now loaded: 0)
UnloadTime: 3.157200 ms
Loaded scene 'Assets/BorderRepair/Scenes/UnifiedClinic/UnifiedClinic.unity'
	Deserialize:            54.784 ms
	Integration:            207.800 ms
	Integration of assets:  9.122 ms
	Thread Wait Time:       8.584 ms
	Total Operation Time:   280.290 ms
Unloading 5029 unused Assets / (2.0 MB). Loaded Objects now: 12731.
Memory consumption went from 265.0 MB to 263.0 MB.
Total: 20.181400 ms (FindLiveObjects: 0.715800 ms CreateObjectMapping: 0.674400 ms MarkObjects: 15.934900 ms  DeleteObjects: 2.854900 ms)

Unloading 16 Unused Serialized files (Serialized files now loaded: 0)
UnloadTime: 3.086100 ms
Loaded scene 'Assets/BorderRepair/Scenes/UnifiedClinic/UnifiedClinic.unity'
	Deserialize:            92.720 ms
	Integration:            224.152 ms
	Integration of assets:  9.433 ms
	Thread Wait Time:       5.685 ms
	Total Operation Time:   331.990 ms
Unloading 5029 unused Assets / (2.3 MB). Loaded Objects now: 12718.
Memory consumption went from 264.3 MB to 262.1 MB.
Total: 18.746900 ms (FindLiveObjects: 0.875200 ms CreateObjectMapping: 0.468300 ms MarkObjects: 15.500300 ms  DeleteObjects: 1.901700 ms)

[ClinicInspection] received: item pixels 13315, isolated pixels 13315, camera (0.00, 1.45, 29.40), look (0.00, 1.20, 30.00)
UnityEngine.Debug:ExtractStackTraceNoAlloc (byte*,int,string)
UnityEngine.StackTraceUtility:ExtractStackTrace ()
UnityEngine.DebugLogHandler:Internal_Log (UnityEngine.LogType,UnityEngine.LogOption,string,UnityEngine.Object)
UnityEngine.DebugLogHandler:LogFormat (UnityEngine.LogType,UnityEngine.Object,string,object[])
UnityEngine.Logger:Log (UnityEngine.LogType,object)
UnityEngine.Debug:Log (object)
BorderRepair.TwoNight.Tests.UnifiedClinicInspectionTests:AssertRenderedItemVisible (string) (at Assets/BorderRepair/Tests/TwoNight/PlayMode/UnifiedClinicInspectionTests.cs:310)
BorderRepair.TwoNight.Tests.UnifiedClinicInspectionTests/<ReceivedItem_IsActuallyVisible_DragScrollSpaceAndResetUseRealInput>d__35:MoveNext () (at Assets/BorderRepair/Tests/TwoNight/PlayMode/UnifiedClinicInspectionTests.cs:353)
UnityEngine.TestTools.TestEnumerator/<Execute>d__7:MoveNext () (at ./Library/PackageCache/com.unity.test-framework@082c24152fd4/UnityEngine.TestRunner/NUnitExtensions/Attributes/TestEnumerator.cs:44)
UnityEngine.TestTools.EnumerableTestMethodCommand/<ExecuteEnumerableAndRecordExceptions>d__4:MoveNext () (at ./Library/PackageCache/com.unity.test-framework@082c24152fd4/UnityEngine.TestRunner/NUnitExtensions/Commands/EnumerableTestMethodCommand.cs:79)
UnityEngine.TestTools.EnumerableTestMethodCommand:AdvanceEnumerator (System.Collections.IEnumerator) (at ./Library/PackageCache/com.unity.test-framework@082c24152fd4/UnityEngine.TestRunner/NUnitExtensions/Commands/EnumerableTestMethodCommand.cs:64)
UnityEngine.TestTools.EnumerableTestMethodCommand/<ExecuteEnumerable>d__2:MoveNext () (at ./Library/PackageCache/com.unity.test-framework@082c24152fd4/UnityEngine.TestRunner/NUnitExtensions/Commands/EnumerableTestMethodCommand.cs:47)
UnityEngine.TestRunner.NUnitExtensions.Runner.UnityLogCheckDelegatingCommand/<ExecuteEnumerable>d__3:MoveNext () (at ./Library/PackageCache/com.unity.test-framework@082c24152fd4/UnityEngine.TestRunner/NUnitExtensions/Runner/UnityLogCheckDelegatingCommand.cs:48)
UnityEngine.TestTools.BeforeAfterTestCommandBase`1/<ExecuteEnumerable>d__16<NUnit.Framework.ITestAction>:MoveNext () (at ./Library/PackageCache/com.unity.test-framework@082c24152fd4/UnityEngine.TestRunner/NUnitExtensions/Commands/BeforeAfterTestCommandBase.cs:212)
UnityEngine.TestTools.BeforeAfterTestCommandBase`1/<ExecuteEnumerable>d__16<System.Reflection.MethodInfo>:MoveNext () (at ./Library/PackageCache/com.unity.test-framework@082c24152fd4/UnityEngine.TestRunner/NUnitExtensions/Commands/BeforeAfterTestCommandBase.cs:212)
UnityEngine.TestTools.BeforeAfterTestCommandBase`1/<ExecuteEnumerable>d__16<System.Reflection.MethodInfo>:MoveNext () (at ./Library/PackageCache/com.unity.test-framework@082c24152fd4/UnityEngine.TestRunner/NUnitExtensions/Commands/BeforeAfterTestCommandBase.cs:212)
UnityEngine.TestTools.BeforeAfterTestCommandBase`1/<ExecuteEnumerable>d__16<UnityEngine.TestTools.IOuterUnityTestAction>:MoveNext () (at ./Library/PackageCache/com.unity.test-framework@082c24152fd4/UnityEngine.TestRunner/NUnitExtensions/Commands/BeforeAfterTestCommandBase.cs:212)
UnityEngine.TestTools.RetryCommand/<ExecuteEnumerable>d__2:MoveNext () (at ./Library/PackageCache/com.unity.test-framework@082c24152fd4/UnityEngine.TestRunner/NUnitExtensions/Commands/RetryCommand.cs:37)
UnityEngine.TestTools.RepeatCommand/<ExecuteEnumerable>d__2:MoveNext () (at ./Library/PackageCache/com.unity.test-framework@082c24152fd4/UnityEngine.TestRunner/NUnitExtensions/Commands/RepeatCommand.cs:36)
UnityEngine.TestTools.IgnoreTestCommand/<ExecuteEnumerable>d__3:MoveNext () (at ./Library/PackageCache/com.unity.test-framework@082c24152fd4/UnityEngine.TestRunner/NUnitExtensions/Commands/IgnoreTestCommand.cs:42)
UnityEngine.TestTools.StrictCheckCommand/<ExecuteEnumerable>d__2:MoveNext () (at ./Library/PackageCache/com.unity.test-framework@082c24152fd4/UnityEngine.TestRunner/NUnitExtensions/Commands/StrictCheckCommand.cs:29)
UnityEngine.TestTools.Utils.CoroutineRunner/<WrapEnumeratorForChecks>d__8:MoveNext () (at ./Library/PackageCache/com.unity.test-framework@082c24152fd4/UnityEngine.TestRunner/Utils/CoroutineRunner.cs:58)
UnityEngine.SetupCoroutine:InvokeMoveNext (System.Collections.IEnumerator,intptr)

(Filename: Assets/BorderRepair/Tests/TwoNight/PlayMode/UnifiedClinicInspectionTests.cs Line: 310)

[ClinicInspection] dragged: item pixels 14262, isolated pixels 14262, camera (0.00, 1.45, 29.40), look (0.00, 1.20, 30.00)
UnityEngine.Debug:ExtractStackTraceNoAlloc (byte*,int,string)
UnityEngine.StackTraceUtility:ExtractStackTrace ()
UnityEngine.DebugLogHandler:Internal_Log (UnityEngine.LogType,UnityEngine.LogOption,string,UnityEngine.Object)
UnityEngine.DebugLogHandler:LogFormat (UnityEngine.LogType,UnityEngine.Object,string,object[])
UnityEngine.Logger:Log (UnityEngine.LogType,object)
UnityEngine.Debug:Log (object)
BorderRepair.TwoNight.Tests.UnifiedClinicInspectionTests:AssertRenderedItemVisible (string) (at Assets/BorderRepair/Tests/TwoNight/PlayMode/UnifiedClinicInspectionTests.cs:310)
BorderRepair.TwoNight.Tests.UnifiedClinicInspectionTests/<ReceivedItem_IsActuallyVisible_DragScrollSpaceAndResetUseRealInput>d__35:MoveNext () (at Assets/BorderRepair/Tests/TwoNight/PlayMode/UnifiedClinicInspectionTests.cs:361)
UnityEngine.TestTools.TestEnumerator/<Execute>d__7:MoveNext () (at ./Library/PackageCache/com.unity.test-framework@082c24152fd4/UnityEngine.TestRunner/NUnitExtensions/Attributes/TestEnumerator.cs:44)
UnityEngine.TestTools.EnumerableTestMethodCommand/<ExecuteEnumerableAndRecordExceptions>d__4:MoveNext () (at ./Library/PackageCache/com.unity.test-framework@082c24152fd4/UnityEngine.TestRunner/NUnitExtensions/Commands/EnumerableTestMethodCommand.cs:79)
UnityEngine.TestTools.EnumerableTestMethodCommand:AdvanceEnumerator (System.Collections.IEnumerator) (at ./Library/PackageCache/com.unity.test-framework@082c24152fd4/UnityEngine.TestRunner/NUnitExtensions/Commands/EnumerableTestMethodCommand.cs:64)
UnityEngine.TestTools.EnumerableTestMethodCommand/<ExecuteEnumerable>d__2:MoveNext () (at ./Library/PackageCache/com.unity.test-framework@082c24152fd4/UnityEngine.TestRunner/NUnitExtensions/Commands/EnumerableTestMethodCommand.cs:47)
UnityEngine.TestRunner.NUnitExtensions.Runner.UnityLogCheckDelegatingCommand/<ExecuteEnumerable>d__3:MoveNext () (at ./Library/PackageCache/com.unity.test-framework@082c24152fd4/UnityEngine.TestRunner/NUnitExtensions/Runner/UnityLogCheckDelegatingCommand.cs:48)
UnityEngine.TestTools.BeforeAfterTestCommandBase`1/<ExecuteEnumerable>d__16<NUnit.Framework.ITestAction>:MoveNext () (at ./Library/PackageCache/com.unity.test-framework@082c24152fd4/UnityEngine.TestRunner/NUnitExtensions/Commands/BeforeAfterTestCommandBase.cs:212)
UnityEngine.TestTools.BeforeAfterTestCommandBase`1/<ExecuteEnumerable>d__16<System.Reflection.MethodInfo>:MoveNext () (at ./Library/PackageCache/com.unity.test-framework@082c24152fd4/UnityEngine.TestRunner/NUnitExtensions/Commands/BeforeAfterTestCommandBase.cs:212)
UnityEngine.TestTools.BeforeAfterTestCommandBase`1/<ExecuteEnumerable>d__16<System.Reflection.MethodInfo>:MoveNext () (at ./Library/PackageCache/com.unity.test-framework@082c24152fd4/UnityEngine.TestRunner/NUnitExtensions/Commands/BeforeAfterTestCommandBase.cs:212)
UnityEngine.TestTools.BeforeAfterTestCommandBase`1/<ExecuteEnumerable>d__16<UnityEngine.TestTools.IOuterUnityTestAction>:MoveNext () (at ./Library/PackageCache/com.unity.test-framework@082c24152fd4/UnityEngine.TestRunner/NUnitExtensions/Commands/BeforeAfterTestCommandBase.cs:212)
UnityEngine.TestTools.RetryCommand/<ExecuteEnumerable>d__2:MoveNext () (at ./Library/PackageCache/com.unity.test-framework@082c24152fd4/UnityEngine.TestRunner/NUnitExtensions/Commands/RetryCommand.cs:37)
UnityEngine.TestTools.RepeatCommand/<ExecuteEnumerable>d__2:MoveNext () (at ./Library/PackageCache/com.unity.test-framework@082c24152fd4/UnityEngine.TestRunner/NUnitExtensions/Commands/RepeatCommand.cs:36)
UnityEngine.TestTools.IgnoreTestCommand/<ExecuteEnumerable>d__3:MoveNext () (at ./Library/PackageCache/com.unity.test-framework@082c24152fd4/UnityEngine.TestRunner/NUnitExtensions/Commands/IgnoreTestCommand.cs:42)
UnityEngine.TestTools.StrictCheckCommand/<ExecuteEnumerable>d__2:MoveNext () (at ./Library/PackageCache/com.unity.test-framework@082c24152fd4/UnityEngine.TestRunner/NUnitExtensions/Commands/StrictCheckCommand.cs:29)
UnityEngine.TestTools.Utils.CoroutineRunner/<WrapEnumeratorForChecks>d__8:MoveNext () (at ./Library/PackageCache/com.unity.test-framework@082c24152fd4/UnityEngine.TestRunner/Utils/CoroutineRunner.cs:58)
UnityEngine.SetupCoroutine:InvokeMoveNext (System.Collections.IEnumerator,intptr)

(Filename: Assets/BorderRepair/Tests/TwoNight/PlayMode/UnifiedClinicInspectionTests.cs Line: 310)

[ClinicInspection] zoomed: item pixels 18367, isolated pixels 18367, camera (0.00, 1.42, 29.47), look (0.00, 1.20, 30.00)
UnityEngine.Debug:ExtractStackTraceNoAlloc (byte*,int,string)
UnityEngine.StackTraceUtility:ExtractStackTrace ()
UnityEngine.DebugLogHandler:Internal_Log (UnityEngine.LogType,UnityEngine.LogOption,string,UnityEngine.Object)
UnityEngine.DebugLogHandler:LogFormat (UnityEngine.LogType,UnityEngine.Object,string,object[])
UnityEngine.Logger:Log (UnityEngine.LogType,object)
UnityEngine.Debug:Log (object)
BorderRepair.TwoNight.Tests.UnifiedClinicInspectionTests:AssertRenderedItemVisible (string) (at Assets/BorderRepair/Tests/TwoNight/PlayMode/UnifiedClinicInspectionTests.cs:310)
BorderRepair.TwoNight.Tests.UnifiedClinicInspectionTests/<ReceivedItem_IsActuallyVisible_DragScrollSpaceAndResetUseRealInput>d__35:MoveNext () (at Assets/BorderRepair/Tests/TwoNight/PlayMode/UnifiedClinicInspectionTests.cs:371)
UnityEngine.TestTools.TestEnumerator/<Execute>d__7:MoveNext () (at ./Library/PackageCache/com.unity.test-framework@082c24152fd4/UnityEngine.TestRunner/NUnitExtensions/Attributes/TestEnumerator.cs:44)
UnityEngine.TestTools.EnumerableTestMethodCommand/<ExecuteEnumerableAndRecordExceptions>d__4:MoveNext () (at ./Library/PackageCache/com.unity.test-framework@082c24152fd4/UnityEngine.TestRunner/NUnitExtensions/Commands/EnumerableTestMethodCommand.cs:79)
UnityEngine.TestTools.EnumerableTestMethodCommand:AdvanceEnumerator (System.Collections.IEnumerator) (at ./Library/PackageCache/com.unity.test-framework@082c24152fd4/UnityEngine.TestRunner/NUnitExtensions/Commands/EnumerableTestMethodCommand.cs:64)
UnityEngine.TestTools.EnumerableTestMethodCommand/<ExecuteEnumerable>d__2:MoveNext () (at ./Library/PackageCache/com.unity.test-framework@082c24152fd4/UnityEngine.TestRunner/NUnitExtensions/Commands/EnumerableTestMethodCommand.cs:47)
UnityEngine.TestRunner.NUnitExtensions.Runner.UnityLogCheckDelegatingCommand/<ExecuteEnumerable>d__3:MoveNext () (at ./Library/PackageCache/com.unity.test-framework@082c24152fd4/UnityEngine.TestRunner/NUnitExtensions/Runner/UnityLogCheckDelegatingCommand.cs:48)
UnityEngine.TestTools.BeforeAfterTestCommandBase`1/<ExecuteEnumerable>d__16<NUnit.Framework.ITestAction>:MoveNext () (at ./Library/PackageCache/com.unity.test-framework@082c24152fd4/UnityEngine.TestRunner/NUnitExtensions/Commands/BeforeAfterTestCommandBase.cs:212)
UnityEngine.TestTools.BeforeAfterTestCommandBase`1/<ExecuteEnumerable>d__16<System.Reflection.MethodInfo>:MoveNext () (at ./Library/PackageCache/com.unity.test-framework@082c24152fd4/UnityEngine.TestRunner/NUnitExtensions/Commands/BeforeAfterTestCommandBase.cs:212)
UnityEngine.TestTools.BeforeAfterTestCommandBase`1/<ExecuteEnumerable>d__16<System.Reflection.MethodInfo>:MoveNext () (at ./Library/PackageCache/com.unity.test-framework@082c24152fd4/UnityEngine.TestRunner/NUnitExtensions/Commands/BeforeAfterTestCommandBase.cs:212)
UnityEngine.TestTools.BeforeAfterTestCommandBase`1/<ExecuteEnumerable>d__16<UnityEngine.TestTools.IOuterUnityTestAction>:MoveNext () (at ./Library/PackageCache/com.unity.test-framework@082c24152fd4/UnityEngine.TestRunner/NUnitExtensions/Commands/BeforeAfterTestCommandBase.cs:212)
UnityEngine.TestTools.RetryCommand/<ExecuteEnumerable>d__2:MoveNext () (at ./Library/PackageCache/com.unity.test-framework@082c24152fd4/UnityEngine.TestRunner/NUnitExtensions/Commands/RetryCommand.cs:37)
UnityEngine.TestTools.RepeatCommand/<ExecuteEnumerable>d__2:MoveNext () (at ./Library/PackageCache/com.unity.test-framework@082c24152fd4/UnityEngine.TestRunner/NUnitExtensions/Commands/RepeatCommand.cs:36)
UnityEngine.TestTools.IgnoreTestCommand/<ExecuteEnumerable>d__3:MoveNext () (at ./Library/PackageCache/com.unity.test-framework@082c24152fd4/UnityEngine.TestRunner/NUnitExtensions/Commands/IgnoreTestCommand.cs:42)
UnityEngine.TestTools.StrictCheckCommand/<ExecuteEnumerable>d__2:MoveNext () (at ./Library/PackageCache/com.unity.test-framework@082c24152fd4/UnityEngine.TestRunner/NUnitExtensions/Commands/StrictCheckCommand.cs:29)
UnityEngine.TestTools.Utils.CoroutineRunner/<WrapEnumeratorForChecks>d__8:MoveNext () (at ./Library/PackageCache/com.unity.test-framework@082c24152fd4/UnityEngine.TestRunner/Utils/CoroutineRunner.cs:58)
UnityEngine.SetupCoroutine:InvokeMoveNext (System.Collections.IEnumerator,intptr)

(Filename: Assets/BorderRepair/Tests/TwoNight/PlayMode/UnifiedClinicInspectionTests.cs Line: 310)

[ClinicInspection] reset: item pixels 13316, isolated pixels 13316, camera (0.00, 1.45, 29.40), look (0.00, 1.20, 30.00)
UnityEngine.Debug:ExtractStackTraceNoAlloc (byte*,int,string)
UnityEngine.StackTraceUtility:ExtractStackTrace ()
UnityEngine.DebugLogHandler:Internal_Log (UnityEngine.LogType,UnityEngine.LogOption,string,UnityEngine.Object)
UnityEngine.DebugLogHandler:LogFormat (UnityEngine.LogType,UnityEngine.Object,string,object[])
UnityEngine.Logger:Log (UnityEngine.LogType,object)
UnityEngine.Debug:Log (object)
BorderRepair.TwoNight.Tests.UnifiedClinicInspectionTests:AssertRenderedItemVisible (string) (at Assets/BorderRepair/Tests/TwoNight/PlayMode/UnifiedClinicInspectionTests.cs:310)
BorderRepair.TwoNight.Tests.UnifiedClinicInspectionTests/<ReceivedItem_IsActuallyVisible_DragScrollSpaceAndResetUseRealInput>d__35:MoveNext () (at Assets/BorderRepair/Tests/TwoNight/PlayMode/UnifiedClinicInspectionTests.cs:381)
UnityEngine.TestTools.TestEnumerator/<Execute>d__7:MoveNext () (at ./Library/PackageCache/com.unity.test-framework@082c24152fd4/UnityEngine.TestRunner/NUnitExtensions/Attributes/TestEnumerator.cs:44)
UnityEngine.TestTools.EnumerableTestMethodCommand/<ExecuteEnumerableAndRecordExceptions>d__4:MoveNext () (at ./Library/PackageCache/com.unity.test-framework@082c24152fd4/UnityEngine.TestRunner/NUnitExtensions/Commands/EnumerableTestMethodCommand.cs:79)
UnityEngine.TestTools.EnumerableTestMethodCommand:AdvanceEnumerator (System.Collections.IEnumerator) (at ./Library/PackageCache/com.unity.test-framework@082c24152fd4/UnityEngine.TestRunner/NUnitExtensions/Commands/EnumerableTestMethodCommand.cs:64)
UnityEngine.TestTools.EnumerableTestMethodCommand/<ExecuteEnumerable>d__2:MoveNext () (at ./Library/PackageCache/com.unity.test-framework@082c24152fd4/UnityEngine.TestRunner/NUnitExtensions/Commands/EnumerableTestMethodCommand.cs:47)
UnityEngine.TestRunner.NUnitExtensions.Runner.UnityLogCheckDelegatingCommand/<ExecuteEnumerable>d__3:MoveNext () (at ./Library/PackageCache/com.unity.test-framework@082c24152fd4/UnityEngine.TestRunner/NUnitExtensions/Runner/UnityLogCheckDelegatingCommand.cs:48)
UnityEngine.TestTools.BeforeAfterTestCommandBase`1/<ExecuteEnumerable>d__16<NUnit.Framework.ITestAction>:MoveNext () (at ./Library/PackageCache/com.unity.test-framework@082c24152fd4/UnityEngine.TestRunner/NUnitExtensions/Commands/BeforeAfterTestCommandBase.cs:212)
UnityEngine.TestTools.BeforeAfterTestCommandBase`1/<ExecuteEnumerable>d__16<System.Reflection.MethodInfo>:MoveNext () (at ./Library/PackageCache/com.unity.test-framework@082c24152fd4/UnityEngine.TestRunner/NUnitExtensions/Commands/BeforeAfterTestCommandBase.cs:212)
UnityEngine.TestTools.BeforeAfterTestCommandBase`1/<ExecuteEnumerable>d__16<System.Reflection.MethodInfo>:MoveNext () (at ./Library/PackageCache/com.unity.test-framework@082c24152fd4/UnityEngine.TestRunner/NUnitExtensions/Commands/BeforeAfterTestCommandBase.cs:212)
UnityEngine.TestTools.BeforeAfterTestCommandBase`1/<ExecuteEnumerable>d__16<UnityEngine.TestTools.IOuterUnityTestAction>:MoveNext () (at ./Library/PackageCache/com.unity.test-framework@082c24152fd4/UnityEngine.TestRunner/NUnitExtensions/Commands/BeforeAfterTestCommandBase.cs:212)
UnityEngine.TestTools.RetryCommand/<ExecuteEnumerable>d__2:MoveNext () (at ./Library/PackageCache/com.unity.test-framework@082c24152fd4/UnityEngine.TestRunner/NUnitExtensions/Commands/RetryCommand.cs:37)
UnityEngine.TestTools.RepeatCommand/<ExecuteEnumerable>d__2:MoveNext () (at ./Library/PackageCache/com.unity.test-framework@082c24152fd4/UnityEngine.TestRunner/NUnitExtensions/Commands/RepeatCommand.cs:36)
UnityEngine.TestTools.IgnoreTestCommand/<ExecuteEnumerable>d__3:MoveNext () (at ./Library/PackageCache/com.unity.test-framework@082c24152fd4/UnityEngine.TestRunner/NUnitExtensions/Commands/IgnoreTestCommand.cs:42)
UnityEngine.TestTools.StrictCheckCommand/<ExecuteEnumerable>d__2:MoveNext () (at ./Library/PackageCache/com.unity.test-framework@082c24152fd4/UnityEngine.TestRunner/NUnitExtensions/Commands/StrictCheckCommand.cs:29)
UnityEngine.TestTools.Utils.CoroutineRunner/<WrapEnumeratorForChecks>d__8:MoveNext () (at ./Library/PackageCache/com.unity.test-framework@082c24152fd4/UnityEngine.TestRunner/Utils/CoroutineRunner.cs:58)
UnityEngine.SetupCoroutine:InvokeMoveNext (System.Collections.IEnumerator,intptr)

(Filename: Assets/BorderRepair/Tests/TwoNight/PlayMode/UnifiedClinicInspectionTests.cs Line: 310)

Unloading 20 Unused Serialized files (Serialized files now loaded: 0)
UnloadTime: 2.808300 ms
Loaded scene 'Assets/BorderRepair/Scenes/UnifiedClinic/UnifiedClinic.unity'
	Deserialize:            60.433 ms
	Integration:            223.133 ms
	Integration of assets:  9.283 ms
	Thread Wait Time:       4.811 ms
	Total Operation Time:   297.659 ms
Unloading 5032 unused Assets / (2.4 MB). Loaded Objects now: 12859.
Memory consumption went from 281.9 MB to 279.5 MB.
Total: 29.921000 ms (FindLiveObjects: 1.838400 ms CreateObjectMapping: 1.005400 ms MarkObjects: 24.932500 ms  DeleteObjects: 2.142700 ms)

[ClinicInspection] before scanning: item pixels 13315, isolated pixels 13315, camera (0.00, 1.45, 29.40), look (0.00, 1.20, 30.00)
UnityEngine.Debug:ExtractStackTraceNoAlloc (byte*,int,string)
UnityEngine.StackTraceUtility:ExtractStackTrace ()
UnityEngine.DebugLogHandler:Internal_Log (UnityEngine.LogType,UnityEngine.LogOption,string,UnityEngine.Object)
UnityEngine.DebugLogHandler:LogFormat (UnityEngine.LogType,UnityEngine.Object,string,object[])
UnityEngine.Logger:Log (UnityEngine.LogType,object)
UnityEngine.Debug:Log (object)
BorderRepair.TwoNight.Tests.UnifiedClinicInspectionTests:AssertRenderedItemVisible (string) (at Assets/BorderRepair/Tests/TwoNight/PlayMode/UnifiedClinicInspectionTests.cs:310)
BorderRepair.TwoNight.Tests.UnifiedClinicInspectionTests/<RequiredPoints_ActualMouseScans_ThenActualDiagnosisButtons>d__38:MoveNext () (at Assets/BorderRepair/Tests/TwoNight/PlayMode/UnifiedClinicInspectionTests.cs:432)
UnityEngine.TestTools.TestEnumerator/<Execute>d__7:MoveNext () (at ./Library/PackageCache/com.unity.test-framework@082c24152fd4/UnityEngine.TestRunner/NUnitExtensions/Attributes/TestEnumerator.cs:44)
UnityEngine.TestTools.EnumerableTestMethodCommand/<ExecuteEnumerableAndRecordExceptions>d__4:MoveNext () (at ./Library/PackageCache/com.unity.test-framework@082c24152fd4/UnityEngine.TestRunner/NUnitExtensions/Commands/EnumerableTestMethodCommand.cs:79)
UnityEngine.TestTools.EnumerableTestMethodCommand:AdvanceEnumerator (System.Collections.IEnumerator) (at ./Library/PackageCache/com.unity.test-framework@082c24152fd4/UnityEngine.TestRunner/NUnitExtensions/Commands/EnumerableTestMethodCommand.cs:64)
UnityEngine.TestTools.EnumerableTestMethodCommand/<ExecuteEnumerable>d__2:MoveNext () (at ./Library/PackageCache/com.unity.test-framework@082c24152fd4/UnityEngine.TestRunner/NUnitExtensions/Commands/EnumerableTestMethodCommand.cs:47)
UnityEngine.TestRunner.NUnitExtensions.Runner.UnityLogCheckDelegatingCommand/<ExecuteEnumerable>d__3:MoveNext () (at ./Library/PackageCache/com.unity.test-framework@082c24152fd4/UnityEngine.TestRunner/NUnitExtensions/Runner/UnityLogCheckDelegatingCommand.cs:48)
UnityEngine.TestTools.BeforeAfterTestCommandBase`1/<ExecuteEnumerable>d__16<NUnit.Framework.ITestAction>:MoveNext () (at ./Library/PackageCache/com.unity.test-framework@082c24152fd4/UnityEngine.TestRunner/NUnitExtensions/Commands/BeforeAfterTestCommandBase.cs:212)
UnityEngine.TestTools.BeforeAfterTestCommandBase`1/<ExecuteEnumerable>d__16<System.Reflection.MethodInfo>:MoveNext () (at ./Library/PackageCache/com.unity.test-framework@082c24152fd4/UnityEngine.TestRunner/NUnitExtensions/Commands/BeforeAfterTestCommandBase.cs:212)
UnityEngine.TestTools.BeforeAfterTestCommandBase`1/<ExecuteEnumerable>d__16<System.Reflection.MethodInfo>:MoveNext () (at ./Library/PackageCache/com.unity.test-framework@082c24152fd4/UnityEngine.TestRunner/NUnitExtensions/Commands/BeforeAfterTestCommandBase.cs:212)
UnityEngine.TestTools.BeforeAfterTestCommandBase`1/<ExecuteEnumerable>d__16<UnityEngine.TestTools.IOuterUnityTestAction>:MoveNext () (at ./Library/PackageCache/com.unity.test-framework@082c24152fd4/UnityEngine.TestRunner/NUnitExtensions/Commands/BeforeAfterTestCommandBase.cs:212)
UnityEngine.TestTools.RetryCommand/<ExecuteEnumerable>d__2:MoveNext () (at ./Library/PackageCache/com.unity.test-framework@082c24152fd4/UnityEngine.TestRunner/NUnitExtensions/Commands/RetryCommand.cs:37)
UnityEngine.TestTools.RepeatCommand/<ExecuteEnumerable>d__2:MoveNext () (at ./Library/PackageCache/com.unity.test-framework@082c24152fd4/UnityEngine.TestRunner/NUnitExtensions/Commands/RepeatCommand.cs:36)
UnityEngine.TestTools.IgnoreTestCommand/<ExecuteEnumerable>d__3:MoveNext () (at ./Library/PackageCache/com.unity.test-framework@082c24152fd4/UnityEngine.TestRunner/NUnitExtensions/Commands/IgnoreTestCommand.cs:42)
UnityEngine.TestTools.StrictCheckCommand/<ExecuteEnumerable>d__2:MoveNext () (at ./Library/PackageCache/com.unity.test-framework@082c24152fd4/UnityEngine.TestRunner/NUnitExtensions/Commands/StrictCheckCommand.cs:29)
UnityEngine.TestTools.Utils.CoroutineRunner/<WrapEnumeratorForChecks>d__8:MoveNext () (at ./Library/PackageCache/com.unity.test-framework@082c24152fd4/UnityEngine.TestRunner/Utils/CoroutineRunner.cs:58)
UnityEngine.SetupCoroutine:InvokeMoveNext (System.Collections.IEnumerator,intptr)

(Filename: Assets/BorderRepair/Tests/TwoNight/PlayMode/UnifiedClinicInspectionTests.cs Line: 310)

[ClinicInspection] Real mouse scan: antenna at (351.42, 348.32)
UnityEngine.Debug:ExtractStackTraceNoAlloc (byte*,int,string)
UnityEngine.StackTraceUtility:ExtractStackTrace ()
UnityEngine.DebugLogHandler:Internal_Log (UnityEngine.LogType,UnityEngine.LogOption,string,UnityEngine.Object)
UnityEngine.DebugLogHandler:LogFormat (UnityEngine.LogType,UnityEngine.Object,string,object[])
UnityEngine.Logger:Log (UnityEngine.LogType,object)
UnityEngine.Debug:Log (object)
BorderRepair.TwoNight.Tests.UnifiedClinicInspectionTests/<ScanRequiredWithMouse>d__37:MoveNext () (at Assets/BorderRepair/Tests/TwoNight/PlayMode/UnifiedClinicInspectionTests.cs:423)
UnityEngine.TestTools.TestEnumerator/<Execute>d__7:MoveNext () (at ./Library/PackageCache/com.unity.test-framework@082c24152fd4/UnityEngine.TestRunner/NUnitExtensions/Attributes/TestEnumerator.cs:44)
UnityEngine.TestTools.EnumerableTestMethodCommand/<ExecuteEnumerableAndRecordExceptions>d__4:MoveNext () (at ./Library/PackageCache/com.unity.test-framework@082c24152fd4/UnityEngine.TestRunner/NUnitExtensions/Commands/EnumerableTestMethodCommand.cs:79)
UnityEngine.SetupCoroutine:InvokeMoveNext (System.Collections.IEnumerator,intptr)

(Filename: Assets/BorderRepair/Tests/TwoNight/PlayMode/UnifiedClinicInspectionTests.cs Line: 423)

[ClinicInspection] back from diagnosis: item pixels 13315, isolated pixels 13315, camera (0.00, 1.45, 29.40), look (0.00, 1.20, 30.00)
UnityEngine.Debug:ExtractStackTraceNoAlloc (byte*,int,string)
UnityEngine.StackTraceUtility:ExtractStackTrace ()
UnityEngine.DebugLogHandler:Internal_Log (UnityEngine.LogType,UnityEngine.LogOption,string,UnityEngine.Object)
UnityEngine.DebugLogHandler:LogFormat (UnityEngine.LogType,UnityEngine.Object,string,object[])
UnityEngine.Logger:Log (UnityEngine.LogType,object)
UnityEngine.Debug:Log (object)
BorderRepair.TwoNight.Tests.UnifiedClinicInspectionTests:AssertRenderedItemVisible (string) (at Assets/BorderRepair/Tests/TwoNight/PlayMode/UnifiedClinicInspectionTests.cs:310)
BorderRepair.TwoNight.Tests.UnifiedClinicInspectionTests/<RequiredPoints_ActualMouseScans_ThenActualDiagnosisButtons>d__38:MoveNext () (at Assets/BorderRepair/Tests/TwoNight/PlayMode/UnifiedClinicInspectionTests.cs:440)
UnityEngine.TestTools.TestEnumerator/<Execute>d__7:MoveNext () (at ./Library/PackageCache/com.unity.test-framework@082c24152fd4/UnityEngine.TestRunner/NUnitExtensions/Attributes/TestEnumerator.cs:44)
UnityEngine.TestTools.EnumerableTestMethodCommand/<ExecuteEnumerableAndRecordExceptions>d__4:MoveNext () (at ./Library/PackageCache/com.unity.test-framework@082c24152fd4/UnityEngine.TestRunner/NUnitExtensions/Commands/EnumerableTestMethodCommand.cs:79)
UnityEngine.TestTools.EnumerableTestMethodCommand:AdvanceEnumerator (System.Collections.IEnumerator) (at ./Library/PackageCache/com.unity.test-framework@082c24152fd4/UnityEngine.TestRunner/NUnitExtensions/Commands/EnumerableTestMethodCommand.cs:64)
UnityEngine.TestTools.EnumerableTestMethodCommand/<ExecuteEnumerable>d__2:MoveNext () (at ./Library/PackageCache/com.unity.test-framework@082c24152fd4/UnityEngine.TestRunner/NUnitExtensions/Commands/EnumerableTestMethodCommand.cs:47)
UnityEngine.TestRunner.NUnitExtensions.Runner.UnityLogCheckDelegatingCommand/<ExecuteEnumerable>d__3:MoveNext () (at ./Library/PackageCache/com.unity.test-framework@082c24152fd4/UnityEngine.TestRunner/NUnitExtensions/Runner/UnityLogCheckDelegatingCommand.cs:48)
UnityEngine.TestTools.BeforeAfterTestCommandBase`1/<ExecuteEnumerable>d__16<NUnit.Framework.ITestAction>:MoveNext () (at ./Library/PackageCache/com.unity.test-framework@082c24152fd4/UnityEngine.TestRunner/NUnitExtensions/Commands/BeforeAfterTestCommandBase.cs:212)
UnityEngine.TestTools.BeforeAfterTestCommandBase`1/<ExecuteEnumerable>d__16<System.Reflection.MethodInfo>:MoveNext () (at ./Library/PackageCache/com.unity.test-framework@082c24152fd4/UnityEngine.TestRunner/NUnitExtensions/Commands/BeforeAfterTestCommandBase.cs:212)
UnityEngine.TestTools.BeforeAfterTestCommandBase`1/<ExecuteEnumerable>d__16<System.Reflection.MethodInfo>:MoveNext () (at ./Library/PackageCache/com.unity.test-framework@082c24152fd4/UnityEngine.TestRunner/NUnitExtensions/Commands/BeforeAfterTestCommandBase.cs:212)
UnityEngine.TestTools.BeforeAfterTestCommandBase`1/<ExecuteEnumerable>d__16<UnityEngine.TestTools.IOuterUnityTestAction>:MoveNext () (at ./Library/PackageCache/com.unity.test-framework@082c24152fd4/UnityEngine.TestRunner/NUnitExtensions/Commands/BeforeAfterTestCommandBase.cs:212)
UnityEngine.TestTools.RetryCommand/<ExecuteEnumerable>d__2:MoveNext () (at ./Library/PackageCache/com.unity.test-framework@082c24152fd4/UnityEngine.TestRunner/NUnitExtensions/Commands/RetryCommand.cs:37)
UnityEngine.TestTools.RepeatCommand/<ExecuteEnumerable>d__2:MoveNext () (at ./Library/PackageCache/com.unity.test-framework@082c24152fd4/UnityEngine.TestRunner/NUnitExtensions/Commands/RepeatCommand.cs:36)
UnityEngine.TestTools.IgnoreTestCommand/<ExecuteEnumerable>d__3:MoveNext () (at ./Library/PackageCache/com.unity.test-framework@082c24152fd4/UnityEngine.TestRunner/NUnitExtensions/Commands/IgnoreTestCommand.cs:42)
UnityEngine.TestTools.StrictCheckCommand/<ExecuteEnumerable>d__2:MoveNext () (at ./Library/PackageCache/com.unity.test-framework@082c24152fd4/UnityEngine.TestRunner/NUnitExtensions/Commands/StrictCheckCommand.cs:29)
UnityEngine.TestTools.Utils.CoroutineRunner/<WrapEnumeratorForChecks>d__8:MoveNext () (at ./Library/PackageCache/com.unity.test-framework@082c24152fd4/UnityEngine.TestRunner/Utils/CoroutineRunner.cs:58)
UnityEngine.SetupCoroutine:InvokeMoveNext (System.Collections.IEnumerator,intptr)

(Filename: Assets/BorderRepair/Tests/TwoNight/PlayMode/UnifiedClinicInspectionTests.cs Line: 310)

Unloading 16 Unused Serialized files (Serialized files now loaded: 0)
UnloadTime: 7.745400 ms
Loaded scene 'Assets/BorderRepair/Scenes/UnifiedClinic/UnifiedClinic.unity'
	Deserialize:            57.835 ms
	Integration:            279.606 ms
	Integration of assets:  5.738 ms
	Thread Wait Time:       3.095 ms
	Total Operation Time:   346.274 ms
Unloading 5029 unused Assets / (2.3 MB). Loaded Objects now: 12859.
Memory consumption went from 282.1 MB to 279.8 MB.
Total: 21.747200 ms (FindLiveObjects: 1.277000 ms CreateObjectMapping: 0.591700 ms MarkObjects: 18.020900 ms  DeleteObjects: 1.856400 ms)

[ClinicInspection] before room return: item pixels 13315, isolated pixels 13315, camera (0.00, 1.45, 29.40), look (0.00, 1.20, 30.00)
UnityEngine.Debug:ExtractStackTraceNoAlloc (byte*,int,string)
UnityEngine.StackTraceUtility:ExtractStackTrace ()
UnityEngine.DebugLogHandler:Internal_Log (UnityEngine.LogType,UnityEngine.LogOption,string,UnityEngine.Object)
UnityEngine.DebugLogHandler:LogFormat (UnityEngine.LogType,UnityEngine.Object,string,object[])
UnityEngine.Logger:Log (UnityEngine.LogType,object)
UnityEngine.Debug:Log (object)
BorderRepair.TwoNight.Tests.UnifiedClinicInspectionTests:AssertRenderedItemVisible (string) (at Assets/BorderRepair/Tests/TwoNight/PlayMode/UnifiedClinicInspectionTests.cs:310)
BorderRepair.TwoNight.Tests.UnifiedClinicInspectionTests/<ReturnRoom_AndReopenInspection_PreserveVisibleItemAndRealScanFindings>d__39:MoveNext () (at Assets/BorderRepair/Tests/TwoNight/PlayMode/UnifiedClinicInspectionTests.cs:453)
UnityEngine.TestTools.TestEnumerator/<Execute>d__7:MoveNext () (at ./Library/PackageCache/com.unity.test-framework@082c24152fd4/UnityEngine.TestRunner/NUnitExtensions/Attributes/TestEnumerator.cs:44)
UnityEngine.TestTools.EnumerableTestMethodCommand/<ExecuteEnumerableAndRecordExceptions>d__4:MoveNext () (at ./Library/PackageCache/com.unity.test-framework@082c24152fd4/UnityEngine.TestRunner/NUnitExtensions/Commands/EnumerableTestMethodCommand.cs:79)
UnityEngine.TestTools.EnumerableTestMethodCommand:AdvanceEnumerator (System.Collections.IEnumerator) (at ./Library/PackageCache/com.unity.test-framework@082c24152fd4/UnityEngine.TestRunner/NUnitExtensions/Commands/EnumerableTestMethodCommand.cs:64)
UnityEngine.TestTools.EnumerableTestMethodCommand/<ExecuteEnumerable>d__2:MoveNext () (at ./Library/PackageCache/com.unity.test-framework@082c24152fd4/UnityEngine.TestRunner/NUnitExtensions/Commands/EnumerableTestMethodCommand.cs:47)
UnityEngine.TestRunner.NUnitExtensions.Runner.UnityLogCheckDelegatingCommand/<ExecuteEnumerable>d__3:MoveNext () (at ./Library/PackageCache/com.unity.test-framework@082c24152fd4/UnityEngine.TestRunner/NUnitExtensions/Runner/UnityLogCheckDelegatingCommand.cs:48)
UnityEngine.TestTools.BeforeAfterTestCommandBase`1/<ExecuteEnumerable>d__16<NUnit.Framework.ITestAction>:MoveNext () (at ./Library/PackageCache/com.unity.test-framework@082c24152fd4/UnityEngine.TestRunner/NUnitExtensions/Commands/BeforeAfterTestCommandBase.cs:212)
UnityEngine.TestTools.BeforeAfterTestCommandBase`1/<ExecuteEnumerable>d__16<System.Reflection.MethodInfo>:MoveNext () (at ./Library/PackageCache/com.unity.test-framework@082c24152fd4/UnityEngine.TestRunner/NUnitExtensions/Commands/BeforeAfterTestCommandBase.cs:212)
UnityEngine.TestTools.BeforeAfterTestCommandBase`1/<ExecuteEnumerable>d__16<System.Reflection.MethodInfo>:MoveNext () (at ./Library/PackageCache/com.unity.test-framework@082c24152fd4/UnityEngine.TestRunner/NUnitExtensions/Commands/BeforeAfterTestCommandBase.cs:212)
UnityEngine.TestTools.BeforeAfterTestCommandBase`1/<ExecuteEnumerable>d__16<UnityEngine.TestTools.IOuterUnityTestAction>:MoveNext () (at ./Library/PackageCache/com.unity.test-framework@082c24152fd4/UnityEngine.TestRunner/NUnitExtensions/Commands/BeforeAfterTestCommandBase.cs:212)
UnityEngine.TestTools.RetryCommand/<ExecuteEnumerable>d__2:MoveNext () (at ./Library/PackageCache/com.unity.test-framework@082c24152fd4/UnityEngine.TestRunner/NUnitExtensions/Commands/RetryCommand.cs:37)
UnityEngine.TestTools.RepeatCommand/<ExecuteEnumerable>d__2:MoveNext () (at ./Library/PackageCache/com.unity.test-framework@082c24152fd4/UnityEngine.TestRunner/NUnitExtensions/Commands/RepeatCommand.cs:36)
UnityEngine.TestTools.IgnoreTestCommand/<ExecuteEnumerable>d__3:MoveNext () (at ./Library/PackageCache/com.unity.test-framework@082c24152fd4/UnityEngine.TestRunner/NUnitExtensions/Commands/IgnoreTestCommand.cs:42)
UnityEngine.TestTools.StrictCheckCommand/<ExecuteEnumerable>d__2:MoveNext () (at ./Library/PackageCache/com.unity.test-framework@082c24152fd4/UnityEngine.TestRunner/NUnitExtensions/Commands/StrictCheckCommand.cs:29)
UnityEngine.TestTools.Utils.CoroutineRunner/<WrapEnumeratorForChecks>d__8:MoveNext () (at ./Library/PackageCache/com.unity.test-framework@082c24152fd4/UnityEngine.TestRunner/Utils/CoroutineRunner.cs:58)
UnityEngine.SetupCoroutine:InvokeMoveNext (System.Collections.IEnumerator,intptr)

(Filename: Assets/BorderRepair/Tests/TwoNight/PlayMode/UnifiedClinicInspectionTests.cs Line: 310)

[ClinicInspection] Real mouse scan: antenna at (351.42, 348.32)
UnityEngine.Debug:ExtractStackTraceNoAlloc (byte*,int,string)
UnityEngine.StackTraceUtility:ExtractStackTrace ()
UnityEngine.DebugLogHandler:Internal_Log (UnityEngine.LogType,UnityEngine.LogOption,string,UnityEngine.Object)
UnityEngine.DebugLogHandler:LogFormat (UnityEngine.LogType,UnityEngine.Object,string,object[])
UnityEngine.Logger:Log (UnityEngine.LogType,object)
UnityEngine.Debug:Log (object)
BorderRepair.TwoNight.Tests.UnifiedClinicInspectionTests/<ScanRequiredWithMouse>d__37:MoveNext () (at Assets/BorderRepair/Tests/TwoNight/PlayMode/UnifiedClinicInspectionTests.cs:423)
UnityEngine.TestTools.TestEnumerator/<Execute>d__7:MoveNext () (at ./Library/PackageCache/com.unity.test-framework@082c24152fd4/UnityEngine.TestRunner/NUnitExtensions/Attributes/TestEnumerator.cs:44)
UnityEngine.TestTools.EnumerableTestMethodCommand/<ExecuteEnumerableAndRecordExceptions>d__4:MoveNext () (at ./Library/PackageCache/com.unity.test-framework@082c24152fd4/UnityEngine.TestRunner/NUnitExtensions/Commands/EnumerableTestMethodCommand.cs:79)
UnityEngine.SetupCoroutine:InvokeMoveNext (System.Collections.IEnumerator,intptr)

(Filename: Assets/BorderRepair/Tests/TwoNight/PlayMode/UnifiedClinicInspectionTests.cs Line: 423)

[ClinicInspection] reopened: item pixels 13315, isolated pixels 13315, camera (0.00, 1.45, 29.40), look (0.00, 1.20, 30.00)
UnityEngine.Debug:ExtractStackTraceNoAlloc (byte*,int,string)
UnityEngine.StackTraceUtility:ExtractStackTrace ()
UnityEngine.DebugLogHandler:Internal_Log (UnityEngine.LogType,UnityEngine.LogOption,string,UnityEngine.Object)
UnityEngine.DebugLogHandler:LogFormat (UnityEngine.LogType,UnityEngine.Object,string,object[])
UnityEngine.Logger:Log (UnityEngine.LogType,object)
UnityEngine.Debug:Log (object)
BorderRepair.TwoNight.Tests.UnifiedClinicInspectionTests:AssertRenderedItemVisible (string) (at Assets/BorderRepair/Tests/TwoNight/PlayMode/UnifiedClinicInspectionTests.cs:310)
BorderRepair.TwoNight.Tests.UnifiedClinicInspectionTests/<ReturnRoom_AndReopenInspection_PreserveVisibleItemAndRealScanFindings>d__39:MoveNext () (at Assets/BorderRepair/Tests/TwoNight/PlayMode/UnifiedClinicInspectionTests.cs:479)
UnityEngine.TestTools.TestEnumerator/<Execute>d__7:MoveNext () (at ./Library/PackageCache/com.unity.test-framework@082c24152fd4/UnityEngine.TestRunner/NUnitExtensions/Attributes/TestEnumerator.cs:44)
UnityEngine.TestTools.EnumerableTestMethodCommand/<ExecuteEnumerableAndRecordExceptions>d__4:MoveNext () (at ./Library/PackageCache/com.unity.test-framework@082c24152fd4/UnityEngine.TestRunner/NUnitExtensions/Commands/EnumerableTestMethodCommand.cs:79)
UnityEngine.TestTools.EnumerableTestMethodCommand:AdvanceEnumerator (System.Collections.IEnumerator) (at ./Library/PackageCache/com.unity.test-framework@082c24152fd4/UnityEngine.TestRunner/NUnitExtensions/Commands/EnumerableTestMethodCommand.cs:64)
UnityEngine.TestTools.EnumerableTestMethodCommand/<ExecuteEnumerable>d__2:MoveNext () (at ./Library/PackageCache/com.unity.test-framework@082c24152fd4/UnityEngine.TestRunner/NUnitExtensions/Commands/EnumerableTestMethodCommand.cs:47)
UnityEngine.TestRunner.NUnitExtensions.Runner.UnityLogCheckDelegatingCommand/<ExecuteEnumerable>d__3:MoveNext () (at ./Library/PackageCache/com.unity.test-framework@082c24152fd4/UnityEngine.TestRunner/NUnitExtensions/Runner/UnityLogCheckDelegatingCommand.cs:48)
UnityEngine.TestTools.BeforeAfterTestCommandBase`1/<ExecuteEnumerable>d__16<NUnit.Framework.ITestAction>:MoveNext () (at ./Library/PackageCache/com.unity.test-framework@082c24152fd4/UnityEngine.TestRunner/NUnitExtensions/Commands/BeforeAfterTestCommandBase.cs:212)
UnityEngine.TestTools.BeforeAfterTestCommandBase`1/<ExecuteEnumerable>d__16<System.Reflection.MethodInfo>:MoveNext () (at ./Library/PackageCache/com.unity.test-framework@082c24152fd4/UnityEngine.TestRunner/NUnitExtensions/Commands/BeforeAfterTestCommandBase.cs:212)
UnityEngine.TestTools.BeforeAfterTestCommandBase`1/<ExecuteEnumerable>d__16<System.Reflection.MethodInfo>:MoveNext () (at ./Library/PackageCache/com.unity.test-framework@082c24152fd4/UnityEngine.TestRunner/NUnitExtensions/Commands/BeforeAfterTestCommandBase.cs:212)
UnityEngine.TestTools.BeforeAfterTestCommandBase`1/<ExecuteEnumerable>d__16<UnityEngine.TestTools.IOuterUnityTestAction>:MoveNext () (at ./Library/PackageCache/com.unity.test-framework@082c24152fd4/UnityEngine.TestRunner/NUnitExtensions/Commands/BeforeAfterTestCommandBase.cs:212)
UnityEngine.TestTools.RetryCommand/<ExecuteEnumerable>d__2:MoveNext () (at ./Library/PackageCache/com.unity.test-framework@082c24152fd4/UnityEngine.TestRunner/NUnitExtensions/Commands/RetryCommand.cs:37)
UnityEngine.TestTools.RepeatCommand/<ExecuteEnumerable>d__2:MoveNext () (at ./Library/PackageCache/com.unity.test-framework@082c24152fd4/UnityEngine.TestRunner/NUnitExtensions/Commands/RepeatCommand.cs:36)
UnityEngine.TestTools.IgnoreTestCommand/<ExecuteEnumerable>d__3:MoveNext () (at ./Library/PackageCache/com.unity.test-framework@082c24152fd4/UnityEngine.TestRunner/NUnitExtensions/Commands/IgnoreTestCommand.cs:42)
UnityEngine.TestTools.StrictCheckCommand/<ExecuteEnumerable>d__2:MoveNext () (at ./Library/PackageCache/com.unity.test-framework@082c24152fd4/UnityEngine.TestRunner/NUnitExtensions/Commands/StrictCheckCommand.cs:29)
UnityEngine.TestTools.Utils.CoroutineRunner/<WrapEnumeratorForChecks>d__8:MoveNext () (at ./Library/PackageCache/com.unity.test-framework@082c24152fd4/UnityEngine.TestRunner/Utils/CoroutineRunner.cs:58)
UnityEngine.SetupCoroutine:InvokeMoveNext (System.Collections.IEnumerator,intptr)

(Filename: Assets/BorderRepair/Tests/TwoNight/PlayMode/UnifiedClinicInspectionTests.cs Line: 310)

[ClinicInspection] reopened and dragged: item pixels 14056, isolated pixels 14056, camera (0.00, 1.45, 29.40), look (0.00, 1.20, 30.00)
UnityEngine.Debug:ExtractStackTraceNoAlloc (byte*,int,string)
UnityEngine.StackTraceUtility:ExtractStackTrace ()
UnityEngine.DebugLogHandler:Internal_Log (UnityEngine.LogType,UnityEngine.LogOption,string,UnityEngine.Object)
UnityEngine.DebugLogHandler:LogFormat (UnityEngine.LogType,UnityEngine.Object,string,object[])
UnityEngine.Logger:Log (UnityEngine.LogType,object)
UnityEngine.Debug:Log (object)
BorderRepair.TwoNight.Tests.UnifiedClinicInspectionTests:AssertRenderedItemVisible (string) (at Assets/BorderRepair/Tests/TwoNight/PlayMode/UnifiedClinicInspectionTests.cs:310)
BorderRepair.TwoNight.Tests.UnifiedClinicInspectionTests/<ReturnRoom_AndReopenInspection_PreserveVisibleItemAndRealScanFindings>d__39:MoveNext () (at Assets/BorderRepair/Tests/TwoNight/PlayMode/UnifiedClinicInspectionTests.cs:481)
UnityEngine.TestTools.TestEnumerator/<Execute>d__7:MoveNext () (at ./Library/PackageCache/com.unity.test-framework@082c24152fd4/UnityEngine.TestRunner/NUnitExtensions/Attributes/TestEnumerator.cs:44)
UnityEngine.TestTools.EnumerableTestMethodCommand/<ExecuteEnumerableAndRecordExceptions>d__4:MoveNext () (at ./Library/PackageCache/com.unity.test-framework@082c24152fd4/UnityEngine.TestRunner/NUnitExtensions/Commands/EnumerableTestMethodCommand.cs:79)
UnityEngine.TestTools.EnumerableTestMethodCommand:AdvanceEnumerator (System.Collections.IEnumerator) (at ./Library/PackageCache/com.unity.test-framework@082c24152fd4/UnityEngine.TestRunner/NUnitExtensions/Commands/EnumerableTestMethodCommand.cs:64)
UnityEngine.TestTools.EnumerableTestMethodCommand/<ExecuteEnumerable>d__2:MoveNext () (at ./Library/PackageCache/com.unity.test-framework@082c24152fd4/UnityEngine.TestRunner/NUnitExtensions/Commands/EnumerableTestMethodCommand.cs:47)
UnityEngine.TestRunner.NUnitExtensions.Runner.UnityLogCheckDelegatingCommand/<ExecuteEnumerable>d__3:MoveNext () (at ./Library/PackageCache/com.unity.test-framework@082c24152fd4/UnityEngine.TestRunner/NUnitExtensions/Runner/UnityLogCheckDelegatingCommand.cs:48)
UnityEngine.TestTools.BeforeAfterTestCommandBase`1/<ExecuteEnumerable>d__16<NUnit.Framework.ITestAction>:MoveNext () (at ./Library/PackageCache/com.unity.test-framework@082c24152fd4/UnityEngine.TestRunner/NUnitExtensions/Commands/BeforeAfterTestCommandBase.cs:212)
UnityEngine.TestTools.BeforeAfterTestCommandBase`1/<ExecuteEnumerable>d__16<System.Reflection.MethodInfo>:MoveNext () (at ./Library/PackageCache/com.unity.test-framework@082c24152fd4/UnityEngine.TestRunner/NUnitExtensions/Commands/BeforeAfterTestCommandBase.cs:212)
UnityEngine.TestTools.BeforeAfterTestCommandBase`1/<ExecuteEnumerable>d__16<System.Reflection.MethodInfo>:MoveNext () (at ./Library/PackageCache/com.unity.test-framework@082c24152fd4/UnityEngine.TestRunner/NUnitExtensions/Commands/BeforeAfterTestCommandBase.cs:212)
UnityEngine.TestTools.BeforeAfterTestCommandBase`1/<ExecuteEnumerable>d__16<UnityEngine.TestTools.IOuterUnityTestAction>:MoveNext () (at ./Library/PackageCache/com.unity.test-framework@082c24152fd4/UnityEngine.TestRunner/NUnitExtensions/Commands/BeforeAfterTestCommandBase.cs:212)
UnityEngine.TestTools.RetryCommand/<ExecuteEnumerable>d__2:MoveNext () (at ./Library/PackageCache/com.unity.test-framework@082c24152fd4/UnityEngine.TestRunner/NUnitExtensions/Commands/RetryCommand.cs:37)
UnityEngine.TestTools.RepeatCommand/<ExecuteEnumerable>d__2:MoveNext () (at ./Library/PackageCache/com.unity.test-framework@082c24152fd4/UnityEngine.TestRunner/NUnitExtensions/Commands/RepeatCommand.cs:36)
UnityEngine.TestTools.IgnoreTestCommand/<ExecuteEnumerable>d__3:MoveNext () (at ./Library/PackageCache/com.unity.test-framework@082c24152fd4/UnityEngine.TestRunner/NUnitExtensions/Commands/IgnoreTestCommand.cs:42)
UnityEngine.TestTools.StrictCheckCommand/<ExecuteEnumerable>d__2:MoveNext () (at ./Library/PackageCache/com.unity.test-framework@082c24152fd4/UnityEngine.TestRunner/NUnitExtensions/Commands/StrictCheckCommand.cs:29)
UnityEngine.TestTools.Utils.CoroutineRunner/<WrapEnumeratorForChecks>d__8:MoveNext () (at ./Library/PackageCache/com.unity.test-framework@082c24152fd4/UnityEngine.TestRunner/Utils/CoroutineRunner.cs:58)
UnityEngine.SetupCoroutine:InvokeMoveNext (System.Collections.IEnumerator,intptr)

(Filename: Assets/BorderRepair/Tests/TwoNight/PlayMode/UnifiedClinicInspectionTests.cs Line: 310)

[ClinicInspection] reopened and reset: item pixels 13315, isolated pixels 13315, camera (0.00, 1.45, 29.40), look (0.00, 1.20, 30.00)
UnityEngine.Debug:ExtractStackTraceNoAlloc (byte*,int,string)
UnityEngine.StackTraceUtility:ExtractStackTrace ()
UnityEngine.DebugLogHandler:Internal_Log (UnityEngine.LogType,UnityEngine.LogOption,string,UnityEngine.Object)
UnityEngine.DebugLogHandler:LogFormat (UnityEngine.LogType,UnityEngine.Object,string,object[])
UnityEngine.Logger:Log (UnityEngine.LogType,object)
UnityEngine.Debug:Log (object)
BorderRepair.TwoNight.Tests.UnifiedClinicInspectionTests:AssertRenderedItemVisible (string) (at Assets/BorderRepair/Tests/TwoNight/PlayMode/UnifiedClinicInspectionTests.cs:310)
BorderRepair.TwoNight.Tests.UnifiedClinicInspectionTests/<ReturnRoom_AndReopenInspection_PreserveVisibleItemAndRealScanFindings>d__39:MoveNext () (at Assets/BorderRepair/Tests/TwoNight/PlayMode/UnifiedClinicInspectionTests.cs:484)
UnityEngine.TestTools.TestEnumerator/<Execute>d__7:MoveNext () (at ./Library/PackageCache/com.unity.test-framework@082c24152fd4/UnityEngine.TestRunner/NUnitExtensions/Attributes/TestEnumerator.cs:44)
UnityEngine.TestTools.EnumerableTestMethodCommand/<ExecuteEnumerableAndRecordExceptions>d__4:MoveNext () (at ./Library/PackageCache/com.unity.test-framework@082c24152fd4/UnityEngine.TestRunner/NUnitExtensions/Commands/EnumerableTestMethodCommand.cs:79)
UnityEngine.TestTools.EnumerableTestMethodCommand:AdvanceEnumerator (System.Collections.IEnumerator) (at ./Library/PackageCache/com.unity.test-framework@082c24152fd4/UnityEngine.TestRunner/NUnitExtensions/Commands/EnumerableTestMethodCommand.cs:64)
UnityEngine.TestTools.EnumerableTestMethodCommand/<ExecuteEnumerable>d__2:MoveNext () (at ./Library/PackageCache/com.unity.test-framework@082c24152fd4/UnityEngine.TestRunner/NUnitExtensions/Commands/EnumerableTestMethodCommand.cs:47)
UnityEngine.TestRunner.NUnitExtensions.Runner.UnityLogCheckDelegatingCommand/<ExecuteEnumerable>d__3:MoveNext () (at ./Library/PackageCache/com.unity.test-framework@082c24152fd4/UnityEngine.TestRunner/NUnitExtensions/Runner/UnityLogCheckDelegatingCommand.cs:48)
UnityEngine.TestTools.BeforeAfterTestCommandBase`1/<ExecuteEnumerable>d__16<NUnit.Framework.ITestAction>:MoveNext () (at ./Library/PackageCache/com.unity.test-framework@082c24152fd4/UnityEngine.TestRunner/NUnitExtensions/Commands/BeforeAfterTestCommandBase.cs:212)
UnityEngine.TestTools.BeforeAfterTestCommandBase`1/<ExecuteEnumerable>d__16<System.Reflection.MethodInfo>:MoveNext () (at ./Library/PackageCache/com.unity.test-framework@082c24152fd4/UnityEngine.TestRunner/NUnitExtensions/Commands/BeforeAfterTestCommandBase.cs:212)
UnityEngine.TestTools.BeforeAfterTestCommandBase`1/<ExecuteEnumerable>d__16<System.Reflection.MethodInfo>:MoveNext () (at ./Library/PackageCache/com.unity.test-framework@082c24152fd4/UnityEngine.TestRunner/NUnitExtensions/Commands/BeforeAfterTestCommandBase.cs:212)
UnityEngine.TestTools.BeforeAfterTestCommandBase`1/<ExecuteEnumerable>d__16<UnityEngine.TestTools.IOuterUnityTestAction>:MoveNext () (at ./Library/PackageCache/com.unity.test-framework@082c24152fd4/UnityEngine.TestRunner/NUnitExtensions/Commands/BeforeAfterTestCommandBase.cs:212)
UnityEngine.TestTools.RetryCommand/<ExecuteEnumerable>d__2:MoveNext () (at ./Library/PackageCache/com.unity.test-framework@082c24152fd4/UnityEngine.TestRunner/NUnitExtensions/Commands/RetryCommand.cs:37)
UnityEngine.TestTools.RepeatCommand/<ExecuteEnumerable>d__2:MoveNext () (at ./Library/PackageCache/com.unity.test-framework@082c24152fd4/UnityEngine.TestRunner/NUnitExtensions/Commands/RepeatCommand.cs:36)
UnityEngine.TestTools.IgnoreTestCommand/<ExecuteEnumerable>d__3:MoveNext () (at ./Library/PackageCache/com.unity.test-framework@082c24152fd4/UnityEngine.TestRunner/NUnitExtensions/Commands/IgnoreTestCommand.cs:42)
UnityEngine.TestTools.StrictCheckCommand/<ExecuteEnumerable>d__2:MoveNext () (at ./Library/PackageCache/com.unity.test-framework@082c24152fd4/UnityEngine.TestRunner/NUnitExtensions/Commands/StrictCheckCommand.cs:29)
UnityEngine.TestTools.Utils.CoroutineRunner/<WrapEnumeratorForChecks>d__8:MoveNext () (at ./Library/PackageCache/com.unity.test-framework@082c24152fd4/UnityEngine.TestRunner/Utils/CoroutineRunner.cs:58)
UnityEngine.SetupCoroutine:InvokeMoveNext (System.Collections.IEnumerator,intptr)

(Filename: Assets/BorderRepair/Tests/TwoNight/PlayMode/UnifiedClinicInspectionTests.cs Line: 310)

Unloading 16 Unused Serialized files (Serialized files now loaded: 0)
UnloadTime: 4.991500 ms
Loaded scene 'Assets/BorderRepair/Scenes/UnifiedClinic/UnifiedClinic.unity'
	Deserialize:            82.528 ms
	Integration:            247.674 ms
	Integration of assets:  9.182 ms
	Thread Wait Time:       4.295 ms
	Total Operation Time:   343.679 ms
Unloading 5029 unused Assets / (2.3 MB). Loaded Objects now: 12859.
Memory consumption went from 281.8 MB to 279.5 MB.
Total: 18.767000 ms (FindLiveObjects: 0.820900 ms CreateObjectMapping: 0.416200 ms MarkObjects: 15.478800 ms  DeleteObjects: 2.049000 ms)

Unloading 47 Unused Serialized files (Serialized files now loaded: 0)
UnloadTime: 2.478500 ms
Loaded scene 'Assets/BorderRepair/Scenes/UnifiedClinic/UnifiedClinic.unity'
	Deserialize:            59.658 ms
	Integration:            210.302 ms
	Integration of assets:  6.137 ms
	Thread Wait Time:       1.351 ms
	Total Operation Time:   277.448 ms
Unloading 5830 unused Assets / (4.9 MB). Loaded Objects now: 12872.
Memory consumption went from 286.0 MB to 281.1 MB.
Total: 20.721000 ms (FindLiveObjects: 0.958000 ms CreateObjectMapping: 0.473200 ms MarkObjects: 16.297400 ms  DeleteObjects: 2.990900 ms)

Unloading 19 Unused Serialized files (Serialized files now loaded: 0)
UnloadTime: 4.525600 ms
Loaded scene 'Assets/BorderRepair/Scenes/UnifiedClinic/UnifiedClinic.unity'
	Deserialize:            57.112 ms
	Integration:            283.348 ms
	Integration of assets:  6.227 ms
	Thread Wait Time:       1.401 ms
	Total Operation Time:   348.088 ms
Unloading 5029 unused Assets / (2.7 MB). Loaded Objects now: 12884.
Memory consumption went from 292.4 MB to 289.7 MB.
Total: 25.544600 ms (FindLiveObjects: 0.868700 ms CreateObjectMapping: 0.457300 ms MarkObjects: 21.591500 ms  DeleteObjects: 2.625100 ms)

Unloading 16 Unused Serialized files (Serialized files now loaded: 0)
UnloadTime: 2.529800 ms
Loaded scene 'Assets/BorderRepair/Scenes/UnifiedClinic/UnifiedClinic.unity'
	Deserialize:            67.278 ms
	Integration:            220.867 ms
	Integration of assets:  5.446 ms
	Thread Wait Time:       1.145 ms
	Total Operation Time:   294.736 ms
Unloading 5027 unused Assets / (2.3 MB). Loaded Objects now: 12884.
Memory consumption went from 292.4 MB to 290.1 MB.
Total: 19.989100 ms (FindLiveObjects: 1.180500 ms CreateObjectMapping: 0.562000 ms MarkObjects: 16.225700 ms  DeleteObjects: 2.019600 ms)

Unloading 16 Unused Serialized files (Serialized files now loaded: 0)
UnloadTime: 2.622600 ms
Loaded scene 'Assets/BorderRepair/Scenes/UnifiedClinic/UnifiedClinic.unity'
	Deserialize:            57.970 ms
	Integration:            213.522 ms
	Integration of assets:  5.816 ms
	Thread Wait Time:       1.497 ms
	Total Operation Time:   278.806 ms
Unloading 5027 unused Assets / (2.4 MB). Loaded Objects now: 12892.
Memory consumption went from 292.7 MB to 290.3 MB.
Total: 19.137900 ms (FindLiveObjects: 0.917400 ms CreateObjectMapping: 0.493500 ms MarkObjects: 15.720600 ms  DeleteObjects: 2.004800 ms)

Unloading 16 Unused Serialized files (Serialized files now loaded: 0)
UnloadTime: 5.555100 ms
Loaded scene 'Assets/BorderRepair/Scenes/UnifiedClinic/UnifiedClinic.unity'
	Deserialize:            52.133 ms
	Integration:            288.128 ms
	Integration of assets:  9.068 ms
	Thread Wait Time:       3.495 ms
	Total Operation Time:   352.824 ms
Unloading 5027 unused Assets / (2.2 MB). Loaded Objects now: 12892.
Memory consumption went from 294.5 MB to 292.3 MB.
Total: 21.491500 ms (FindLiveObjects: 2.001400 ms CreateObjectMapping: 1.387200 ms MarkObjects: 16.252100 ms  DeleteObjects: 1.848200 ms)

Unloading 16 Unused Serialized files (Serialized files now loaded: 0)
UnloadTime: 9.372900 ms
Loaded scene 'Assets/BorderRepair/Scenes/UnifiedClinic/UnifiedClinic.unity'
	Deserialize:            55.717 ms
	Integration:            208.697 ms
	Integration of assets:  8.540 ms
	Thread Wait Time:       2.085 ms
	Total Operation Time:   275.038 ms
Unloading 5027 unused Assets / (2.3 MB). Loaded Objects now: 12884.
Memory consumption went from 294.3 MB to 292.1 MB.
Total: 22.944500 ms (FindLiveObjects: 1.418400 ms CreateObjectMapping: 0.773900 ms MarkObjects: 17.753600 ms  DeleteObjects: 2.996700 ms)

TrimDiskCacheJob: Current cache size 2374mb
Unloading 2 Unused Serialized files (Serialized files now loaded: 0)
UnloadTime: 3.651500 ms
Loaded scene 'Assets/BorderRepair/Scenes/UnifiedClinic/UnifiedClinic_Menu.unity'
	Deserialize:            1.319 ms
	Integration:            202.908 ms
	Integration of assets:  0.002 ms
	Thread Wait Time:       2.994 ms
	Total Operation Time:   207.223 ms
Unloading 705 unused Assets / (40.6 MB). Loaded Objects now: 8194.
Memory consumption went from 289.4 MB to 248.8 MB.
Total: 24.335400 ms (FindLiveObjects: 0.414200 ms CreateObjectMapping: 0.265500 ms MarkObjects: 20.123800 ms  DeleteObjects: 3.530700 ms)

Unloading 123 Unused Serialized files (Serialized files now loaded: 0)
UnloadTime: 0.608500 ms
Loaded scene 'Assets/BorderRepair/Scenes/UnifiedClinic/UnifiedClinic.unity'
	Deserialize:            100.916 ms
	Integration:            358.672 ms
	Integration of assets:  44.619 ms
	Thread Wait Time:       -0.047 ms
	Total Operation Time:   504.160 ms
Unloading 5025 unused Assets / (1.6 MB). Loaded Objects now: 12782.
Memory consumption went from 293.6 MB to 292.0 MB.
Total: 43.348700 ms (FindLiveObjects: 1.199200 ms CreateObjectMapping: 0.949800 ms MarkObjects: 35.639700 ms  DeleteObjects: 5.558100 ms)

Unloading 18 Unused Serialized files (Serialized files now loaded: 0)
UnloadTime: 3.210500 ms
Loaded scene 'Assets/BorderRepair/Scenes/UnifiedClinic/UnifiedClinic.unity'
	Deserialize:            60.380 ms
	Integration:            210.045 ms
	Integration of assets:  7.828 ms
	Thread Wait Time:       2.915 ms
	Total Operation Time:   281.168 ms
Unloading 5030 unused Assets / (2.4 MB). Loaded Objects now: 12883.
Memory consumption went from 295.3 MB to 293.0 MB.
Total: 22.914300 ms (FindLiveObjects: 1.025200 ms CreateObjectMapping: 0.514500 ms MarkObjects: 17.552900 ms  DeleteObjects: 3.819400 ms)

Unloading 8 Unused Serialized files (Serialized files now loaded: 0)
UnloadTime: 2.954500 ms
Loaded scene 'Assets/BorderRepair/Scenes/UnifiedClinic/UnifiedClinic_Menu.unity'
	Deserialize:            1.373 ms
	Integration:            210.264 ms
	Integration of assets:  0.002 ms
	Thread Wait Time:       1.368 ms
	Total Operation Time:   213.008 ms
Unloading 705 unused Assets / (0.6 MB). Loaded Objects now: 8460.
Memory consumption went from 290.4 MB to 289.8 MB.
Total: 24.882900 ms (FindLiveObjects: 0.461700 ms CreateObjectMapping: 0.311200 ms MarkObjects: 18.966800 ms  DeleteObjects: 5.140800 ms)

Unloading 124 Unused Serialized files (Serialized files now loaded: 0)
UnloadTime: 0.522600 ms
Loaded scene 'Assets/BorderRepair/Scenes/UnifiedClinic/UnifiedClinic.unity'
	Deserialize:            137.603 ms
	Integration:            343.258 ms
	Integration of assets:  32.445 ms
	Thread Wait Time:       5.223 ms
	Total Operation Time:   518.529 ms
Unloading 5025 unused Assets / (2.0 MB). Loaded Objects now: 13150.
Memory consumption went from 294.0 MB to 292.0 MB.
Total: 17.046000 ms (FindLiveObjects: 0.681400 ms CreateObjectMapping: 0.385200 ms MarkObjects: 14.244400 ms  DeleteObjects: 1.734000 ms)

Unloading 26 Unused Serialized files (Serialized files now loaded: 0)
UnloadTime: 3.192800 ms
Loaded scene 'Assets/BorderRepair/Scenes/UnifiedClinic/UnifiedClinic.unity'
	Deserialize:            59.609 ms
	Integration:            200.966 ms
	Integration of assets:  7.494 ms
	Thread Wait Time:       2.453 ms
	Total Operation Time:   270.522 ms
Unloading 5305 unused Assets / (3.4 MB). Loaded Objects now: 12883.
Memory consumption went from 296.3 MB to 292.9 MB.
Total: 21.737000 ms (FindLiveObjects: 1.288600 ms CreateObjectMapping: 0.694600 ms MarkObjects: 17.201400 ms  DeleteObjects: 2.550200 ms)

Unloading 15 Unused Serialized files (Serialized files now loaded: 0)
UnloadTime: 2.831000 ms
Loaded scene 'Assets/BorderRepair/Scenes/UnifiedClinic/UnifiedClinic_Menu.unity'
	Deserialize:            1.316 ms
	Integration:            185.286 ms
	Integration of assets:  0.002 ms
	Thread Wait Time:       6.836 ms
	Total Operation Time:   193.440 ms
Unloading 706 unused Assets / (41.8 MB). Loaded Objects now: 8466.
Memory consumption went from 290.5 MB to 248.7 MB.
Total: 24.986500 ms (FindLiveObjects: 0.706300 ms CreateObjectMapping: 0.536600 ms MarkObjects: 19.692500 ms  DeleteObjects: 4.049200 ms)

Unloading 124 Unused Serialized files (Serialized files now loaded: 0)
UnloadTime: 0.398400 ms
Loaded scene 'Assets/BorderRepair/Scenes/UnifiedClinic/UnifiedClinic.unity'
	Deserialize:            156.298 ms
	Integration:            267.460 ms
	Integration of assets:  29.901 ms
	Thread Wait Time:       3.539 ms
	Total Operation Time:   457.198 ms
Unloading 5025 unused Assets / (1.9 MB). Loaded Objects now: 13156.
Memory consumption went from 294.8 MB to 292.9 MB.
Total: 19.985400 ms (FindLiveObjects: 1.042100 ms CreateObjectMapping: 0.666500 ms MarkObjects: 15.904600 ms  DeleteObjects: 2.370500 ms)

Unloading 20 Unused Serialized files (Serialized files now loaded: 0)
UnloadTime: 2.473500 ms
Loaded scene 'Assets/BorderRepair/Scenes/UnifiedClinic/UnifiedClinic.unity'
	Deserialize:            63.467 ms
	Integration:            186.182 ms
	Integration of assets:  6.449 ms
	Thread Wait Time:       1.784 ms
	Total Operation Time:   257.882 ms
Unloading 5304 unused Assets / (3.0 MB). Loaded Objects now: 12896.
Memory consumption went from 297.0 MB to 294.0 MB.
Total: 18.788900 ms (FindLiveObjects: 0.816000 ms CreateObjectMapping: 0.375900 ms MarkObjects: 15.369200 ms  DeleteObjects: 2.226700 ms)

Unloading 1 Unused Serialized files (Serialized files now loaded: 0)
UnloadTime: 3.004700 ms
Loaded scene 'Assets/BorderRepair/Scenes/UnifiedClinic/UnifiedClinic_Menu.unity'
	Deserialize:            1.269 ms
	Integration:            166.455 ms
	Integration of assets:  0.004 ms
	Thread Wait Time:       0.313 ms
	Total Operation Time:   168.041 ms
Unloading 1142 unused Assets / (57.6 MB). Loaded Objects now: 7756.
Memory consumption went from 289.2 MB to 231.6 MB.
Total: 18.224800 ms (FindLiveObjects: 0.343100 ms CreateObjectMapping: 0.245000 ms MarkObjects: 14.316500 ms  DeleteObjects: 3.318300 ms)

Unloading 140 Unused Serialized files (Serialized files now loaded: 0)
UnloadTime: 0.424700 ms
Loaded scene 'Assets/BorderRepair/Scenes/UnifiedClinic/UnifiedClinic.unity'
	Deserialize:            91.520 ms
	Integration:            257.378 ms
	Integration of assets:  26.030 ms
	Thread Wait Time:       -0.246 ms
	Total Operation Time:   374.683 ms
Unloading 5025 unused Assets / (2.1 MB). Loaded Objects now: 12513.
Memory consumption went from 293.2 MB to 291.1 MB.
Total: 19.452300 ms (FindLiveObjects: 0.651800 ms CreateObjectMapping: 0.342700 ms MarkObjects: 16.089000 ms  DeleteObjects: 2.367600 ms)

Unloading 1 Unused Serialized files (Serialized files now loaded: 0)
UnloadTime: 2.521400 ms
Loaded scene 'Assets/BorderRepair/Scenes/UnifiedClinic/UnifiedClinic_Menu.unity'
	Deserialize:            1.502 ms
	Integration:            171.529 ms
	Integration of assets:  0.002 ms
	Thread Wait Time:       0.781 ms
	Total Operation Time:   173.814 ms
Unloading 1143 unused Assets / (59.3 MB). Loaded Objects now: 7756.
Memory consumption went from 289.1 MB to 229.8 MB.
Total: 22.366700 ms (FindLiveObjects: 0.534200 ms CreateObjectMapping: 0.589200 ms MarkObjects: 17.600900 ms  DeleteObjects: 3.641400 ms)

Unloading 140 Unused Serialized files (Serialized files now loaded: 0)
UnloadTime: 0.401300 ms
Loaded scene 'Assets/BorderRepair/Scenes/UnifiedClinic/UnifiedClinic.unity'
	Deserialize:            89.803 ms
	Integration:            253.611 ms
	Integration of assets:  26.271 ms
	Thread Wait Time:       -0.051 ms
	Total Operation Time:   369.635 ms
Unloading 5025 unused Assets / (2.1 MB). Loaded Objects now: 12782.
Memory consumption went from 294.1 MB to 292.0 MB.
Total: 19.271200 ms (FindLiveObjects: 1.219100 ms CreateObjectMapping: 0.699900 ms MarkObjects: 15.607100 ms  DeleteObjects: 1.743500 ms)

Saving results to: C:/Users/Administrator/AppData/LocalLow/DefaultCompany/BorderRepairStation\TestResults.xml
Saving results to: C:/Users/Administrator/Documents/Codex/clinic-int/Logs/InspectionFixPlayMode.xml
Unloading 1 Unused Serialized files (Serialized files now loaded: 0)
Loaded scene 'Temp/__Backupscenes/0.backup'
	Deserialize:            0.470 ms
	Integration:            165.878 ms
	Integration of assets:  0.001 ms
	Thread Wait Time:       0.009 ms
	Total Operation Time:   166.359 ms
Unloading 1130 unused Assets / (67.7 MB). Loaded Objects now: 7470.
Memory consumption went from 282.1 MB to 214.4 MB.
Total: 21.080300 ms (FindLiveObjects: 0.514300 ms CreateObjectMapping: 0.429800 ms MarkObjects: 15.788000 ms  DeleteObjects: 4.346600 ms)

Assertion failed
UnityEngine.Debug:ExtractStackTraceNoAlloc (byte*,int,string)
UnityEngine.StackTraceUtility:ExtractStackTrace ()
UnityEngine.DebugLogHandler:Internal_Log (UnityEngine.LogType,UnityEngine.LogOption,string,UnityEngine.Object)
UnityEngine.DebugLogHandler:LogFormat (UnityEngine.LogType,UnityEngine.Object,string,object[])
UnityEngine.Logger:Log (UnityEngine.LogType,object)
UnityEngine.Debug:Assert (bool)
UnityEngine.InputSystem.InputManager:ApplySettings () (at ./Library/PackageCache/com.unity.inputsystem@7a4e1a2a8194/InputSystem/Runtime/InputManager.cs:2997)
UnityEngine.InputSystem.InputSettings:OnChange () (at ./Library/PackageCache/com.unity.inputsystem@7a4e1a2a8194/InputSystem/Runtime/InputSettings.cs:810)
UnityEngine.InputSystem.Editor.InputSystemEditorInitializer:OnPlayModeChange (UnityEditor.PlayModeStateChange) (at ./Library/PackageCache/com.unity.inputsystem@7a4e1a2a8194/InputSystem/Editor/InputSystemEditorInitializer.cs:536)
UnityEngine.InputSystem.Editor.InputSystemEditorInitializer/<>c:<RegisterPlayModeHooks>b__18_0 (UnityEngine.InputSystem.LowLevel.InputPlayModeChange) (at ./Library/PackageCache/com.unity.inputsystem@7a4e1a2a8194/InputSystem/Editor/InputSystemEditorInitializer.cs:286)
UnityEngine.InputSystem.InputSystem:OnPlayModeChange (UnityEngine.InputSystem.LowLevel.InputPlayModeChange) (at ./Library/PackageCache/com.unity.inputsystem@7a4e1a2a8194/InputSystem/Runtime/InputSystem.cs:3430)
UnityEngine.InputSystem.LowLevel.NativeInputRuntime:DispatchPlayModeChange (UnityEngine.InputSystem.LowLevel.InputPlayModeChange) (at ./Library/PackageCache/com.unity.inputsystem@7a4e1a2a8194/InputSystem/Runtime/NativeInputRuntime.cs:389)
UnityEngine.InputSystem.Editor.InputSystemEditorInitializer:OnEditorPlayModeStateChanged (UnityEditor.PlayModeStateChange) (at ./Library/PackageCache/com.unity.inputsystem@7a4e1a2a8194/InputSystem/Editor/InputSystemEditorInitializer.cs:481)
UnityEditor.EditorApplication:Internal_PlayModeStateChanged (UnityEditor.PlayModeStateChange)

(Filename: ./Library/PackageCache/com.unity.inputsystem@7a4e1a2a8194/InputSystem/Runtime/InputManager.cs Line: 2997)

Executing IPostBuildCleanup for: Unity.PerformanceTesting.Editor.TestRunBuilder.
UnityEngine.Debug:ExtractStackTraceNoAlloc (byte*,int,string)
UnityEngine.StackTraceUtility:ExtractStackTrace ()
UnityEngine.DebugLogHandler:Internal_Log (UnityEngine.LogType,UnityEngine.LogOption,string,UnityEngine.Object)
UnityEngine.DebugLogHandler:LogFormat (UnityEngine.LogType,UnityEngine.Object,string,object[])
UnityEngine.Logger:Log (UnityEngine.LogType,object)
UnityEngine.Debug:Log (object)
UnityEditor.TestTools.TestRunner.TestRun.Tasks.BuildActionTaskBase`1/<ExecuteMethods>d__8<UnityEngine.TestTools.IPostBuildCleanup>:MoveNext () (at ./Library/PackageCache/com.unity.test-framework@082c24152fd4/UnityEditor.TestRunner/TestRun/Tasks/BuildActionTaskBase.cs:48)
UnityEditor.TestTools.TestRunner.TestRun.Tasks.BuildActionTaskBase`1/<Execute>d__7<UnityEngine.TestTools.IPostBuildCleanup>:MoveNext () (at ./Library/PackageCache/com.unity.test-framework@082c24152fd4/UnityEditor.TestRunner/TestRun/Tasks/BuildActionTaskBase.cs:34)
UnityEditor.TestTools.TestRunner.TestRun.TestJobRunner:ExecuteStep () (at ./Library/PackageCache/com.unity.test-framework@082c24152fd4/UnityEditor.TestRunner/TestRun/TestJobRunner.cs:173)
UnityEditor.TestTools.TestRunner.TestRun.TestJobRunner:ExecuteCallback () (at ./Library/PackageCache/com.unity.test-framework@082c24152fd4/UnityEditor.TestRunner/TestRun/TestJobRunner.cs:108)
UnityEditor.EditorApplication:Internal_CallUpdateFunctions ()

(Filename: ./Library/PackageCache/com.unity.test-framework@082c24152fd4/UnityEditor.TestRunner/TestRun/Tasks/BuildActionTaskBase.cs Line: 48)

Unloading 0 Unused Serialized files (Serialized files now loaded: 0)
Unloading 4 unused Assets / (0.5 KB). Loaded Objects now: 7471.
Memory consumption went from 202.3 MB to 202.3 MB.
Total: 13.800500 ms (FindLiveObjects: 0.263100 ms CreateObjectMapping: 0.160600 ms MarkObjects: 13.326800 ms  DeleteObjects: 0.048200 ms)

Refreshing native plugins compatible for Editor in 1.87 ms, found 4 plugins.
Preloading 0 native plugins for Editor in 0.00 ms.
Asset Pipeline Refresh (id=27dfb0c1a6844cd41892e298b011f0f1): Total: 0.076 seconds - Initiated by StopAssetImportingV2(NoUpdateAssetOptions)
DisplayProgressbar: Undo
Test run completed. Exiting with code 0 (Ok). Run completed.
UnityEngine.Debug:ExtractStackTraceNoAlloc (byte*,int,string)
UnityEngine.StackTraceUtility:ExtractStackTrace ()
UnityEngine.DebugLogHandler:Internal_Log (UnityEngine.LogType,UnityEngine.LogOption,string,UnityEngine.Object)
UnityEngine.DebugLogHandler:LogFormat (UnityEngine.LogType,UnityEngine.Object,string,object[])
UnityEngine.Logger:Log (UnityEngine.LogType,object)
UnityEngine.Debug:Log (object)
UnityEditor.TestTools.TestRunner.CommandLineTest.Executer:ExitApplication (UnityEditor.TestTools.TestRunner.CommandLineTest.Executer/ReturnCodes,string) (at ./Library/PackageCache/com.unity.test-framework@082c24152fd4/UnityEditor.TestRunner/CommandLineTest/Executer.cs:81)
UnityEditor.TestTools.TestRunner.CommandLineTest.Executer:ExitIfRunIsCompleted () (at ./Library/PackageCache/com.unity.test-framework@082c24152fd4/UnityEditor.TestRunner/CommandLineTest/Executer.cs:74)
UnityEditor.EditorApplication:Internal_CallUpdateFunctions ()

(Filename: ./Library/PackageCache/com.unity.test-framework@082c24152fd4/UnityEditor.TestRunner/CommandLineTest/Executer.cs Line: 81)

Start importing ProjectSettings/ProjectSettings.asset using Guid(00000000000000004000000000000000) (LibraryAssetImporter) -> (artifact id: '81e5f970ae5d37203dd655023e61b098') in 0.0101012 seconds
Refreshing native plugins compatible for Editor in 2.18 ms, found 4 plugins.
Preloading 0 native plugins for Editor in 0.00 ms.
Asset Pipeline Refresh (id=511501942fe64064889c4c17e735d79e): Total: 0.030 seconds - Initiated by StopAssetImportingV2(NoUpdateAssetOptions)
[Physics::Module] Cleanup current backned.
[Physics::Module] Id: 0xf2b8ea05
Input System module state changed to: ShutdownInProgress.
Input System polling thread exited.
Input System module state changed to: Shutdown.
[Licensing::IpcConnector] LicenseClient-Administrator-notifications channel disconnected successfully.
[Licensing::IpcConnector] LicenseClient-Administrator channel disconnected successfully.
AcceleratorClientConnectionCallback - disconnected - :0
Cleanup mono
Checking for leaked weakptr:
  Found no leaked weakptrs.
[Package Manager] Server process was shutdown
##utp:{"type":"MemoryLeaks","version":2,"phase":"Immediate","time":1791468714046,"processId":34636,"allocatedMemory":15186267,"memoryLabels":[{"Default":14269},{"Permanent":15356},{"NewDelete":71505},{"Thread":4230344},{"Manager":815994},{"VertexData":1112},{"Geometry":816},{"VFX":-104},{"Texture":296},{"Shader":78795},{"Material":24},{"GfxDevice":56432},{"Animation":392},{"Audio":4040},{"FontEngine":256},{"Physics":2081},{"Serialization":816},{"Input":14824},{"JobScheduler":33024},{"TextLib":160},{"Mono":32},{"MonoCode":64},{"ScriptingNativeRuntime":155060},{"BaseObject":1620112},{"Resource":1304},{"Renderer":2928},{"Transform":4646},{"File":15645},{"WebCam":616},{"Culling":32},{"Terrain":11394},{"Wind":24},{"STL":40},{"String":9366},{"DynamicArray":117313},{"HashMap":92695},{"Utility":2660078},{"Curl":48},{"PoolAlloc":1960},{"AI":104},{"TypeTree":5005},{"ScriptManager":512},{"RuntimeInitializeOnLoadManager":64},{"SpriteAtlas":112},{"GI":7888},{"Director":8240},{"WebRequest":552},{"VR":45969},{"SceneManager":496},{"Video":208},{"LazyScriptCache":32},{"Camera":17},{"Secure":265},{"SerializationCache":1576},{"APIUpdating":10320},{"Subsystems":336},{"VirtualTexturing":57888},{"StaticSafetyDebugInfo":278528},{"Analytics":336},{"Hierarchy":272},{"CoreStats":12536},{"Identifiers":6192},{"Gui":80},{"EditorUtility":52193},{"VersionControl":4},{"Undo":947},{"AssetDatabase":4621209},{"EditorGi":328},{"UnityConnect":24208},{"Upm":2036},{"DrivenProperties":72},{"LocalIPC":219},{"ProfilerEditor":9746},{"CoreBusinessMetrics":3228},{"Licensing":696},{"AssetReference":32},{"IPCStream":32}]}
