[Licensing::Module] Trying to connect to existing licensing client channel...
Built from '6000.0/staging' branch; Version is '6000.0.84f1 (78ab6fc243d5) revision 7908207'; Using compiler version '193933523'; Build Type 'Release'
[Licensing::IpcConnector] Successfully connected to: "LicenseClient-Administrator" at "2026-10-08T07:51:39.653358Z"
OS: 'Windows 11  (10.0.26200) Professional' Language: 'zh' Physical Memory: 65378 MB
BatchMode: 1, IsHumanControllingUs: 0, StartBugReporterOnCrash: 0, Is64bit: 1
System  architecture: x64
Process architecture: x64
Date: 2026-10-08T07:51:39Z

COMMAND LINE ARGUMENTS:
C:\Program Files\Unity\Hub\Editor\6000.0.84f1\Editor\Unity.exe
-batchmode
-projectPath
C:\Users\Administrator\Documents\Codex\clinic-int
-runTests
-testPlatform
PlayMode
-testResults
C:\Users\Administrator\Documents\Codex\clinic-int\Logs\UnifiedClinicFullProjectPlay.xml
-logFile
C:\Users\Administrator\Documents\Codex\clinic-int\Logs\UnifiedClinicFullProjectPlay.log
Successfully changed project path to: C:\Users\Administrator\Documents\Codex\clinic-int
C:/Users/Administrator/Documents/Codex/clinic-int
[UnityMemory] Configuration Parameters - Can be set up in boot.config
    "memorysetup-bucket-allocator-granularity=16"
    "memorysetup-bucket-allocator-bucket-count=8"
    "memorysetup-bucket-allocator-block-size=33554432"
    "memorysetup-bucket-allocator-block-count=8"
    "memorysetup-main-allocator-block-size=16777216"
    "memorysetup-thread-allocator-block-size=16777216"
    "memorysetup-gfx-main-allocator-block-size=16777216"
    "memorysetup-gfx-thread-allocator-block-size=16777216"
    "memorysetup-cache-allocator-block-size=4194304"
    "memorysetup-typetree-allocator-block-size=2097152"
    "memorysetup-profiler-bucket-allocator-granularity=16"
    "memorysetup-profiler-bucket-allocator-bucket-count=8"
    "memorysetup-profiler-bucket-allocator-block-size=33554432"
    "memorysetup-profiler-bucket-allocator-block-count=8"
    "memorysetup-profiler-allocator-block-size=16777216"
    "memorysetup-profiler-editor-allocator-block-size=1048576"
    "memorysetup-temp-allocator-size-main=16777216"
    "memorysetup-job-temp-allocator-block-size=2097152"
    "memorysetup-job-temp-allocator-block-size-background=1048576"
    "memorysetup-job-temp-allocator-reduction-small-platforms=262144"
    "memorysetup-allocator-temp-initial-block-size-main=262144"
    "memorysetup-allocator-temp-initial-block-size-worker=262144"
    "memorysetup-temp-allocator-size-background-worker=32768"
    "memorysetup-temp-allocator-size-job-worker=262144"
    "memorysetup-temp-allocator-size-preload-manager=33554432"
    "memorysetup-remapper-allocator-initial-capacity=32768"
    "memorysetup-temp-allocator-size-nav-mesh-worker=65536"
    "memorysetup-temp-allocator-size-audio-worker=65536"
    "memorysetup-temp-allocator-size-cloud-worker=32768"
    "memorysetup-temp-allocator-size-gi-baking-worker=262144"
    "memorysetup-temp-allocator-size-gi-baking-worker=262144"
    "memorysetup-temp-allocator-size-gi-baking-worker=262144"
    "memorysetup-temp-allocator-size-gi-baking-worker=262144"
    "memorysetup-temp-allocator-size-gi-baking-worker=262144"
    "memorysetup-temp-allocator-size-gfx=262144"
Player connection [14144]  Target information:

Player connection [14144]  * "[IP] 192.168.0.176 [Port] 55504 [Flags] 2 [Guid] 4285099259 [EditorId] 4285099259 [Version] 1048832 [Id] WindowsEditor(7,WIN-1SU0ECNLPV2) [Debug] 1 [PackageName] WindowsEditor [ProjectName] Editor" 

Player connection [14144] Host joined multi-casting on [225.0.0.222:54997]...
Player connection [14144] Host joined alternative multi-casting on [225.0.0.222:34997]...
Input System module state changed to: Initialized.
[Physics::Module] Initialized fallback backend.
[Physics::Module] Id: 0xdecafbad
[Licensing::Client] Code 10 while verifying Licensing Client signature (process Id: 35436, path: "C:/Program Files/Unity Hub/UnityLicensingClient_V1/Unity.Licensing.Client.exe")
[Licensing::Module] LicensingClient has failed validation; ignoring
[Licensing::Client] Handshaking with LicensingClient:
  Version:                 1.18.3+d7ffd15
  Session Id:              931cfdd7b39549709c0ebadd986ee770
  Correlation Id:          317e617e98d789f714402b041f4b5cd0
  External correlation Id: 3101169377486494297
  Machine Id:              zA3F66iXHPF32y0MH2OuDuccLU8=
[Licensing::Module] Successfully connected to LicensingClient on channel: "LicenseClient-Administrator" (connect: 0.00s, validation: 0.00s, handshake: 0.04s)
[Licensing::IpcConnector] Successfully connected to: "LicenseClient-Administrator-notifications" at "2026-10-08T07:51:39.7003216Z"
[Licensing::Module] Error: Access token is unavailable; failed to update
[Licensing::Client] Successfully resolved entitlement details
[Licensing::Module] License group:
  Id: 15669642595473-UnityPersXXXX
  Product: Unity Personal
  Type: Assigned
  Expiration: Unlimited
[Licensing::Client] Successfully updated license, isAsync: True, time: 0.00
[Licensing::Module] Licensing Background thread has ended after 0.05s
[Package Manager] Connected to IPC stream "Upm-7172" after 0.3 seconds.
Library Redirect Path: Library/
[Physics::Module] Selected backend.
[Physics::Module] Name: PhysX
[Physics::Module] Id: 0xf2b8ea05
[Physics::Module] SDK Version: 4.1.2
[Physics::Module] Integration Version: 1.0.0
[Physics::Module] Threading Mode: Multi-Threaded
Artifact Garbage Collection - Removed 2 unused hashed content filesRefreshing native plugins compatible for Editor in 0.51 ms, found 0 plugins.
Preloading 0 native plugins for Editor in 0.00 ms.
Initialize engine version: 6000.0.84f1 (78ab6fc243d5)
[Subsystems] Discovering subsystems at path C:/Program Files/Unity/Hub/Editor/6000.0.84f1/Editor/Data/Resources/UnitySubsystems
[Subsystems] Discovering subsystems at path C:/Users/Administrator/Documents/Codex/clinic-int/Assets
GfxDevice: creating device client; kGfxThreadingModeNonThreaded
Direct3D:
    Version:  Direct3D 11.0 [level 11.1]
    Renderer: NVIDIA GeForce RTX 3070 (ID=0x2488)
    Vendor:   NVIDIA
    VRAM:     8018 MB
    Driver:   32.0.16.1088
Initialize mono
Mono path[0] = 'C:/Program Files/Unity/Hub/Editor/6000.0.84f1/Editor/Data/Managed'
Mono path[1] = 'C:/Program Files/Unity/Hub/Editor/6000.0.84f1/Editor/Data/MonoBleedingEdge/lib/mono/unityjit-win32'
Mono config path = 'C:/Program Files/Unity/Hub/Editor/6000.0.84f1/Editor/Data/MonoBleedingEdge/etc'
Using monoOptions --debugger-agent=transport=dt_socket,embedding=1,server=y,suspend=n,address=127.0.0.1:56172
Using cacheserver namespaces - metadata:defaultmetadata, artifacts:defaultartifacts
Using cacheserver namespaces - metadata:defaultmetadata, artifacts:defaultartifacts
ImportWorker Server TCP listen port: 0
AcceleratorClientConnectionCallback - disconnected - :0
Begin MonoManager ReloadAssembly
Registering precompiled unity dll's ...
Register platform support module: C:/Program Files/Unity/Hub/Editor/6000.0.84f1/Editor/Data/PlaybackEngines/WindowsStandaloneSupport/UnityEditor.WindowsStandalone.Extensions.dll
Registered in 0.002438 seconds.
- Loaded All Assemblies, in  0.335 seconds
Native extension for WindowsStandalone target not found
Package Manager log level set to [2]
Mono: successfully reloaded assembly
- Finished resetting the current domain, in  0.294 seconds
Domain Reload Profiling: 627ms
	BeginReloadAssembly (115ms)
		ExecutionOrderSort (0ms)
		DisableScriptedObjects (0ms)
		BackupInstance (0ms)
		ReleaseScriptingObjects (0ms)
		CreateAndSetChildDomain (1ms)
	RebuildCommonClasses (32ms)
	RebuildNativeTypeToScriptingClass (10ms)
	initialDomainReloadingComplete (49ms)
	LoadAllAssembliesAndSetupDomain (126ms)
		LoadAssemblies (113ms)
		RebuildTransferFunctionScriptingTraits (0ms)
		AnalyzeDomain (123ms)
			TypeCache.Refresh (122ms)
				TypeCache.ScanAssembly (111ms)
			BuildScriptInfoCaches (0ms)
			ResolveRequiredComponents (0ms)
	FinalizeReload (294ms)
		ReleaseScriptCaches (0ms)
		RebuildScriptCaches (0ms)
		SetupLoadedEditorAssemblies (261ms)
			LogAssemblyErrors (0ms)
			InitializePlatformSupportModulesInManaged (18ms)
			SetLoadedEditorAssemblies (4ms)
			BeforeProcessingInitializeOnLoad (51ms)
			ProcessInitializeOnLoadAttributes (132ms)
			ProcessInitializeOnLoadMethodAttributes (56ms)
			AfterProcessingInitializeOnLoad (0ms)
			EditorAssembliesLoaded (0ms)
		ExecutionOrderSort2 (0ms)
		AwakeInstancesAfterBackupRestoration (0ms)
[Licensing::Client] Successfully resolved entitlement details
Application.AssetDatabase Initial Refresh Start
[Package Manager] Restoring resolved packages state from cache
[Licensing::Client] Successfully resolved entitlement details
[Package Manager] Registered 56 packages:
  Packages from [https://packages.unity.com]:
    com.unity.ai.navigation@2.0.14 (location: C:\Users\Administrator\Documents\Codex\clinic-int\Library\PackageCache\com.unity.ai.navigation@134dd6a3b97b)
    com.unity.collab-proxy@2.13.6 (location: C:\Users\Administrator\Documents\Codex\clinic-int\Library\PackageCache\com.unity.collab-proxy@4628d2ba6ea4)
    com.unity.ide.rider@3.0.39 (location: C:\Users\Administrator\Documents\Codex\clinic-int\Library\PackageCache\com.unity.ide.rider@4504839d03f7)
    com.unity.ide.visualstudio@2.0.27 (location: C:\Users\Administrator\Documents\Codex\clinic-int\Library\PackageCache\com.unity.ide.visualstudio@dc1ddd4f09b6)
    com.unity.inputsystem@1.20.0 (location: C:\Users\Administrator\Documents\Codex\clinic-int\Library\PackageCache\com.unity.inputsystem@7a4e1a2a8194)
    com.unity.timeline@1.8.13 (location: C:\Users\Administrator\Documents\Codex\clinic-int\Library\PackageCache\com.unity.timeline@3a22918286f5)
    com.unity.visualscripting@1.9.12 (location: C:\Users\Administrator\Documents\Codex\clinic-int\Library\PackageCache\com.unity.visualscripting@4edfcc09512f)
    com.unity.searcher@4.9.3 (location: C:\Users\Administrator\Documents\Codex\clinic-int\Library\PackageCache\com.unity.searcher@1e17ce91558d)
    com.unity.burst@1.8.30 (location: C:\Users\Administrator\Documents\Codex\clinic-int\Library\PackageCache\com.unity.burst@2f3d916873ea)
    com.unity.mathematics@1.3.2 (location: C:\Users\Administrator\Documents\Codex\clinic-int\Library\PackageCache\com.unity.mathematics@8017b507cc74)
    com.unity.collections@2.6.8 (location: C:\Users\Administrator\Documents\Codex\clinic-int\Library\PackageCache\com.unity.collections@84e8eb3fc12e)
    com.unity.nuget.mono-cecil@1.11.6 (location: C:\Users\Administrator\Documents\Codex\clinic-int\Library\PackageCache\com.unity.nuget.mono-cecil@ecb9724e46ff)
    com.unity.test-framework.performance@3.5.0 (location: C:\Users\Administrator\Documents\Codex\clinic-int\Library\PackageCache\com.unity.test-framework.performance@8b56083ec0f0)
  Built-in packages:
    com.unity.multiplayer.center@1.0.0 (location: C:\Users\Administrator\Documents\Codex\clinic-int\Library\PackageCache\com.unity.multiplayer.center@f3fb577b3546)
    com.unity.render-pipelines.universal@17.0.4 (location: C:\Users\Administrator\Documents\Codex\clinic-int\Library\PackageCache\com.unity.render-pipelines.universal@ab605b8cbe5e)
    com.unity.test-framework@1.6.0 (location: C:\Users\Administrator\Documents\Codex\clinic-int\Library\PackageCache\com.unity.test-framework@082c24152fd4)
    com.unity.ugui@2.0.0 (location: C:\Users\Administrator\Documents\Codex\clinic-int\Library\PackageCache\com.unity.ugui@5d6a93c81cc4)
    com.unity.modules.accessibility@1.0.0 (location: C:\Users\Administrator\Documents\Codex\clinic-int\Library\PackageCache\com.unity.modules.accessibility)
    com.unity.modules.ai@1.0.0 (location: C:\Users\Administrator\Documents\Codex\clinic-int\Library\PackageCache\com.unity.modules.ai)
    com.unity.modules.androidjni@1.0.0 (location: C:\Users\Administrator\Documents\Codex\clinic-int\Library\PackageCache\com.unity.modules.androidjni)
    com.unity.modules.animation@1.0.0 (location: C:\Users\Administrator\Documents\Codex\clinic-int\Library\PackageCache\com.unity.modules.animation)
    com.unity.modules.assetbundle@1.0.0 (location: C:\Users\Administrator\Documents\Codex\clinic-int\Library\PackageCache\com.unity.modules.assetbundle)
    com.unity.modules.audio@1.0.0 (location: C:\Users\Administrator\Documents\Codex\clinic-int\Library\PackageCache\com.unity.modules.audio)
    com.unity.modules.cloth@1.0.0 (location: C:\Users\Administrator\Documents\Codex\clinic-int\Library\PackageCache\com.unity.modules.cloth)
    com.unity.modules.director@1.0.0 (location: C:\Users\Administrator\Documents\Codex\clinic-int\Library\PackageCache\com.unity.modules.director)
    com.unity.modules.imageconversion@1.0.0 (location: C:\Users\Administrator\Documents\Codex\clinic-int\Library\PackageCache\com.unity.modules.imageconversion)
    com.unity.modules.imgui@1.0.0 (location: C:\Users\Administrator\Documents\Codex\clinic-int\Library\PackageCache\com.unity.modules.imgui)
    com.unity.modules.jsonserialize@1.0.0 (location: C:\Users\Administrator\Documents\Codex\clinic-int\Library\PackageCache\com.unity.modules.jsonserialize)
    com.unity.modules.particlesystem@1.0.0 (location: C:\Users\Administrator\Documents\Codex\clinic-int\Library\PackageCache\com.unity.modules.particlesystem)
    com.unity.modules.physics@1.0.0 (location: C:\Users\Administrator\Documents\Codex\clinic-int\Library\PackageCache\com.unity.modules.physics)
    com.unity.modules.physics2d@1.0.0 (location: C:\Users\Administrator\Documents\Codex\clinic-int\Library\PackageCache\com.unity.modules.physics2d)
    com.unity.modules.screencapture@1.0.0 (location: C:\Users\Administrator\Documents\Codex\clinic-int\Library\PackageCache\com.unity.modules.screencapture)
    com.unity.modules.terrain@1.0.0 (location: C:\Users\Administrator\Documents\Codex\clinic-int\Library\PackageCache\com.unity.modules.terrain)
    com.unity.modules.terrainphysics@1.0.0 (location: C:\Users\Administrator\Documents\Codex\clinic-int\Library\PackageCache\com.unity.modules.terrainphysics)
    com.unity.modules.tilemap@1.0.0 (location: C:\Users\Administrator\Documents\Codex\clinic-int\Library\PackageCache\com.unity.modules.tilemap)
    com.unity.modules.ui@1.0.0 (location: C:\Users\Administrator\Documents\Codex\clinic-int\Library\PackageCache\com.unity.modules.ui)
    com.unity.modules.uielements@1.0.0 (location: C:\Users\Administrator\Documents\Codex\clinic-int\Library\PackageCache\com.unity.modules.uielements)
    com.unity.modules.umbra@1.0.0 (location: C:\Users\Administrator\Documents\Codex\clinic-int\Library\PackageCache\com.unity.modules.umbra)
    com.unity.modules.unityanalytics@1.0.0 (location: C:\Users\Administrator\Documents\Codex\clinic-int\Library\PackageCache\com.unity.modules.unityanalytics)
    com.unity.modules.unitywebrequest@1.0.0 (location: C:\Users\Administrator\Documents\Codex\clinic-int\Library\PackageCache\com.unity.modules.unitywebrequest)
    com.unity.modules.unitywebrequestassetbundle@1.0.0 (location: C:\Users\Administrator\Documents\Codex\clinic-int\Library\PackageCache\com.unity.modules.unitywebrequestassetbundle)
    com.unity.modules.unitywebrequestaudio@1.0.0 (location: C:\Users\Administrator\Documents\Codex\clinic-int\Library\PackageCache\com.unity.modules.unitywebrequestaudio)
    com.unity.modules.unitywebrequesttexture@1.0.0 (location: C:\Users\Administrator\Documents\Codex\clinic-int\Library\PackageCache\com.unity.modules.unitywebrequesttexture)
    com.unity.modules.unitywebrequestwww@1.0.0 (location: C:\Users\Administrator\Documents\Codex\clinic-int\Library\PackageCache\com.unity.modules.unitywebrequestwww)
    com.unity.modules.vehicles@1.0.0 (location: C:\Users\Administrator\Documents\Codex\clinic-int\Library\PackageCache\com.unity.modules.vehicles)
    com.unity.modules.video@1.0.0 (location: C:\Users\Administrator\Documents\Codex\clinic-int\Library\PackageCache\com.unity.modules.video)
    com.unity.modules.vr@1.0.0 (location: C:\Users\Administrator\Documents\Codex\clinic-int\Library\PackageCache\com.unity.modules.vr)
    com.unity.modules.wind@1.0.0 (location: C:\Users\Administrator\Documents\Codex\clinic-int\Library\PackageCache\com.unity.modules.wind)
    com.unity.modules.xr@1.0.0 (location: C:\Users\Administrator\Documents\Codex\clinic-int\Library\PackageCache\com.unity.modules.xr)
    com.unity.modules.subsystems@1.0.0 (location: C:\Users\Administrator\Documents\Codex\clinic-int\Library\PackageCache\com.unity.modules.subsystems)
    com.unity.modules.hierarchycore@1.0.0 (location: C:\Users\Administrator\Documents\Codex\clinic-int\Library\PackageCache\com.unity.modules.hierarchycore)
    com.unity.ext.nunit@2.0.5 (location: C:\Users\Administrator\Documents\Codex\clinic-int\Library\PackageCache\com.unity.ext.nunit@031a54704bff)
    com.unity.render-pipelines.core@17.0.4 (location: C:\Users\Administrator\Documents\Codex\clinic-int\Library\PackageCache\com.unity.render-pipelines.core@36dd213002aa)
    com.unity.shadergraph@17.0.4 (location: C:\Users\Administrator\Documents\Codex\clinic-int\Library\PackageCache\com.unity.shadergraph@867249b1c940)
    com.unity.render-pipelines.universal-config@17.0.3 (location: C:\Users\Administrator\Documents\Codex\clinic-int\Library\PackageCache\com.unity.render-pipelines.universal-config@dd206bf35d04)
    com.unity.rendering.light-transport@1.0.1 (location: C:\Users\Administrator\Documents\Codex\clinic-int\Library\PackageCache\com.unity.rendering.light-transport@9bd588f963c0)
[Subsystems] No new subsystems found in resolved package list.
[Package Manager] Done registering packages in 0.02 seconds
Starting: C:\Program Files\Unity\Hub\Editor\6000.0.84f1\Editor\Data\bee_backend.exe --ipc --defer-dag-verification --dagfile="Library/Bee/1900b0aE.dag" --continue-on-failure --profile="Library/Bee/backend1.traceevents" ScriptAssemblies
WorkingDir: C:/Users/Administrator/Documents/Codex/clinic-int
DisplayProgressbar: Compiling Scripts
ExitCode: 0 Duration: 0s284ms
[ 816/1063  0s] ILPP-Configuration Library/ilpp-configuration.nevergeneratedoutput
*** Tundra build success (0.25 seconds), 1 items updated, 1063 evaluated
AssetDatabase: script compilation time: 0.728826s
Begin MonoManager ReloadAssembly
- Loaded All Assemblies, in  0.827 seconds
Refreshing native plugins compatible for Editor in 1.56 ms, found 4 plugins.
Native extension for WindowsStandalone target not found
Refreshing native plugins compatible for Editor in 1.69 ms, found 4 plugins.
Mono: successfully reloaded assembly
- Finished resetting the current domain, in  2.823 seconds
Domain Reload Profiling: 3645ms
	BeginReloadAssembly (276ms)
		ExecutionOrderSort (0ms)
		DisableScriptedObjects (11ms)
		BackupInstance (0ms)
		ReleaseScriptingObjects (0ms)
		CreateAndSetChildDomain (138ms)
	RebuildCommonClasses (29ms)
	RebuildNativeTypeToScriptingClass (9ms)
	initialDomainReloadingComplete (27ms)
	LoadAllAssembliesAndSetupDomain (481ms)
		LoadAssemblies (339ms)
		RebuildTransferFunctionScriptingTraits (0ms)
		AnalyzeDomain (234ms)
			TypeCache.Refresh (159ms)
				TypeCache.ScanAssembly (148ms)
			BuildScriptInfoCaches (61ms)
			ResolveRequiredComponents (10ms)
	FinalizeReload (2823ms)
		ReleaseScriptCaches (0ms)
		RebuildScriptCaches (0ms)
		SetupLoadedEditorAssemblies (2592ms)
			LogAssemblyErrors (0ms)
			InitializePlatformSupportModulesInManaged (14ms)
			SetLoadedEditorAssemblies (3ms)
			BeforeProcessingInitializeOnLoad (144ms)
			ProcessInitializeOnLoadAttributes (2326ms)
			ProcessInitializeOnLoadMethodAttributes (96ms)
			AfterProcessingInitializeOnLoad (8ms)
			EditorAssembliesLoaded (1ms)
		ExecutionOrderSort2 (0ms)
		AwakeInstancesAfterBackupRestoration (12ms)
Asset Pipeline Refresh (id=d8d22241835bf2448a4928bad627c35a): Total: 4.922 seconds - Initiated by InitialRefreshV2(ForceSynchronousImport)
	Summary:
		Imports: total=0 (actual=0, local cache=0, cache server=0)
		Asset DB Process Time: managed=0 ms, native=3258 ms
		Asset DB Callback time: managed=24 ms, native=27 ms
		Scripting: domain reloads=1, domain reload time=827 ms, compile time=730 ms, other=54 ms
		Project Asset Count: scripts=1446, non-scripts=2556
		Asset File Changes: new=0, changed=0, moved=0, deleted=0
		Scan Filter Count: 0
	InvokeCustomDependenciesCallbacks: 0.001ms
	InvokePackagesCallback: 28.757ms
	ApplyChangesToAssetFolders: 0.693ms
	Scan: 114.585ms
	OnSourceAssetsModified: 0.002ms
	CategorizeAssetsWithTransientArtifact: 66.223ms
	ProcessAssetsWithTransientArtifactChanges: 69.124ms
	CategorizeAssets: 42.266ms
	ImportOutOfDateAssets: 2833.122ms (2100.959ms without children)
		CompileScripts: 730.164ms
		ReloadNativeAssets: 0.022ms
		UnloadImportedAssets: 0.955ms
		EnsureUptoDateAssetsAreRegisteredWithGuidPM: 0.599ms
		InitializingProgressBar: 0.000ms
		PostProcessAllAssetNotificationsAddChangedAssets: 0.000ms
		OnDemandSchedulerStart: 0.422ms
	PostProcessAllAssets: 24.528ms
	GatherAllCurrentPrimaryArtifactRevisions: 0.000ms
	UnloadStreamsBegin: 0.252ms
	PersistCurrentRevisions: 0.137ms
	UnloadStreamsEnd: 0.001ms
	GenerateScriptTypeHashes: 2.478ms
	Untracked: 1742.739ms

Application.AssetDatabase Initial Refresh End
Scanning for USB devices : 9.426ms
Initializing Unity extensions:
[MODES] ModeService[none].Initialize
[MODES] ModeService[none].LoadModes
[MODES] Loading mode Default (0) for mode-current-id-BorderRepairStation
Unloading 50 Unused Serialized files (Serialized files now loaded: 0)
Unloading 6767 unused Assets / (10.6 MB). Loaded Objects now: 7406.
Memory consumption went from 193.7 MB to 183.1 MB.
Total: 11.074500 ms (FindLiveObjects: 0.497500 ms CreateObjectMapping: 0.587700 ms MarkObjects: 5.006300 ms  DeleteObjects: 4.981600 ms)

[Project] Loading completed in 7.265 seconds
	Project init time: 				6.907 seconds
		Template init time: 		0.000 seconds
		Package Manager init time: 		0.270 seconds
		Asset Database init time: 		0.124 seconds
		Global illumination init time: 	0.002 seconds
		Assemblies load time: 			0.648 seconds
		Unity extensions init time: 	0.032 seconds
		Asset Database refresh time: 	4.923 seconds
	Scene opening time: 			0.306 seconds
##utp:{"type":"ProjectInfo","version":2,"phase":"Immediate","time":1791445906908,"processId":7172,"projectLoad":7.265365500000001,"projectInit":6.9069491,"templateInit":0.0,"packageManagerInit":0.2701332,"assetDatabaseInit":0.123501,"globalIlluminationInit":0.0023693,"assembliesLoad":0.6482556,"unityExtensionsInit":0.0316104,"assetDatabaseRefresh":4.9225801,"sceneOpening":0.306042}
##utp:{"type":"EditorInfo","version":2,"phase":"Immediate","time":1791445906908,"processId":7172,"editorVersion":"6000.0.84f1 (78ab6fc243d5)","branch":"6000.0/staging","buildType":"Release","platform":"Windows"}
Asset Pipeline Refresh (id=556e9ea5127c7c74194261fe0534bb60): Total: 0.039 seconds - Initiated by RefreshV2(NoUpdateAssetOptions)
Launched and connected shader compiler UnityShaderCompiler.exe after 0.02 seconds
Running tests for ExecutionSettings with details:
targetPlatform = 
playerHeartbeatTimeout = 600
filters[0] = 
   Filter with settings:
   testMode = PlayMode
   targetPlatform = 
   testNames = null
   groupNames = null
   categoryNames = null
   assemblyNames = null
ignoreTests = {}
featureFlags = null

UnityEngine.Debug:ExtractStackTraceNoAlloc (byte*,int,string)
UnityEngine.StackTraceUtility:ExtractStackTrace ()
UnityEngine.DebugLogHandler:Internal_Log (UnityEngine.LogType,UnityEngine.LogOption,string,UnityEngine.Object)
UnityEngine.DebugLogHandler:LogFormat (UnityEngine.LogType,UnityEngine.Object,string,object[])
UnityEngine.Logger:Log (UnityEngine.LogType,object)
UnityEngine.Debug:Log (object)
UnityEditor.TestTools.TestRunner.CommandLineTest.Executer:InitializeAndExecuteRun (string[]) (at ./Library/PackageCache/com.unity.test-framework@082c24152fd4/UnityEditor.TestRunner/CommandLineTest/Executer.cs:53)
UnityEditor.TestTools.TestRunner.CommandLineTest.TestStarter:InitializeAndExecuteRun () (at ./Library/PackageCache/com.unity.test-framework@082c24152fd4/UnityEditor.TestRunner/CommandLineTest/TestStarter.cs:64)
UnityEditor.EditorApplication:Internal_CallUpdateFunctions ()

(Filename: ./Library/PackageCache/com.unity.test-framework@082c24152fd4/UnityEditor.TestRunner/CommandLineTest/Executer.cs Line: 53)

[UnityConnectServicesConfig] config is NOT valid, switching to default
Created GICache directory at C:/Users/Administrator/AppData/LocalLow/Unity/Caches/GiCache. Took: 0.017s, timestamps: [7.280 - 7.297]
Unloading 3 Unused Serialized files (Serialized files now loaded: 0)
Unloading 4 unused Assets / (2.1 KB). Loaded Objects now: 7442.
Memory consumption went from 182.8 MB to 182.8 MB.
Total: 6.470600 ms (FindLiveObjects: 0.312900 ms CreateObjectMapping: 0.189900 ms MarkObjects: 5.903100 ms  DeleteObjects: 0.063800 ms)

Start importing Assets/InitTestScenee20de41b-5b47-404f-9d30-5a8bc226aa07.unity using Guid(d5da8e08f117c724b97bd351584e3861) (DefaultImporter) -> (artifact id: '1ad6ca47193cd721f92b7eec24cb214f') in 0.0054055 seconds
Refreshing native plugins compatible for Editor in 1.32 ms, found 4 plugins.
Preloading 0 native plugins for Editor in 0.00 ms.
Asset Pipeline Refresh (id=b9e57870870563a4490085b799b90fba): Total: 0.105 seconds - Initiated by StopAssetImportingV2(NoUpdateAssetOptions)
Executing IPrebuildSetup for: Unity.PerformanceTesting.Editor.TestRunBuilder.
UnityEngine.Debug:ExtractStackTraceNoAlloc (byte*,int,string)
UnityEngine.StackTraceUtility:ExtractStackTrace ()
UnityEngine.DebugLogHandler:Internal_Log (UnityEngine.LogType,UnityEngine.LogOption,string,UnityEngine.Object)
UnityEngine.DebugLogHandler:LogFormat (UnityEngine.LogType,UnityEngine.Object,string,object[])
UnityEngine.Logger:Log (UnityEngine.LogType,object)
UnityEngine.Debug:Log (object)
UnityEditor.TestTools.TestRunner.TestRun.Tasks.BuildActionTaskBase`1/<ExecuteMethods>d__8<UnityEngine.TestTools.IPrebuildSetup>:MoveNext () (at ./Library/PackageCache/com.unity.test-framework@082c24152fd4/UnityEditor.TestRunner/TestRun/Tasks/BuildActionTaskBase.cs:48)
UnityEditor.TestTools.TestRunner.TestRun.Tasks.BuildActionTaskBase`1/<Execute>d__7<UnityEngine.TestTools.IPrebuildSetup>:MoveNext () (at ./Library/PackageCache/com.unity.test-framework@082c24152fd4/UnityEditor.TestRunner/TestRun/Tasks/BuildActionTaskBase.cs:34)
UnityEditor.TestTools.TestRunner.TestRun.TestJobRunner:ExecuteStep () (at ./Library/PackageCache/com.unity.test-framework@082c24152fd4/UnityEditor.TestRunner/TestRun/TestJobRunner.cs:173)
UnityEditor.TestTools.TestRunner.TestRun.TestJobRunner:ExecuteCallback () (at ./Library/PackageCache/com.unity.test-framework@082c24152fd4/UnityEditor.TestRunner/TestRun/TestJobRunner.cs:108)
UnityEditor.EditorApplication:Internal_CallUpdateFunctions ()

(Filename: ./Library/PackageCache/com.unity.test-framework@082c24152fd4/UnityEditor.TestRunner/TestRun/Tasks/BuildActionTaskBase.cs Line: 48)

Executing IPrebuildSetup for: BorderRepair.Art.Unit07TrayVariant.Tests.VariantMeshCache.
UnityEngine.Debug:ExtractStackTraceNoAlloc (byte*,int,string)
UnityEngine.StackTraceUtility:ExtractStackTrace ()
UnityEngine.DebugLogHandler:Internal_Log (UnityEngine.LogType,UnityEngine.LogOption,string,UnityEngine.Object)
UnityEngine.DebugLogHandler:LogFormat (UnityEngine.LogType,UnityEngine.Object,string,object[])
UnityEngine.Logger:Log (UnityEngine.LogType,object)
UnityEngine.Debug:Log (object)
UnityEditor.TestTools.TestRunner.TestRun.Tasks.BuildActionTaskBase`1/<ExecuteMethods>d__8<UnityEngine.TestTools.IPrebuildSetup>:MoveNext () (at ./Library/PackageCache/com.unity.test-framework@082c24152fd4/UnityEditor.TestRunner/TestRun/Tasks/BuildActionTaskBase.cs:48)
UnityEditor.TestTools.TestRunner.TestRun.Tasks.BuildActionTaskBase`1/<Execute>d__7<UnityEngine.TestTools.IPrebuildSetup>:MoveNext () (at ./Library/PackageCache/com.unity.test-framework@082c24152fd4/UnityEditor.TestRunner/TestRun/Tasks/BuildActionTaskBase.cs:34)
UnityEditor.TestTools.TestRunner.TestRun.TestJobRunner:ExecuteStep () (at ./Library/PackageCache/com.unity.test-framework@082c24152fd4/UnityEditor.TestRunner/TestRun/TestJobRunner.cs:173)
UnityEditor.TestTools.TestRunner.TestRun.TestJobRunner:ExecuteCallback () (at ./Library/PackageCache/com.unity.test-framework@082c24152fd4/UnityEditor.TestRunner/TestRun/TestJobRunner.cs:108)
UnityEditor.EditorApplication:Internal_CallUpdateFunctions ()

(Filename: ./Library/PackageCache/com.unity.test-framework@082c24152fd4/UnityEditor.TestRunner/TestRun/Tasks/BuildActionTaskBase.cs Line: 48)

Opening scene 'Assets/BorderRepair/Art/Unit07TrayVariant/Verification/TrayVariant_Verify.unity additively'
Loaded scene 'Assets/BorderRepair/Art/Unit07TrayVariant/Verification/TrayVariant_Verify.unity'
	Deserialize:            18.861 ms
	Integration:            153.758 ms
	Integration of assets:  0.828 ms
	Thread Wait Time:       0.221 ms
	Total Operation Time:   173.667 ms
Executing IPrebuildSetup for: BorderRepair.TwoNight.Tests.TwoNightMeshCache.
UnityEngine.Debug:ExtractStackTraceNoAlloc (byte*,int,string)
UnityEngine.StackTraceUtility:ExtractStackTrace ()
UnityEngine.DebugLogHandler:Internal_Log (UnityEngine.LogType,UnityEngine.LogOption,string,UnityEngine.Object)
UnityEngine.DebugLogHandler:LogFormat (UnityEngine.LogType,UnityEngine.Object,string,object[])
UnityEngine.Logger:Log (UnityEngine.LogType,object)
UnityEngine.Debug:Log (object)
UnityEditor.TestTools.TestRunner.TestRun.Tasks.BuildActionTaskBase`1/<ExecuteMethods>d__8<UnityEngine.TestTools.IPrebuildSetup>:MoveNext () (at ./Library/PackageCache/com.unity.test-framework@082c24152fd4/UnityEditor.TestRunner/TestRun/Tasks/BuildActionTaskBase.cs:48)
UnityEditor.TestTools.TestRunner.TestRun.Tasks.BuildActionTaskBase`1/<Execute>d__7<UnityEngine.TestTools.IPrebuildSetup>:MoveNext () (at ./Library/PackageCache/com.unity.test-framework@082c24152fd4/UnityEditor.TestRunner/TestRun/Tasks/BuildActionTaskBase.cs:34)
UnityEditor.TestTools.TestRunner.TestRun.TestJobRunner:ExecuteStep () (at ./Library/PackageCache/com.unity.test-framework@082c24152fd4/UnityEditor.TestRunner/TestRun/TestJobRunner.cs:173)
UnityEditor.TestTools.TestRunner.TestRun.TestJobRunner:ExecuteCallback () (at ./Library/PackageCache/com.unity.test-framework@082c24152fd4/UnityEditor.TestRunner/TestRun/TestJobRunner.cs:108)
UnityEditor.EditorApplication:Internal_CallUpdateFunctions ()

(Filename: ./Library/PackageCache/com.unity.test-framework@082c24152fd4/UnityEditor.TestRunner/TestRun/Tasks/BuildActionTaskBase.cs Line: 48)

Opening scene 'Assets/BorderRepair/Scenes/Slice/Unit07_Night.unity additively'
Loaded scene 'Assets/BorderRepair/Scenes/Slice/Unit07_Night.unity'
	Deserialize:            8.386 ms
	Integration:            8.691 ms
	Integration of assets:  0.004 ms
	Thread Wait Time:       0.039 ms
	Total Operation Time:   17.120 ms
Reloading assemblies for play mode.
Reloading assemblies after forced synchronous recompile.
Begin MonoManager ReloadAssembly
- Loaded All Assemblies, in  0.749 seconds
Refreshing native plugins compatible for Editor in 1.50 ms, found 4 plugins.
Native extension for WindowsStandalone target not found
Mono: successfully reloaded assembly
- Finished resetting the current domain, in  0.909 seconds
Domain Reload Profiling: 1658ms
	BeginReloadAssembly (463ms)
		ExecutionOrderSort (0ms)
		DisableScriptedObjects (21ms)
		BackupInstance (0ms)
		ReleaseScriptingObjects (0ms)
		CreateAndSetChildDomain (321ms)
	RebuildCommonClasses (28ms)
	RebuildNativeTypeToScriptingClass (10ms)
	initialDomainReloadingComplete (25ms)
	LoadAllAssembliesAndSetupDomain (222ms)
		LoadAssemblies (123ms)
		RebuildTransferFunctionScriptingTraits (0ms)
		AnalyzeDomain (178ms)
			TypeCache.Refresh (6ms)
				TypeCache.ScanAssembly (0ms)
			BuildScriptInfoCaches (157ms)
			ResolveRequiredComponents (10ms)
	FinalizeReload (909ms)
		ReleaseScriptCaches (0ms)
		RebuildScriptCaches (0ms)
		SetupLoadedEditorAssemblies (663ms)
			LogAssemblyErrors (0ms)
			InitializePlatformSupportModulesInManaged (13ms)
			SetLoadedEditorAssemblies (4ms)
			BeforeProcessingInitializeOnLoad (132ms)
			ProcessInitializeOnLoadAttributes (339ms)
			ProcessInitializeOnLoadMethodAttributes (169ms)
			AfterProcessingInitializeOnLoad (5ms)
			EditorAssembliesLoaded (0ms)
		ExecutionOrderSort2 (0ms)
		AwakeInstancesAfterBackupRestoration (19ms)
Asset Pipeline Refresh (id=99cc53cdcd7e394488cc5e2350bcf920): Total: 1.777 seconds - Initiated by StopAssetImportingV2(ForceSynchronousImport | ForceDomainReload)
	Summary:
		Imports: total=0 (actual=0, local cache=0, cache server=0)
		Asset DB Process Time: managed=0 ms, native=989 ms
		Asset DB Callback time: managed=21 ms, native=0 ms
		Scripting: domain reloads=1, domain reload time=764 ms, compile time=1 ms, other=0 ms
		Project Asset Count: scripts=1446, non-scripts=2557
		Asset File Changes: new=0, changed=0, moved=0, deleted=0
		Scan Filter Count: 0
	InvokeCustomDependenciesCallbacks: 0.001ms
	InvokePackagesCallback: 1.698ms
	ApplyChangesToAssetFolders: 0.312ms
	Scan: 0.000ms
	OnSourceAssetsModified: 0.001ms
	CategorizeAssetsWithTransientArtifact: 0.004ms
	ProcessAssetsWithTransientArtifactChanges: 3.416ms
	CategorizeAssets: 38.708ms
	ImportOutOfDateAssets: 915.507ms (910.571ms without children)
		CompileScripts: 1.040ms
		CollectScriptTypesHashes: 2.401ms
		ReloadNativeAssets: 0.671ms
		UnloadImportedAssets: 0.076ms
		EnsureUptoDateAssetsAreRegisteredWithGuidPM: 0.499ms
		InitializingProgressBar: 0.000ms
		PostProcessAllAssetNotificationsAddChangedAssets: 0.000ms
		OnDemandSchedulerStart: 0.250ms
	PostProcessAllAssets: 21.300ms
	GatherAllCurrentPrimaryArtifactRevisions: 0.139ms
	UnloadStreamsBegin: 0.686ms
	PersistCurrentRevisions: 0.124ms
	UnloadStreamsEnd: 0.001ms
	GenerateScriptTypeHashes: 3.493ms
	Untracked: 794.752ms

Loaded scene 'Temp/__Backupscenes/0.backup'
	Deserialize:            0.757 ms
	Integration:            382.928 ms
	Integration of assets:  0.001 ms
	Thread Wait Time:       0.010 ms
	Total Operation Time:   383.696 ms
[MODES] ModeService[none].Initialize
[MODES] ModeService[none].LoadModes
Unloading 1 Unused Serialized files (Serialized files now loaded: 0)
UnloadTime: 2.000200 ms
Loaded scene 'Assets/BorderRepair/Art/Unit07TrayVariant/Verification/TrayVariant_Verify.unity'
	Deserialize:            21.289 ms
	Integration:            221.023 ms
	Integration of assets:  0.086 ms
	Thread Wait Time:       0.244 ms
	Total Operation Time:   242.641 ms
Unloading 2302 unused Assets / (3.9 MB). Loaded Objects now: 10820.
Memory consumption went from 212.4 MB to 208.5 MB.
Total: 16.443000 ms (FindLiveObjects: 0.553900 ms CreateObjectMapping: 0.282400 ms MarkObjects: 13.557200 ms  DeleteObjects: 2.048500 ms)

TrimDiskCacheJob: Current cache size 2374mb
Unloading 78 Unused Serialized files (Serialized files now loaded: 0)
UnloadTime: 9.352500 ms
Loaded scene 'Assets/BorderRepair/FirstOrder/Scenes/Unit07FirstOrder_Test.unity'
	Deserialize:            77.028 ms
	Integration:            190.985 ms
	Integration of assets:  15.973 ms
	Thread Wait Time:       2.086 ms
	Total Operation Time:   286.072 ms
Unloading 6990 unused Assets / (47.3 MB). Loaded Objects now: 10448.
Memory consumption went from 318.5 MB to 271.2 MB.
Total: 21.168000 ms (FindLiveObjects: 0.648400 ms CreateObjectMapping: 0.536100 ms MarkObjects: 13.560900 ms  DeleteObjects: 6.421700 ms)

Unloading 11 Unused Serialized files (Serialized files now loaded: 0)
UnloadTime: 1.815200 ms
Loaded scene 'Assets/BorderRepair/FirstOrder/Scenes/Unit07FirstOrder_Test.unity'
	Deserialize:            29.314 ms
	Integration:            172.557 ms
	Integration of assets:  3.611 ms
	Thread Wait Time:       0.650 ms
	Total Operation Time:   206.132 ms
Unloading 3418 unused Assets / (2.5 MB). Loaded Objects now: 10448.
Memory consumption went from 242.8 MB to 240.3 MB.
Total: 15.716900 ms (FindLiveObjects: 0.589700 ms CreateObjectMapping: 0.317800 ms MarkObjects: 13.032100 ms  DeleteObjects: 1.776400 ms)

Unloading 11 Unused Serialized files (Serialized files now loaded: 0)
UnloadTime: 1.336300 ms
Loaded scene 'Assets/BorderRepair/FirstOrder/Scenes/Unit07FirstOrder_Test.unity'
	Deserialize:            31.201 ms
	Integration:            174.256 ms
	Integration of assets:  4.021 ms
	Thread Wait Time:       0.723 ms
	Total Operation Time:   210.201 ms
Unloading 3418 unused Assets / (1.7 MB). Loaded Objects now: 10448.
Memory consumption went from 242.2 MB to 240.5 MB.
Total: 15.258000 ms (FindLiveObjects: 0.608500 ms CreateObjectMapping: 0.335500 ms MarkObjects: 13.082600 ms  DeleteObjects: 1.230200 ms)

[FirstOrderTest] 翻面的上盖总成落点：位置差 0.000 mm，朝向差 0.000°
UnityEngine.Debug:ExtractStackTraceNoAlloc (byte*,int,string)
UnityEngine.StackTraceUtility:ExtractStackTrace ()
UnityEngine.DebugLogHandler:Internal_Log (UnityEngine.LogType,UnityEngine.LogOption,string,UnityEngine.Object)
UnityEngine.DebugLogHandler:LogFormat (UnityEngine.LogType,UnityEngine.Object,string,object[])
UnityEngine.Logger:Log (UnityEngine.LogType,object)
UnityEngine.Debug:Log (object)
BorderRepair.FirstOrder.Tests.FirstOrderPlayTests:AssertAtLanding (BorderRepair.FirstOrder.FirstOrderPart,BorderRepair.FirstOrder.FirstOrderDropZone,string) (at Assets/BorderRepair/FirstOrder/Tests/PlayMode/FirstOrderPlayTests.cs:183)
BorderRepair.FirstOrder.Tests.FirstOrderPlayTests/<MovedParts_NoTeleport_NoClipping>d__11:MoveNext () (at Assets/BorderRepair/FirstOrder/Tests/PlayMode/FirstOrderPlayTests.cs:161)
UnityEngine.TestTools.TestEnumerator/<Execute>d__7:MoveNext () (at ./Library/PackageCache/com.unity.test-framework@082c24152fd4/UnityEngine.TestRunner/NUnitExtensions/Attributes/TestEnumerator.cs:44)
UnityEngine.TestTools.EnumerableTestMethodCommand/<ExecuteEnumerableAndRecordExceptions>d__4:MoveNext () (at ./Library/PackageCache/com.unity.test-framework@082c24152fd4/UnityEngine.TestRunner/NUnitExtensions/Commands/EnumerableTestMethodCommand.cs:79)
UnityEngine.TestTools.EnumerableTestMethodCommand:AdvanceEnumerator (System.Collections.IEnumerator) (at ./Library/PackageCache/com.unity.test-framework@082c24152fd4/UnityEngine.TestRunner/NUnitExtensions/Commands/EnumerableTestMethodCommand.cs:64)
UnityEngine.TestTools.EnumerableTestMethodCommand/<ExecuteEnumerable>d__2:MoveNext () (at ./Library/PackageCache/com.unity.test-framework@082c24152fd4/UnityEngine.TestRunner/NUnitExtensions/Commands/EnumerableTestMethodCommand.cs:47)
UnityEngine.TestRunner.NUnitExtensions.Runner.UnityLogCheckDelegatingCommand/<ExecuteEnumerable>d__3:MoveNext () (at ./Library/PackageCache/com.unity.test-framework@082c24152fd4/UnityEngine.TestRunner/NUnitExtensions/Runner/UnityLogCheckDelegatingCommand.cs:48)
UnityEngine.TestTools.BeforeAfterTestCommandBase`1/<ExecuteEnumerable>d__16<NUnit.Framework.ITestAction>:MoveNext () (at ./Library/PackageCache/com.unity.test-framework@082c24152fd4/UnityEngine.TestRunner/NUnitExtensions/Commands/BeforeAfterTestCommandBase.cs:212)
UnityEngine.TestTools.BeforeAfterTestCommandBase`1/<ExecuteEnumerable>d__16<System.Reflection.MethodInfo>:MoveNext () (at ./Library/PackageCache/com.unity.test-framework@082c24152fd4/UnityEngine.TestRunner/NUnitExtensions/Commands/BeforeAfterTestCommandBase.cs:212)
UnityEngine.TestTools.BeforeAfterTestCommandBase`1/<ExecuteEnumerable>d__16<System.Reflection.MethodInfo>:MoveNext () (at ./Library/PackageCache/com.unity.test-framework@082c24152fd4/UnityEngine.TestRunner/NUnitExtensions/Commands/BeforeAfterTestCommandBase.cs:212)
UnityEngine.TestTools.BeforeAfterTestCommandBase`1/<ExecuteEnumerable>d__16<UnityEngine.TestTools.IOuterUnityTestAction>:MoveNext () (at ./Library/PackageCache/com.unity.test-framework@082c24152fd4/UnityEngine.TestRunner/NUnitExtensions/Commands/BeforeAfterTestCommandBase.cs:212)
UnityEngine.TestTools.RetryCommand/<ExecuteEnumerable>d__2:MoveNext () (at ./Library/PackageCache/com.unity.test-framework@082c24152fd4/UnityEngine.TestRunner/NUnitExtensions/Commands/RetryCommand.cs:37)
UnityEngine.TestTools.RepeatCommand/<ExecuteEnumerable>d__2:MoveNext () (at ./Library/PackageCache/com.unity.test-framework@082c24152fd4/UnityEngine.TestRunner/NUnitExtensions/Commands/RepeatCommand.cs:36)
UnityEngine.TestTools.IgnoreTestCommand/<ExecuteEnumerable>d__3:MoveNext () (at ./Library/PackageCache/com.unity.test-framework@082c24152fd4/UnityEngine.TestRunner/NUnitExtensions/Commands/IgnoreTestCommand.cs:42)
UnityEngine.TestTools.StrictCheckCommand/<ExecuteEnumerable>d__2:MoveNext () (at ./Library/PackageCache/com.unity.test-framework@082c24152fd4/UnityEngine.TestRunner/NUnitExtensions/Commands/StrictCheckCommand.cs:29)
UnityEngine.TestTools.Utils.CoroutineRunner/<WrapEnumeratorForChecks>d__8:MoveNext () (at ./Library/PackageCache/com.unity.test-framework@082c24152fd4/UnityEngine.TestRunner/Utils/CoroutineRunner.cs:58)
UnityEngine.SetupCoroutine:InvokeMoveNext (System.Collections.IEnumerator,intptr)

(Filename: Assets/BorderRepair/FirstOrder/Tests/PlayMode/FirstOrderPlayTests.cs Line: 183)

[FirstOrderTest] 旧轴承落点：位置差 0.000 mm，朝向差 0.000°
UnityEngine.Debug:ExtractStackTraceNoAlloc (byte*,int,string)
UnityEngine.StackTraceUtility:ExtractStackTrace ()
UnityEngine.DebugLogHandler:Internal_Log (UnityEngine.LogType,UnityEngine.LogOption,string,UnityEngine.Object)
UnityEngine.DebugLogHandler:LogFormat (UnityEngine.LogType,UnityEngine.Object,string,object[])
UnityEngine.Logger:Log (UnityEngine.LogType,object)
UnityEngine.Debug:Log (object)
BorderRepair.FirstOrder.Tests.FirstOrderPlayTests:AssertAtLanding (BorderRepair.FirstOrder.FirstOrderPart,BorderRepair.FirstOrder.FirstOrderDropZone,string) (at Assets/BorderRepair/FirstOrder/Tests/PlayMode/FirstOrderPlayTests.cs:183)
BorderRepair.FirstOrder.Tests.FirstOrderPlayTests/<MovedParts_NoTeleport_NoClipping>d__11:MoveNext () (at Assets/BorderRepair/FirstOrder/Tests/PlayMode/FirstOrderPlayTests.cs:162)
UnityEngine.TestTools.TestEnumerator/<Execute>d__7:MoveNext () (at ./Library/PackageCache/com.unity.test-framework@082c24152fd4/UnityEngine.TestRunner/NUnitExtensions/Attributes/TestEnumerator.cs:44)
UnityEngine.TestTools.EnumerableTestMethodCommand/<ExecuteEnumerableAndRecordExceptions>d__4:MoveNext () (at ./Library/PackageCache/com.unity.test-framework@082c24152fd4/UnityEngine.TestRunner/NUnitExtensions/Commands/EnumerableTestMethodCommand.cs:79)
UnityEngine.TestTools.EnumerableTestMethodCommand:AdvanceEnumerator (System.Collections.IEnumerator) (at ./Library/PackageCache/com.unity.test-framework@082c24152fd4/UnityEngine.TestRunner/NUnitExtensions/Commands/EnumerableTestMethodCommand.cs:64)
UnityEngine.TestTools.EnumerableTestMethodCommand/<ExecuteEnumerable>d__2:MoveNext () (at ./Library/PackageCache/com.unity.test-framework@082c24152fd4/UnityEngine.TestRunner/NUnitExtensions/Commands/EnumerableTestMethodCommand.cs:47)
UnityEngine.TestRunner.NUnitExtensions.Runner.UnityLogCheckDelegatingCommand/<ExecuteEnumerable>d__3:MoveNext () (at ./Library/PackageCache/com.unity.test-framework@082c24152fd4/UnityEngine.TestRunner/NUnitExtensions/Runner/UnityLogCheckDelegatingCommand.cs:48)
UnityEngine.TestTools.BeforeAfterTestCommandBase`1/<ExecuteEnumerable>d__16<NUnit.Framework.ITestAction>:MoveNext () (at ./Library/PackageCache/com.unity.test-framework@082c24152fd4/UnityEngine.TestRunner/NUnitExtensions/Commands/BeforeAfterTestCommandBase.cs:212)
UnityEngine.TestTools.BeforeAfterTestCommandBase`1/<ExecuteEnumerable>d__16<System.Reflection.MethodInfo>:MoveNext () (at ./Library/PackageCache/com.unity.test-framework@082c24152fd4/UnityEngine.TestRunner/NUnitExtensions/Commands/BeforeAfterTestCommandBase.cs:212)
UnityEngine.TestTools.BeforeAfterTestCommandBase`1/<ExecuteEnumerable>d__16<System.Reflection.MethodInfo>:MoveNext () (at ./Library/PackageCache/com.unity.test-framework@082c24152fd4/UnityEngine.TestRunner/NUnitExtensions/Commands/BeforeAfterTestCommandBase.cs:212)
UnityEngine.TestTools.BeforeAfterTestCommandBase`1/<ExecuteEnumerable>d__16<UnityEngine.TestTools.IOuterUnityTestAction>:MoveNext () (at ./Library/PackageCache/com.unity.test-framework@082c24152fd4/UnityEngine.TestRunner/NUnitExtensions/Commands/BeforeAfterTestCommandBase.cs:212)
UnityEngine.TestTools.RetryCommand/<ExecuteEnumerable>d__2:MoveNext () (at ./Library/PackageCache/com.unity.test-framework@082c24152fd4/UnityEngine.TestRunner/NUnitExtensions/Commands/RetryCommand.cs:37)
UnityEngine.TestTools.RepeatCommand/<ExecuteEnumerable>d__2:MoveNext () (at ./Library/PackageCache/com.unity.test-framework@082c24152fd4/UnityEngine.TestRunner/NUnitExtensions/Commands/RepeatCommand.cs:36)
UnityEngine.TestTools.IgnoreTestCommand/<ExecuteEnumerable>d__3:MoveNext () (at ./Library/PackageCache/com.unity.test-framework@082c24152fd4/UnityEngine.TestRunner/NUnitExtensions/Commands/IgnoreTestCommand.cs:42)
UnityEngine.TestTools.StrictCheckCommand/<ExecuteEnumerable>d__2:MoveNext () (at ./Library/PackageCache/com.unity.test-framework@082c24152fd4/UnityEngine.TestRunner/NUnitExtensions/Commands/StrictCheckCommand.cs:29)
UnityEngine.TestTools.Utils.CoroutineRunner/<WrapEnumeratorForChecks>d__8:MoveNext () (at ./Library/PackageCache/com.unity.test-framework@082c24152fd4/UnityEngine.TestRunner/Utils/CoroutineRunner.cs:58)
UnityEngine.SetupCoroutine:InvokeMoveNext (System.Collections.IEnumerator,intptr)

(Filename: Assets/BorderRepair/FirstOrder/Tests/PlayMode/FirstOrderPlayTests.cs Line: 183)

[FirstOrderTest] 保养标记法线与竖直向上夹角 1.8°
UnityEngine.Debug:ExtractStackTraceNoAlloc (byte*,int,string)
UnityEngine.StackTraceUtility:ExtractStackTrace ()
UnityEngine.DebugLogHandler:Internal_Log (UnityEngine.LogType,UnityEngine.LogOption,string,UnityEngine.Object)
UnityEngine.DebugLogHandler:LogFormat (UnityEngine.LogType,UnityEngine.Object,string,object[])
UnityEngine.Logger:Log (UnityEngine.LogType,object)
UnityEngine.Debug:Log (object)
BorderRepair.FirstOrder.Tests.FirstOrderPlayTests/<MovedParts_NoTeleport_NoClipping>d__11:MoveNext () (at Assets/BorderRepair/FirstOrder/Tests/PlayMode/FirstOrderPlayTests.cs:165)
UnityEngine.TestTools.TestEnumerator/<Execute>d__7:MoveNext () (at ./Library/PackageCache/com.unity.test-framework@082c24152fd4/UnityEngine.TestRunner/NUnitExtensions/Attributes/TestEnumerator.cs:44)
UnityEngine.TestTools.EnumerableTestMethodCommand/<ExecuteEnumerableAndRecordExceptions>d__4:MoveNext () (at ./Library/PackageCache/com.unity.test-framework@082c24152fd4/UnityEngine.TestRunner/NUnitExtensions/Commands/EnumerableTestMethodCommand.cs:79)
UnityEngine.TestTools.EnumerableTestMethodCommand:AdvanceEnumerator (System.Collections.IEnumerator) (at ./Library/PackageCache/com.unity.test-framework@082c24152fd4/UnityEngine.TestRunner/NUnitExtensions/Commands/EnumerableTestMethodCommand.cs:64)
UnityEngine.TestTools.EnumerableTestMethodCommand/<ExecuteEnumerable>d__2:MoveNext () (at ./Library/PackageCache/com.unity.test-framework@082c24152fd4/UnityEngine.TestRunner/NUnitExtensions/Commands/EnumerableTestMethodCommand.cs:47)
UnityEngine.TestRunner.NUnitExtensions.Runner.UnityLogCheckDelegatingCommand/<ExecuteEnumerable>d__3:MoveNext () (at ./Library/PackageCache/com.unity.test-framework@082c24152fd4/UnityEngine.TestRunner/NUnitExtensions/Runner/UnityLogCheckDelegatingCommand.cs:48)
UnityEngine.TestTools.BeforeAfterTestCommandBase`1/<ExecuteEnumerable>d__16<NUnit.Framework.ITestAction>:MoveNext () (at ./Library/PackageCache/com.unity.test-framework@082c24152fd4/UnityEngine.TestRunner/NUnitExtensions/Commands/BeforeAfterTestCommandBase.cs:212)
UnityEngine.TestTools.BeforeAfterTestCommandBase`1/<ExecuteEnumerable>d__16<System.Reflection.MethodInfo>:MoveNext () (at ./Library/PackageCache/com.unity.test-framework@082c24152fd4/UnityEngine.TestRunner/NUnitExtensions/Commands/BeforeAfterTestCommandBase.cs:212)
UnityEngine.TestTools.BeforeAfterTestCommandBase`1/<ExecuteEnumerable>d__16<System.Reflection.MethodInfo>:MoveNext () (at ./Library/PackageCache/com.unity.test-framework@082c24152fd4/UnityEngine.TestRunner/NUnitExtensions/Commands/BeforeAfterTestCommandBase.cs:212)
UnityEngine.TestTools.BeforeAfterTestCommandBase`1/<ExecuteEnumerable>d__16<UnityEngine.TestTools.IOuterUnityTestAction>:MoveNext () (at ./Library/PackageCache/com.unity.test-framework@082c24152fd4/UnityEngine.TestRunner/NUnitExtensions/Commands/BeforeAfterTestCommandBase.cs:212)
UnityEngine.TestTools.RetryCommand/<ExecuteEnumerable>d__2:MoveNext () (at ./Library/PackageCache/com.unity.test-framework@082c24152fd4/UnityEngine.TestRunner/NUnitExtensions/Commands/RetryCommand.cs:37)
UnityEngine.TestTools.RepeatCommand/<ExecuteEnumerable>d__2:MoveNext () (at ./Library/PackageCache/com.unity.test-framework@082c24152fd4/UnityEngine.TestRunner/NUnitExtensions/Commands/RepeatCommand.cs:36)
UnityEngine.TestTools.IgnoreTestCommand/<ExecuteEnumerable>d__3:MoveNext () (at ./Library/PackageCache/com.unity.test-framework@082c24152fd4/UnityEngine.TestRunner/NUnitExtensions/Commands/IgnoreTestCommand.cs:42)
UnityEngine.TestTools.StrictCheckCommand/<ExecuteEnumerable>d__2:MoveNext () (at ./Library/PackageCache/com.unity.test-framework@082c24152fd4/UnityEngine.TestRunner/NUnitExtensions/Commands/StrictCheckCommand.cs:29)
UnityEngine.TestTools.Utils.CoroutineRunner/<WrapEnumeratorForChecks>d__8:MoveNext () (at ./Library/PackageCache/com.unity.test-framework@082c24152fd4/UnityEngine.TestRunner/Utils/CoroutineRunner.cs:58)
UnityEngine.SetupCoroutine:InvokeMoveNext (System.Collections.IEnumerator,intptr)

(Filename: Assets/BorderRepair/FirstOrder/Tests/PlayMode/FirstOrderPlayTests.cs Line: 165)

[FirstOrderTest] 逐帧：1506 帧，最大单帧位移 36.3 mm（engine_l_bearing_new 第 850 帧（FetchNewBearing）），最大单帧转角 6.21°（engine_l_cover 第 507 帧（PlaceCover））；搬运途中检查了 562 帧（engine_l_cover：搬运时中心高 1.697 m（沿途最高 Lamp_Head），低空钻进落点（上方有台灯）；engine_l_bearing：搬运时中心高 1.435 m（沿途最高 TopCover_Ridge）；engine_l_bearing_new：搬运时中心高 1.434 m（沿途最高 TopCover_Ridge）；engine_l_cover：搬运时中心高 1.699 m（沿途最高 Lamp_Head），从工作台低空钻出），包围盒粗筛有重叠的 0 次，凸包精查穿入 0 处；没有碰撞、只能比包围盒、包围盒有交叠的物件：engine_l_bearing↔Tray_Screws（PlaceOldBearing）、engine_l_bearing↔Marker（PlaceOldBearing）、engine_l_bearing_new↔Box_Bearings（FetchNewBearing）
UnityEngine.Debug:ExtractStackTraceNoAlloc (byte*,int,string)
UnityEngine.StackTraceUtility:ExtractStackTrace ()
UnityEngine.DebugLogHandler:Internal_Log (UnityEngine.LogType,UnityEngine.LogOption,string,UnityEngine.Object)
UnityEngine.DebugLogHandler:LogFormat (UnityEngine.LogType,UnityEngine.Object,string,object[])
UnityEngine.Logger:Log (UnityEngine.LogType,object)
UnityEngine.Debug:Log (object)
BorderRepair.FirstOrder.Tests.FirstOrderPlayTests/<MovedParts_NoTeleport_NoClipping>d__11:MoveNext () (at Assets/BorderRepair/FirstOrder/Tests/PlayMode/FirstOrderPlayTests.cs:170)
UnityEngine.TestTools.TestEnumerator/<Execute>d__7:MoveNext () (at ./Library/PackageCache/com.unity.test-framework@082c24152fd4/UnityEngine.TestRunner/NUnitExtensions/Attributes/TestEnumerator.cs:44)
UnityEngine.TestTools.EnumerableTestMethodCommand/<ExecuteEnumerableAndRecordExceptions>d__4:MoveNext () (at ./Library/PackageCache/com.unity.test-framework@082c24152fd4/UnityEngine.TestRunner/NUnitExtensions/Commands/EnumerableTestMethodCommand.cs:79)
UnityEngine.TestTools.EnumerableTestMethodCommand:AdvanceEnumerator (System.Collections.IEnumerator) (at ./Library/PackageCache/com.unity.test-framework@082c24152fd4/UnityEngine.TestRunner/NUnitExtensions/Commands/EnumerableTestMethodCommand.cs:64)
UnityEngine.TestTools.EnumerableTestMethodCommand/<ExecuteEnumerable>d__2:MoveNext () (at ./Library/PackageCache/com.unity.test-framework@082c24152fd4/UnityEngine.TestRunner/NUnitExtensions/Commands/EnumerableTestMethodCommand.cs:47)
UnityEngine.TestRunner.NUnitExtensions.Runner.UnityLogCheckDelegatingCommand/<ExecuteEnumerable>d__3:MoveNext () (at ./Library/PackageCache/com.unity.test-framework@082c24152fd4/UnityEngine.TestRunner/NUnitExtensions/Runner/UnityLogCheckDelegatingCommand.cs:48)
UnityEngine.TestTools.BeforeAfterTestCommandBase`1/<ExecuteEnumerable>d__16<NUnit.Framework.ITestAction>:MoveNext () (at ./Library/PackageCache/com.unity.test-framework@082c24152fd4/UnityEngine.TestRunner/NUnitExtensions/Commands/BeforeAfterTestCommandBase.cs:212)
UnityEngine.TestTools.BeforeAfterTestCommandBase`1/<ExecuteEnumerable>d__16<System.Reflection.MethodInfo>:MoveNext () (at ./Library/PackageCache/com.unity.test-framework@082c24152fd4/UnityEngine.TestRunner/NUnitExtensions/Commands/BeforeAfterTestCommandBase.cs:212)
UnityEngine.TestTools.BeforeAfterTestCommandBase`1/<ExecuteEnumerable>d__16<System.Reflection.MethodInfo>:MoveNext () (at ./Library/PackageCache/com.unity.test-framework@082c24152fd4/UnityEngine.TestRunner/NUnitExtensions/Commands/BeforeAfterTestCommandBase.cs:212)
UnityEngine.TestTools.BeforeAfterTestCommandBase`1/<ExecuteEnumerable>d__16<UnityEngine.TestTools.IOuterUnityTestAction>:MoveNext () (at ./Library/PackageCache/com.unity.test-framework@082c24152fd4/UnityEngine.TestRunner/NUnitExtensions/Commands/BeforeAfterTestCommandBase.cs:212)
UnityEngine.TestTools.RetryCommand/<ExecuteEnumerable>d__2:MoveNext () (at ./Library/PackageCache/com.unity.test-framework@082c24152fd4/UnityEngine.TestRunner/NUnitExtensions/Commands/RetryCommand.cs:37)
UnityEngine.TestTools.RepeatCommand/<ExecuteEnumerable>d__2:MoveNext () (at ./Library/PackageCache/com.unity.test-framework@082c24152fd4/UnityEngine.TestRunner/NUnitExtensions/Commands/RepeatCommand.cs:36)
UnityEngine.TestTools.IgnoreTestCommand/<ExecuteEnumerable>d__3:MoveNext () (at ./Library/PackageCache/com.unity.test-framework@082c24152fd4/UnityEngine.TestRunner/NUnitExtensions/Commands/IgnoreTestCommand.cs:42)
UnityEngine.TestTools.StrictCheckCommand/<ExecuteEnumerable>d__2:MoveNext () (at ./Library/PackageCache/com.unity.test-framework@082c24152fd4/UnityEngine.TestRunner/NUnitExtensions/Commands/StrictCheckCommand.cs:29)
UnityEngine.TestTools.Utils.CoroutineRunner/<WrapEnumeratorForChecks>d__8:MoveNext () (at ./Library/PackageCache/com.unity.test-framework@082c24152fd4/UnityEngine.TestRunner/Utils/CoroutineRunner.cs:58)
UnityEngine.SetupCoroutine:InvokeMoveNext (System.Collections.IEnumerator,intptr)

(Filename: Assets/BorderRepair/FirstOrder/Tests/PlayMode/FirstOrderPlayTests.cs Line: 170)

Unloading 11 Unused Serialized files (Serialized files now loaded: 0)
UnloadTime: 1.458600 ms
Loaded scene 'Assets/BorderRepair/FirstOrder/Scenes/Unit07FirstOrder_Test.unity'
	Deserialize:            27.613 ms
	Integration:            174.307 ms
	Integration of assets:  3.777 ms
	Thread Wait Time:       0.822 ms
	Total Operation Time:   206.519 ms
Unloading 3418 unused Assets / (1.7 MB). Loaded Objects now: 10448.
Memory consumption went from 242.2 MB to 240.5 MB.
Total: 15.813200 ms (FindLiveObjects: 0.763300 ms CreateObjectMapping: 0.325800 ms MarkObjects: 13.488100 ms  DeleteObjects: 1.235000 ms)

[FirstOrderTest] 新旧轴承逐帧核对：1506 帧，同时在轴承位的最多 1 个；违规 0 条
UnityEngine.Debug:ExtractStackTraceNoAlloc (byte*,int,string)
UnityEngine.StackTraceUtility:ExtractStackTrace ()
UnityEngine.DebugLogHandler:Internal_Log (UnityEngine.LogType,UnityEngine.LogOption,string,UnityEngine.Object)
UnityEngine.DebugLogHandler:LogFormat (UnityEngine.LogType,UnityEngine.Object,string,object[])
UnityEngine.Logger:Log (UnityEngine.LogType,object)
UnityEngine.Debug:Log (object)
BorderRepair.FirstOrder.Tests.FirstOrderPlayTests/<OldAndNewBearings_NeverShownTogether>d__10:MoveNext () (at Assets/BorderRepair/FirstOrder/Tests/PlayMode/FirstOrderPlayTests.cs:137)
UnityEngine.TestTools.TestEnumerator/<Execute>d__7:MoveNext () (at ./Library/PackageCache/com.unity.test-framework@082c24152fd4/UnityEngine.TestRunner/NUnitExtensions/Attributes/TestEnumerator.cs:44)
UnityEngine.TestTools.EnumerableTestMethodCommand/<ExecuteEnumerableAndRecordExceptions>d__4:MoveNext () (at ./Library/PackageCache/com.unity.test-framework@082c24152fd4/UnityEngine.TestRunner/NUnitExtensions/Commands/EnumerableTestMethodCommand.cs:79)
UnityEngine.TestTools.EnumerableTestMethodCommand:AdvanceEnumerator (System.Collections.IEnumerator) (at ./Library/PackageCache/com.unity.test-framework@082c24152fd4/UnityEngine.TestRunner/NUnitExtensions/Commands/EnumerableTestMethodCommand.cs:64)
UnityEngine.TestTools.EnumerableTestMethodCommand/<ExecuteEnumerable>d__2:MoveNext () (at ./Library/PackageCache/com.unity.test-framework@082c24152fd4/UnityEngine.TestRunner/NUnitExtensions/Commands/EnumerableTestMethodCommand.cs:47)
UnityEngine.TestRunner.NUnitExtensions.Runner.UnityLogCheckDelegatingCommand/<ExecuteEnumerable>d__3:MoveNext () (at ./Library/PackageCache/com.unity.test-framework@082c24152fd4/UnityEngine.TestRunner/NUnitExtensions/Runner/UnityLogCheckDelegatingCommand.cs:48)
UnityEngine.TestTools.BeforeAfterTestCommandBase`1/<ExecuteEnumerable>d__16<NUnit.Framework.ITestAction>:MoveNext () (at ./Library/PackageCache/com.unity.test-framework@082c24152fd4/UnityEngine.TestRunner/NUnitExtensions/Commands/BeforeAfterTestCommandBase.cs:212)
UnityEngine.TestTools.BeforeAfterTestCommandBase`1/<ExecuteEnumerable>d__16<System.Reflection.MethodInfo>:MoveNext () (at ./Library/PackageCache/com.unity.test-framework@082c24152fd4/UnityEngine.TestRunner/NUnitExtensions/Commands/BeforeAfterTestCommandBase.cs:212)
UnityEngine.TestTools.BeforeAfterTestCommandBase`1/<ExecuteEnumerable>d__16<System.Reflection.MethodInfo>:MoveNext () (at ./Library/PackageCache/com.unity.test-framework@082c24152fd4/UnityEngine.TestRunner/NUnitExtensions/Commands/BeforeAfterTestCommandBase.cs:212)
UnityEngine.TestTools.BeforeAfterTestCommandBase`1/<ExecuteEnumerable>d__16<UnityEngine.TestTools.IOuterUnityTestAction>:MoveNext () (at ./Library/PackageCache/com.unity.test-framework@082c24152fd4/UnityEngine.TestRunner/NUnitExtensions/Commands/BeforeAfterTestCommandBase.cs:212)
UnityEngine.TestTools.RetryCommand/<ExecuteEnumerable>d__2:MoveNext () (at ./Library/PackageCache/com.unity.test-framework@082c24152fd4/UnityEngine.TestRunner/NUnitExtensions/Commands/RetryCommand.cs:37)
UnityEngine.TestTools.RepeatCommand/<ExecuteEnumerable>d__2:MoveNext () (at ./Library/PackageCache/com.unity.test-framework@082c24152fd4/UnityEngine.TestRunner/NUnitExtensions/Commands/RepeatCommand.cs:36)
UnityEngine.TestTools.IgnoreTestCommand/<ExecuteEnumerable>d__3:MoveNext () (at ./Library/PackageCache/com.unity.test-framework@082c24152fd4/UnityEngine.TestRunner/NUnitExtensions/Commands/IgnoreTestCommand.cs:42)
UnityEngine.TestTools.StrictCheckCommand/<ExecuteEnumerable>d__2:MoveNext () (at ./Library/PackageCache/com.unity.test-framework@082c24152fd4/UnityEngine.TestRunner/NUnitExtensions/Commands/StrictCheckCommand.cs:29)
UnityEngine.TestTools.Utils.CoroutineRunner/<WrapEnumeratorForChecks>d__8:MoveNext () (at ./Library/PackageCache/com.unity.test-framework@082c24152fd4/UnityEngine.TestRunner/Utils/CoroutineRunner.cs:58)
UnityEngine.SetupCoroutine:InvokeMoveNext (System.Collections.IEnumerator,intptr)

(Filename: Assets/BorderRepair/FirstOrder/Tests/PlayMode/FirstOrderPlayTests.cs Line: 137)

Unloading 11 Unused Serialized files (Serialized files now loaded: 0)
UnloadTime: 1.391700 ms
Loaded scene 'Assets/BorderRepair/FirstOrder/Scenes/Unit07FirstOrder_Test.unity'
	Deserialize:            29.328 ms
	Integration:            174.173 ms
	Integration of assets:  3.587 ms
	Thread Wait Time:       0.746 ms
	Total Operation Time:   207.834 ms
Unloading 3418 unused Assets / (1.5 MB). Loaded Objects now: 10448.
Memory consumption went from 242.3 MB to 240.7 MB.
Total: 15.632900 ms (FindLiveObjects: 0.554900 ms CreateObjectMapping: 0.324500 ms MarkObjects: 13.500500 ms  DeleteObjects: 1.251900 ms)

Unloading 11 Unused Serialized files (Serialized files now loaded: 0)
UnloadTime: 1.614400 ms
Loaded scene 'Assets/BorderRepair/FirstOrder/Scenes/Unit07FirstOrder_Test.unity'
	Deserialize:            31.029 ms
	Integration:            175.544 ms
	Integration of assets:  3.906 ms
	Thread Wait Time:       0.784 ms
	Total Operation Time:   211.264 ms
Unloading 3418 unused Assets / (1.8 MB). Loaded Objects now: 10448.
Memory consumption went from 242.3 MB to 240.4 MB.
Total: 17.694000 ms (FindLiveObjects: 0.781700 ms CreateObjectMapping: 0.299200 ms MarkObjects: 14.959800 ms  DeleteObjects: 1.652300 ms)

Couldn't create a Convex Mesh from source mesh, within the maximum polygons limit (256). The partial hull will be used. Consider simplifying your mesh. Source mesh name: Engine_LowerCover_L
UnityEngine.Debug:ExtractStackTraceNoAlloc (byte*,int,string)
UnityEngine.StackTraceUtility:ExtractStackTrace ()
UnityEngine.MeshCollider:set_sharedMesh (UnityEngine.Mesh)
BorderRepair.FirstOrder.Tests.FirstOrderPlayTests:Sweep (BorderRepair.FirstOrder.FirstOrderPart,UnityEngine.Vector3,single,System.Collections.Generic.HashSet`1<string>) (at Assets/BorderRepair/FirstOrder/Tests/PlayMode/FirstOrderPlayTests.cs:246)
BorderRepair.FirstOrder.Tests.FirstOrderPlayTests/<RemovalPaths_DoNotPassThroughOtherRobotParts>d__14:MoveNext () (at Assets/BorderRepair/FirstOrder/Tests/PlayMode/FirstOrderPlayTests.cs:206)
UnityEngine.TestTools.TestEnumerator/<Execute>d__7:MoveNext () (at ./Library/PackageCache/com.unity.test-framework@082c24152fd4/UnityEngine.TestRunner/NUnitExtensions/Attributes/TestEnumerator.cs:44)
UnityEngine.TestTools.EnumerableTestMethodCommand/<ExecuteEnumerableAndRecordExceptions>d__4:MoveNext () (at ./Library/PackageCache/com.unity.test-framework@082c24152fd4/UnityEngine.TestRunner/NUnitExtensions/Commands/EnumerableTestMethodCommand.cs:79)
UnityEngine.TestTools.EnumerableTestMethodCommand:AdvanceEnumerator (System.Collections.IEnumerator) (at ./Library/PackageCache/com.unity.test-framework@082c24152fd4/UnityEngine.TestRunner/NUnitExtensions/Commands/EnumerableTestMethodCommand.cs:64)
UnityEngine.TestTools.EnumerableTestMethodCommand/<ExecuteEnumerable>d__2:MoveNext () (at ./Library/PackageCache/com.unity.test-framework@082c24152fd4/UnityEngine.TestRunner/NUnitExtensions/Commands/EnumerableTestMethodCommand.cs:47)
UnityEngine.TestRunner.NUnitExtensions.Runner.UnityLogCheckDelegatingCommand/<ExecuteEnumerable>d__3:MoveNext () (at ./Library/PackageCache/com.unity.test-framework@082c24152fd4/UnityEngine.TestRunner/NUnitExtensions/Runner/UnityLogCheckDelegatingCommand.cs:48)
UnityEngine.TestTools.BeforeAfterTestCommandBase`1/<ExecuteEnumerable>d__16<NUnit.Framework.ITestAction>:MoveNext () (at ./Library/PackageCache/com.unity.test-framework@082c24152fd4/UnityEngine.TestRunner/NUnitExtensions/Commands/BeforeAfterTestCommandBase.cs:212)
UnityEngine.TestTools.BeforeAfterTestCommandBase`1/<ExecuteEnumerable>d__16<System.Reflection.MethodInfo>:MoveNext () (at ./Library/PackageCache/com.unity.test-framework@082c24152fd4/UnityEngine.TestRunner/NUnitExtensions/Commands/BeforeAfterTestCommandBase.cs:212)
UnityEngine.TestTools.BeforeAfterTestCommandBase`1/<ExecuteEnumerable>d__16<System.Reflection.MethodInfo>:MoveNext () (at ./Library/PackageCache/com.unity.test-framework@082c24152fd4/UnityEngine.TestRunner/NUnitExtensions/Commands/BeforeAfterTestCommandBase.cs:212)
UnityEngine.TestTools.BeforeAfterTestCommandBase`1/<ExecuteEnumerable>d__16<UnityEngine.TestTools.IOuterUnityTestAction>:MoveNext () (at ./Library/PackageCache/com.unity.test-framework@082c24152fd4/UnityEngine.TestRunner/NUnitExtensions/Commands/BeforeAfterTestCommandBase.cs:212)
UnityEngine.TestTools.RetryCommand/<ExecuteEnumerable>d__2:MoveNext () (at ./Library/PackageCache/com.unity.test-framework@082c24152fd4/UnityEngine.TestRunner/NUnitExtensions/Commands/RetryCommand.cs:37)
UnityEngine.TestTools.RepeatCommand/<ExecuteEnumerable>d__2:MoveNext () (at ./Library/PackageCache/com.unity.test-framework@082c24152fd4/UnityEngine.TestRunner/NUnitExtensions/Commands/RepeatCommand.cs:36)
UnityEngine.TestTools.IgnoreTestCommand/<ExecuteEnumerable>d__3:MoveNext () (at ./Library/PackageCache/com.unity.test-framework@082c24152fd4/UnityEngine.TestRunner/NUnitExtensions/Commands/IgnoreTestCommand.cs:42)
UnityEngine.TestTools.StrictCheckCommand/<ExecuteEnumerable>d__2:MoveNext () (at ./Library/PackageCache/com.unity.test-framework@082c24152fd4/UnityEngine.TestRunner/NUnitExtensions/Commands/StrictCheckCommand.cs:29)
UnityEngine.TestTools.Utils.CoroutineRunner/<WrapEnumeratorForChecks>d__8:MoveNext () (at ./Library/PackageCache/com.unity.test-framework@082c24152fd4/UnityEngine.TestRunner/Utils/CoroutineRunner.cs:58)
UnityEngine.SetupCoroutine:InvokeMoveNext (System.Collections.IEnumerator,intptr)

[Assets/BorderRepair/FirstOrder/Tests/PlayMode/FirstOrderPlayTests.cs line 246]

[FirstOrderTest] Engine_UpperCover_L：检查了 8 个邻近零件；原位就与凸包重叠、凸包方法判断不了的：无
UnityEngine.Debug:ExtractStackTraceNoAlloc (byte*,int,string)
UnityEngine.StackTraceUtility:ExtractStackTrace ()
UnityEngine.DebugLogHandler:Internal_Log (UnityEngine.LogType,UnityEngine.LogOption,string,UnityEngine.Object)
UnityEngine.DebugLogHandler:LogFormat (UnityEngine.LogType,UnityEngine.Object,string,object[])
UnityEngine.Logger:Log (UnityEngine.LogType,object)
UnityEngine.Debug:Log (object)
BorderRepair.FirstOrder.Tests.FirstOrderPlayTests:Sweep (BorderRepair.FirstOrder.FirstOrderPart,UnityEngine.Vector3,single,System.Collections.Generic.HashSet`1<string>) (at Assets/BorderRepair/FirstOrder/Tests/PlayMode/FirstOrderPlayTests.cs:264)
BorderRepair.FirstOrder.Tests.FirstOrderPlayTests/<RemovalPaths_DoNotPassThroughOtherRobotParts>d__14:MoveNext () (at Assets/BorderRepair/FirstOrder/Tests/PlayMode/FirstOrderPlayTests.cs:206)
UnityEngine.TestTools.TestEnumerator/<Execute>d__7:MoveNext () (at ./Library/PackageCache/com.unity.test-framework@082c24152fd4/UnityEngine.TestRunner/NUnitExtensions/Attributes/TestEnumerator.cs:44)
UnityEngine.TestTools.EnumerableTestMethodCommand/<ExecuteEnumerableAndRecordExceptions>d__4:MoveNext () (at ./Library/PackageCache/com.unity.test-framework@082c24152fd4/UnityEngine.TestRunner/NUnitExtensions/Commands/EnumerableTestMethodCommand.cs:79)
UnityEngine.TestTools.EnumerableTestMethodCommand:AdvanceEnumerator (System.Collections.IEnumerator) (at ./Library/PackageCache/com.unity.test-framework@082c24152fd4/UnityEngine.TestRunner/NUnitExtensions/Commands/EnumerableTestMethodCommand.cs:64)
UnityEngine.TestTools.EnumerableTestMethodCommand/<ExecuteEnumerable>d__2:MoveNext () (at ./Library/PackageCache/com.unity.test-framework@082c24152fd4/UnityEngine.TestRunner/NUnitExtensions/Commands/EnumerableTestMethodCommand.cs:47)
UnityEngine.TestRunner.NUnitExtensions.Runner.UnityLogCheckDelegatingCommand/<ExecuteEnumerable>d__3:MoveNext () (at ./Library/PackageCache/com.unity.test-framework@082c24152fd4/UnityEngine.TestRunner/NUnitExtensions/Runner/UnityLogCheckDelegatingCommand.cs:48)
UnityEngine.TestTools.BeforeAfterTestCommandBase`1/<ExecuteEnumerable>d__16<NUnit.Framework.ITestAction>:MoveNext () (at ./Library/PackageCache/com.unity.test-framework@082c24152fd4/UnityEngine.TestRunner/NUnitExtensions/Commands/BeforeAfterTestCommandBase.cs:212)
UnityEngine.TestTools.BeforeAfterTestCommandBase`1/<ExecuteEnumerable>d__16<System.Reflection.MethodInfo>:MoveNext () (at ./Library/PackageCache/com.unity.test-framework@082c24152fd4/UnityEngine.TestRunner/NUnitExtensions/Commands/BeforeAfterTestCommandBase.cs:212)
UnityEngine.TestTools.BeforeAfterTestCommandBase`1/<ExecuteEnumerable>d__16<System.Reflection.MethodInfo>:MoveNext () (at ./Library/PackageCache/com.unity.test-framework@082c24152fd4/UnityEngine.TestRunner/NUnitExtensions/Commands/BeforeAfterTestCommandBase.cs:212)
UnityEngine.TestTools.BeforeAfterTestCommandBase`1/<ExecuteEnumerable>d__16<UnityEngine.TestTools.IOuterUnityTestAction>:MoveNext () (at ./Library/PackageCache/com.unity.test-framework@082c24152fd4/UnityEngine.TestRunner/NUnitExtensions/Commands/BeforeAfterTestCommandBase.cs:212)
UnityEngine.TestTools.RetryCommand/<ExecuteEnumerable>d__2:MoveNext () (at ./Library/PackageCache/com.unity.test-framework@082c24152fd4/UnityEngine.TestRunner/NUnitExtensions/Commands/RetryCommand.cs:37)
UnityEngine.TestTools.RepeatCommand/<ExecuteEnumerable>d__2:MoveNext () (at ./Library/PackageCache/com.unity.test-framework@082c24152fd4/UnityEngine.TestRunner/NUnitExtensions/Commands/RepeatCommand.cs:36)
UnityEngine.TestTools.IgnoreTestCommand/<ExecuteEnumerable>d__3:MoveNext () (at ./Library/PackageCache/com.unity.test-framework@082c24152fd4/UnityEngine.TestRunner/NUnitExtensions/Commands/IgnoreTestCommand.cs:42)
UnityEngine.TestTools.StrictCheckCommand/<ExecuteEnumerable>d__2:MoveNext () (at ./Library/PackageCache/com.unity.test-framework@082c24152fd4/UnityEngine.TestRunner/NUnitExtensions/Commands/StrictCheckCommand.cs:29)
UnityEngine.TestTools.Utils.CoroutineRunner/<WrapEnumeratorForChecks>d__8:MoveNext () (at ./Library/PackageCache/com.unity.test-framework@082c24152fd4/UnityEngine.TestRunner/Utils/CoroutineRunner.cs:58)
UnityEngine.SetupCoroutine:InvokeMoveNext (System.Collections.IEnumerator,intptr)

(Filename: Assets/BorderRepair/FirstOrder/Tests/PlayMode/FirstOrderPlayTests.cs Line: 264)

[FirstOrderTest] 上盖总成抬起 10 cm 途中穿入：无
UnityEngine.Debug:ExtractStackTraceNoAlloc (byte*,int,string)
UnityEngine.StackTraceUtility:ExtractStackTrace ()
UnityEngine.DebugLogHandler:Internal_Log (UnityEngine.LogType,UnityEngine.LogOption,string,UnityEngine.Object)
UnityEngine.DebugLogHandler:LogFormat (UnityEngine.LogType,UnityEngine.Object,string,object[])
UnityEngine.Logger:Log (UnityEngine.LogType,object)
UnityEngine.Debug:Log (object)
BorderRepair.FirstOrder.Tests.FirstOrderPlayTests/<RemovalPaths_DoNotPassThroughOtherRobotParts>d__14:MoveNext () (at Assets/BorderRepair/FirstOrder/Tests/PlayMode/FirstOrderPlayTests.cs:207)
UnityEngine.TestTools.TestEnumerator/<Execute>d__7:MoveNext () (at ./Library/PackageCache/com.unity.test-framework@082c24152fd4/UnityEngine.TestRunner/NUnitExtensions/Attributes/TestEnumerator.cs:44)
UnityEngine.TestTools.EnumerableTestMethodCommand/<ExecuteEnumerableAndRecordExceptions>d__4:MoveNext () (at ./Library/PackageCache/com.unity.test-framework@082c24152fd4/UnityEngine.TestRunner/NUnitExtensions/Commands/EnumerableTestMethodCommand.cs:79)
UnityEngine.TestTools.EnumerableTestMethodCommand:AdvanceEnumerator (System.Collections.IEnumerator) (at ./Library/PackageCache/com.unity.test-framework@082c24152fd4/UnityEngine.TestRunner/NUnitExtensions/Commands/EnumerableTestMethodCommand.cs:64)
UnityEngine.TestTools.EnumerableTestMethodCommand/<ExecuteEnumerable>d__2:MoveNext () (at ./Library/PackageCache/com.unity.test-framework@082c24152fd4/UnityEngine.TestRunner/NUnitExtensions/Commands/EnumerableTestMethodCommand.cs:47)
UnityEngine.TestRunner.NUnitExtensions.Runner.UnityLogCheckDelegatingCommand/<ExecuteEnumerable>d__3:MoveNext () (at ./Library/PackageCache/com.unity.test-framework@082c24152fd4/UnityEngine.TestRunner/NUnitExtensions/Runner/UnityLogCheckDelegatingCommand.cs:48)
UnityEngine.TestTools.BeforeAfterTestCommandBase`1/<ExecuteEnumerable>d__16<NUnit.Framework.ITestAction>:MoveNext () (at ./Library/PackageCache/com.unity.test-framework@082c24152fd4/UnityEngine.TestRunner/NUnitExtensions/Commands/BeforeAfterTestCommandBase.cs:212)
UnityEngine.TestTools.BeforeAfterTestCommandBase`1/<ExecuteEnumerable>d__16<System.Reflection.MethodInfo>:MoveNext () (at ./Library/PackageCache/com.unity.test-framework@082c24152fd4/UnityEngine.TestRunner/NUnitExtensions/Commands/BeforeAfterTestCommandBase.cs:212)
UnityEngine.TestTools.BeforeAfterTestCommandBase`1/<ExecuteEnumerable>d__16<System.Reflection.MethodInfo>:MoveNext () (at ./Library/PackageCache/com.unity.test-framework@082c24152fd4/UnityEngine.TestRunner/NUnitExtensions/Commands/BeforeAfterTestCommandBase.cs:212)
UnityEngine.TestTools.BeforeAfterTestCommandBase`1/<ExecuteEnumerable>d__16<UnityEngine.TestTools.IOuterUnityTestAction>:MoveNext () (at ./Library/PackageCache/com.unity.test-framework@082c24152fd4/UnityEngine.TestRunner/NUnitExtensions/Commands/BeforeAfterTestCommandBase.cs:212)
UnityEngine.TestTools.RetryCommand/<ExecuteEnumerable>d__2:MoveNext () (at ./Library/PackageCache/com.unity.test-framework@082c24152fd4/UnityEngine.TestRunner/NUnitExtensions/Commands/RetryCommand.cs:37)
UnityEngine.TestTools.RepeatCommand/<ExecuteEnumerable>d__2:MoveNext () (at ./Library/PackageCache/com.unity.test-framework@082c24152fd4/UnityEngine.TestRunner/NUnitExtensions/Commands/RepeatCommand.cs:36)
UnityEngine.TestTools.IgnoreTestCommand/<ExecuteEnumerable>d__3:MoveNext () (at ./Library/PackageCache/com.unity.test-framework@082c24152fd4/UnityEngine.TestRunner/NUnitExtensions/Commands/IgnoreTestCommand.cs:42)
UnityEngine.TestTools.StrictCheckCommand/<ExecuteEnumerable>d__2:MoveNext () (at ./Library/PackageCache/com.unity.test-framework@082c24152fd4/UnityEngine.TestRunner/NUnitExtensions/Commands/StrictCheckCommand.cs:29)
UnityEngine.TestTools.Utils.CoroutineRunner/<WrapEnumeratorForChecks>d__8:MoveNext () (at ./Library/PackageCache/com.unity.test-framework@082c24152fd4/UnityEngine.TestRunner/Utils/CoroutineRunner.cs:58)
UnityEngine.SetupCoroutine:InvokeMoveNext (System.Collections.IEnumerator,intptr)

(Filename: Assets/BorderRepair/FirstOrder/Tests/PlayMode/FirstOrderPlayTests.cs Line: 207)

[FirstOrderTest] Engine_BearingTop_L：检查了 2 个邻近零件；原位就与凸包重叠、凸包方法判断不了的：Engine_LowerCover_L
UnityEngine.Debug:ExtractStackTraceNoAlloc (byte*,int,string)
UnityEngine.StackTraceUtility:ExtractStackTrace ()
UnityEngine.DebugLogHandler:Internal_Log (UnityEngine.LogType,UnityEngine.LogOption,string,UnityEngine.Object)
UnityEngine.DebugLogHandler:LogFormat (UnityEngine.LogType,UnityEngine.Object,string,object[])
UnityEngine.Logger:Log (UnityEngine.LogType,object)
UnityEngine.Debug:Log (object)
BorderRepair.FirstOrder.Tests.FirstOrderPlayTests:Sweep (BorderRepair.FirstOrder.FirstOrderPart,UnityEngine.Vector3,single,System.Collections.Generic.HashSet`1<string>) (at Assets/BorderRepair/FirstOrder/Tests/PlayMode/FirstOrderPlayTests.cs:264)
BorderRepair.FirstOrder.Tests.FirstOrderPlayTests/<RemovalPaths_DoNotPassThroughOtherRobotParts>d__14:MoveNext () (at Assets/BorderRepair/FirstOrder/Tests/PlayMode/FirstOrderPlayTests.cs:209)
UnityEngine.TestTools.TestEnumerator/<Execute>d__7:MoveNext () (at ./Library/PackageCache/com.unity.test-framework@082c24152fd4/UnityEngine.TestRunner/NUnitExtensions/Attributes/TestEnumerator.cs:44)
UnityEngine.TestTools.EnumerableTestMethodCommand/<ExecuteEnumerableAndRecordExceptions>d__4:MoveNext () (at ./Library/PackageCache/com.unity.test-framework@082c24152fd4/UnityEngine.TestRunner/NUnitExtensions/Commands/EnumerableTestMethodCommand.cs:79)
UnityEngine.TestTools.EnumerableTestMethodCommand:AdvanceEnumerator (System.Collections.IEnumerator) (at ./Library/PackageCache/com.unity.test-framework@082c24152fd4/UnityEngine.TestRunner/NUnitExtensions/Commands/EnumerableTestMethodCommand.cs:64)
UnityEngine.TestTools.EnumerableTestMethodCommand/<ExecuteEnumerable>d__2:MoveNext () (at ./Library/PackageCache/com.unity.test-framework@082c24152fd4/UnityEngine.TestRunner/NUnitExtensions/Commands/EnumerableTestMethodCommand.cs:47)
UnityEngine.TestRunner.NUnitExtensions.Runner.UnityLogCheckDelegatingCommand/<ExecuteEnumerable>d__3:MoveNext () (at ./Library/PackageCache/com.unity.test-framework@082c24152fd4/UnityEngine.TestRunner/NUnitExtensions/Runner/UnityLogCheckDelegatingCommand.cs:48)
UnityEngine.TestTools.BeforeAfterTestCommandBase`1/<ExecuteEnumerable>d__16<NUnit.Framework.ITestAction>:MoveNext () (at ./Library/PackageCache/com.unity.test-framework@082c24152fd4/UnityEngine.TestRunner/NUnitExtensions/Commands/BeforeAfterTestCommandBase.cs:212)
UnityEngine.TestTools.BeforeAfterTestCommandBase`1/<ExecuteEnumerable>d__16<System.Reflection.MethodInfo>:MoveNext () (at ./Library/PackageCache/com.unity.test-framework@082c24152fd4/UnityEngine.TestRunner/NUnitExtensions/Commands/BeforeAfterTestCommandBase.cs:212)
UnityEngine.TestTools.BeforeAfterTestCommandBase`1/<ExecuteEnumerable>d__16<System.Reflection.MethodInfo>:MoveNext () (at ./Library/PackageCache/com.unity.test-framework@082c24152fd4/UnityEngine.TestRunner/NUnitExtensions/Commands/BeforeAfterTestCommandBase.cs:212)
UnityEngine.TestTools.BeforeAfterTestCommandBase`1/<ExecuteEnumerable>d__16<UnityEngine.TestTools.IOuterUnityTestAction>:MoveNext () (at ./Library/PackageCache/com.unity.test-framework@082c24152fd4/UnityEngine.TestRunner/NUnitExtensions/Commands/BeforeAfterTestCommandBase.cs:212)
UnityEngine.TestTools.RetryCommand/<ExecuteEnumerable>d__2:MoveNext () (at ./Library/PackageCache/com.unity.test-framework@082c24152fd4/UnityEngine.TestRunner/NUnitExtensions/Commands/RetryCommand.cs:37)
UnityEngine.TestTools.RepeatCommand/<ExecuteEnumerable>d__2:MoveNext () (at ./Library/PackageCache/com.unity.test-framework@082c24152fd4/UnityEngine.TestRunner/NUnitExtensions/Commands/RepeatCommand.cs:36)
UnityEngine.TestTools.IgnoreTestCommand/<ExecuteEnumerable>d__3:MoveNext () (at ./Library/PackageCache/com.unity.test-framework@082c24152fd4/UnityEngine.TestRunner/NUnitExtensions/Commands/IgnoreTestCommand.cs:42)
UnityEngine.TestTools.StrictCheckCommand/<ExecuteEnumerable>d__2:MoveNext () (at ./Library/PackageCache/com.unity.test-framework@082c24152fd4/UnityEngine.TestRunner/NUnitExtensions/Commands/StrictCheckCommand.cs:29)
UnityEngine.TestTools.Utils.CoroutineRunner/<WrapEnumeratorForChecks>d__8:MoveNext () (at ./Library/PackageCache/com.unity.test-framework@082c24152fd4/UnityEngine.TestRunner/Utils/CoroutineRunner.cs:58)
UnityEngine.SetupCoroutine:InvokeMoveNext (System.Collections.IEnumerator,intptr)

(Filename: Assets/BorderRepair/FirstOrder/Tests/PlayMode/FirstOrderPlayTests.cs Line: 264)

[FirstOrderTest] 旧轴承抬起 7 cm 途中穿入（转轴同轴不计）：无
UnityEngine.Debug:ExtractStackTraceNoAlloc (byte*,int,string)
UnityEngine.StackTraceUtility:ExtractStackTrace ()
UnityEngine.DebugLogHandler:Internal_Log (UnityEngine.LogType,UnityEngine.LogOption,string,UnityEngine.Object)
UnityEngine.DebugLogHandler:LogFormat (UnityEngine.LogType,UnityEngine.Object,string,object[])
UnityEngine.Logger:Log (UnityEngine.LogType,object)
UnityEngine.Debug:Log (object)
BorderRepair.FirstOrder.Tests.FirstOrderPlayTests/<RemovalPaths_DoNotPassThroughOtherRobotParts>d__14:MoveNext () (at Assets/BorderRepair/FirstOrder/Tests/PlayMode/FirstOrderPlayTests.cs:210)
UnityEngine.TestTools.TestEnumerator/<Execute>d__7:MoveNext () (at ./Library/PackageCache/com.unity.test-framework@082c24152fd4/UnityEngine.TestRunner/NUnitExtensions/Attributes/TestEnumerator.cs:44)
UnityEngine.TestTools.EnumerableTestMethodCommand/<ExecuteEnumerableAndRecordExceptions>d__4:MoveNext () (at ./Library/PackageCache/com.unity.test-framework@082c24152fd4/UnityEngine.TestRunner/NUnitExtensions/Commands/EnumerableTestMethodCommand.cs:79)
UnityEngine.TestTools.EnumerableTestMethodCommand:AdvanceEnumerator (System.Collections.IEnumerator) (at ./Library/PackageCache/com.unity.test-framework@082c24152fd4/UnityEngine.TestRunner/NUnitExtensions/Commands/EnumerableTestMethodCommand.cs:64)
UnityEngine.TestTools.EnumerableTestMethodCommand/<ExecuteEnumerable>d__2:MoveNext () (at ./Library/PackageCache/com.unity.test-framework@082c24152fd4/UnityEngine.TestRunner/NUnitExtensions/Commands/EnumerableTestMethodCommand.cs:47)
UnityEngine.TestRunner.NUnitExtensions.Runner.UnityLogCheckDelegatingCommand/<ExecuteEnumerable>d__3:MoveNext () (at ./Library/PackageCache/com.unity.test-framework@082c24152fd4/UnityEngine.TestRunner/NUnitExtensions/Runner/UnityLogCheckDelegatingCommand.cs:48)
UnityEngine.TestTools.BeforeAfterTestCommandBase`1/<ExecuteEnumerable>d__16<NUnit.Framework.ITestAction>:MoveNext () (at ./Library/PackageCache/com.unity.test-framework@082c24152fd4/UnityEngine.TestRunner/NUnitExtensions/Commands/BeforeAfterTestCommandBase.cs:212)
UnityEngine.TestTools.BeforeAfterTestCommandBase`1/<ExecuteEnumerable>d__16<System.Reflection.MethodInfo>:MoveNext () (at ./Library/PackageCache/com.unity.test-framework@082c24152fd4/UnityEngine.TestRunner/NUnitExtensions/Commands/BeforeAfterTestCommandBase.cs:212)
UnityEngine.TestTools.BeforeAfterTestCommandBase`1/<ExecuteEnumerable>d__16<System.Reflection.MethodInfo>:MoveNext () (at ./Library/PackageCache/com.unity.test-framework@082c24152fd4/UnityEngine.TestRunner/NUnitExtensions/Commands/BeforeAfterTestCommandBase.cs:212)
UnityEngine.TestTools.BeforeAfterTestCommandBase`1/<ExecuteEnumerable>d__16<UnityEngine.TestTools.IOuterUnityTestAction>:MoveNext () (at ./Library/PackageCache/com.unity.test-framework@082c24152fd4/UnityEngine.TestRunner/NUnitExtensions/Commands/BeforeAfterTestCommandBase.cs:212)
UnityEngine.TestTools.RetryCommand/<ExecuteEnumerable>d__2:MoveNext () (at ./Library/PackageCache/com.unity.test-framework@082c24152fd4/UnityEngine.TestRunner/NUnitExtensions/Commands/RetryCommand.cs:37)
UnityEngine.TestTools.RepeatCommand/<ExecuteEnumerable>d__2:MoveNext () (at ./Library/PackageCache/com.unity.test-framework@082c24152fd4/UnityEngine.TestRunner/NUnitExtensions/Commands/RepeatCommand.cs:36)
UnityEngine.TestTools.IgnoreTestCommand/<ExecuteEnumerable>d__3:MoveNext () (at ./Library/PackageCache/com.unity.test-framework@082c24152fd4/UnityEngine.TestRunner/NUnitExtensions/Commands/IgnoreTestCommand.cs:42)
UnityEngine.TestTools.StrictCheckCommand/<ExecuteEnumerable>d__2:MoveNext () (at ./Library/PackageCache/com.unity.test-framework@082c24152fd4/UnityEngine.TestRunner/NUnitExtensions/Commands/StrictCheckCommand.cs:29)
UnityEngine.TestTools.Utils.CoroutineRunner/<WrapEnumeratorForChecks>d__8:MoveNext () (at ./Library/PackageCache/com.unity.test-framework@082c24152fd4/UnityEngine.TestRunner/Utils/CoroutineRunner.cs:58)
UnityEngine.SetupCoroutine:InvokeMoveNext (System.Collections.IEnumerator,intptr)

(Filename: Assets/BorderRepair/FirstOrder/Tests/PlayMode/FirstOrderPlayTests.cs Line: 210)

Unloading 11 Unused Serialized files (Serialized files now loaded: 0)
UnloadTime: 1.406700 ms
Loaded scene 'Assets/BorderRepair/FirstOrder/Scenes/Unit07FirstOrder_Test.unity'
	Deserialize:            33.640 ms
	Integration:            167.216 ms
	Integration of assets:  3.942 ms
	Thread Wait Time:       0.509 ms
	Total Operation Time:   205.306 ms
Unloading 3418 unused Assets / (1.7 MB). Loaded Objects now: 10448.
Memory consumption went from 242.3 MB to 240.6 MB.
Total: 15.113200 ms (FindLiveObjects: 0.522500 ms CreateObjectMapping: 0.288600 ms MarkObjects: 12.791100 ms  DeleteObjects: 1.509300 ms)

Unloading 13 Unused Serialized files (Serialized files now loaded: 0)
UnloadTime: 1.329600 ms
Loaded scene 'Assets/BorderRepair/FirstOrder/Scenes/LayoutAB/Unit07FirstOrder_LayoutA.unity'
	Deserialize:            55.134 ms
	Integration:            173.220 ms
	Integration of assets:  4.368 ms
	Thread Wait Time:       0.884 ms
	Total Operation Time:   233.607 ms
Unloading 3418 unused Assets / (2.4 MB). Loaded Objects now: 10469.
Memory consumption went from 245.1 MB to 242.8 MB.
Total: 17.900600 ms (FindLiveObjects: 0.591100 ms CreateObjectMapping: 0.308700 ms MarkObjects: 15.487500 ms  DeleteObjects: 1.512400 ms)

Unloading 11 Unused Serialized files (Serialized files now loaded: 0)
UnloadTime: 1.426900 ms
Loaded scene 'Assets/BorderRepair/FirstOrder/Scenes/LayoutAB/Unit07FirstOrder_LayoutA.unity'
	Deserialize:            30.280 ms
	Integration:            177.695 ms
	Integration of assets:  3.668 ms
	Thread Wait Time:       0.862 ms
	Total Operation Time:   212.505 ms
Unloading 3418 unused Assets / (1.7 MB). Loaded Objects now: 10469.
Memory consumption went from 244.4 MB to 242.7 MB.
Total: 15.429800 ms (FindLiveObjects: 0.532500 ms CreateObjectMapping: 0.324100 ms MarkObjects: 13.278800 ms  DeleteObjects: 1.292900 ms)

Unloading 11 Unused Serialized files (Serialized files now loaded: 0)
UnloadTime: 1.406400 ms
Loaded scene 'Assets/BorderRepair/FirstOrder/Scenes/LayoutAB/Unit07FirstOrder_LayoutA.unity'
	Deserialize:            31.436 ms
	Integration:            184.161 ms
	Integration of assets:  3.696 ms
	Thread Wait Time:       0.687 ms
	Total Operation Time:   219.980 ms
Unloading 3418 unused Assets / (1.5 MB). Loaded Objects now: 10469.
Memory consumption went from 244.4 MB to 242.9 MB.
Total: 16.400300 ms (FindLiveObjects: 0.630900 ms CreateObjectMapping: 0.576700 ms MarkObjects: 13.807000 ms  DeleteObjects: 1.384600 ms)

[FirstOrderTest] 翻面的上盖总成落点：位置差 0.000 mm，朝向差 0.000°
UnityEngine.Debug:ExtractStackTraceNoAlloc (byte*,int,string)
UnityEngine.StackTraceUtility:ExtractStackTrace ()
UnityEngine.DebugLogHandler:Internal_Log (UnityEngine.LogType,UnityEngine.LogOption,string,UnityEngine.Object)
UnityEngine.DebugLogHandler:LogFormat (UnityEngine.LogType,UnityEngine.Object,string,object[])
UnityEngine.Logger:Log (UnityEngine.LogType,object)
UnityEngine.Debug:Log (object)
BorderRepair.FirstOrder.Tests.FirstOrderPlayTests:AssertAtLanding (BorderRepair.FirstOrder.FirstOrderPart,BorderRepair.FirstOrder.FirstOrderDropZone,string) (at Assets/BorderRepair/FirstOrder/Tests/PlayMode/FirstOrderPlayTests.cs:183)
BorderRepair.FirstOrder.Tests.FirstOrderPlayTests/<MovedParts_NoTeleport_NoClipping>d__11:MoveNext () (at Assets/BorderRepair/FirstOrder/Tests/PlayMode/FirstOrderPlayTests.cs:161)
UnityEngine.TestTools.TestEnumerator/<Execute>d__7:MoveNext () (at ./Library/PackageCache/com.unity.test-framework@082c24152fd4/UnityEngine.TestRunner/NUnitExtensions/Attributes/TestEnumerator.cs:44)
UnityEngine.TestTools.EnumerableTestMethodCommand/<ExecuteEnumerableAndRecordExceptions>d__4:MoveNext () (at ./Library/PackageCache/com.unity.test-framework@082c24152fd4/UnityEngine.TestRunner/NUnitExtensions/Commands/EnumerableTestMethodCommand.cs:79)
UnityEngine.TestTools.EnumerableTestMethodCommand:AdvanceEnumerator (System.Collections.IEnumerator) (at ./Library/PackageCache/com.unity.test-framework@082c24152fd4/UnityEngine.TestRunner/NUnitExtensions/Commands/EnumerableTestMethodCommand.cs:64)
UnityEngine.TestTools.EnumerableTestMethodCommand/<ExecuteEnumerable>d__2:MoveNext () (at ./Library/PackageCache/com.unity.test-framework@082c24152fd4/UnityEngine.TestRunner/NUnitExtensions/Commands/EnumerableTestMethodCommand.cs:47)
UnityEngine.TestRunner.NUnitExtensions.Runner.UnityLogCheckDelegatingCommand/<ExecuteEnumerable>d__3:MoveNext () (at ./Library/PackageCache/com.unity.test-framework@082c24152fd4/UnityEngine.TestRunner/NUnitExtensions/Runner/UnityLogCheckDelegatingCommand.cs:48)
UnityEngine.TestTools.BeforeAfterTestCommandBase`1/<ExecuteEnumerable>d__16<NUnit.Framework.ITestAction>:MoveNext () (at ./Library/PackageCache/com.unity.test-framework@082c24152fd4/UnityEngine.TestRunner/NUnitExtensions/Commands/BeforeAfterTestCommandBase.cs:212)
UnityEngine.TestTools.BeforeAfterTestCommandBase`1/<ExecuteEnumerable>d__16<System.Reflection.MethodInfo>:MoveNext () (at ./Library/PackageCache/com.unity.test-framework@082c24152fd4/UnityEngine.TestRunner/NUnitExtensions/Commands/BeforeAfterTestCommandBase.cs:212)
UnityEngine.TestTools.BeforeAfterTestCommandBase`1/<ExecuteEnumerable>d__16<System.Reflection.MethodInfo>:MoveNext () (at ./Library/PackageCache/com.unity.test-framework@082c24152fd4/UnityEngine.TestRunner/NUnitExtensions/Commands/BeforeAfterTestCommandBase.cs:212)
UnityEngine.TestTools.BeforeAfterTestCommandBase`1/<ExecuteEnumerable>d__16<UnityEngine.TestTools.IOuterUnityTestAction>:MoveNext () (at ./Library/PackageCache/com.unity.test-framework@082c24152fd4/UnityEngine.TestRunner/NUnitExtensions/Commands/BeforeAfterTestCommandBase.cs:212)
UnityEngine.TestTools.RetryCommand/<ExecuteEnumerable>d__2:MoveNext () (at ./Library/PackageCache/com.unity.test-framework@082c24152fd4/UnityEngine.TestRunner/NUnitExtensions/Commands/RetryCommand.cs:37)
UnityEngine.TestTools.RepeatCommand/<ExecuteEnumerable>d__2:MoveNext () (at ./Library/PackageCache/com.unity.test-framework@082c24152fd4/UnityEngine.TestRunner/NUnitExtensions/Commands/RepeatCommand.cs:36)
UnityEngine.TestTools.IgnoreTestCommand/<ExecuteEnumerable>d__3:MoveNext () (at ./Library/PackageCache/com.unity.test-framework@082c24152fd4/UnityEngine.TestRunner/NUnitExtensions/Commands/IgnoreTestCommand.cs:42)
UnityEngine.TestTools.StrictCheckCommand/<ExecuteEnumerable>d__2:MoveNext () (at ./Library/PackageCache/com.unity.test-framework@082c24152fd4/UnityEngine.TestRunner/NUnitExtensions/Commands/StrictCheckCommand.cs:29)
UnityEngine.TestTools.Utils.CoroutineRunner/<WrapEnumeratorForChecks>d__8:MoveNext () (at ./Library/PackageCache/com.unity.test-framework@082c24152fd4/UnityEngine.TestRunner/Utils/CoroutineRunner.cs:58)
UnityEngine.SetupCoroutine:InvokeMoveNext (System.Collections.IEnumerator,intptr)

(Filename: Assets/BorderRepair/FirstOrder/Tests/PlayMode/FirstOrderPlayTests.cs Line: 183)

[FirstOrderTest] 旧轴承落点：位置差 0.000 mm，朝向差 0.000°
UnityEngine.Debug:ExtractStackTraceNoAlloc (byte*,int,string)
UnityEngine.StackTraceUtility:ExtractStackTrace ()
UnityEngine.DebugLogHandler:Internal_Log (UnityEngine.LogType,UnityEngine.LogOption,string,UnityEngine.Object)
UnityEngine.DebugLogHandler:LogFormat (UnityEngine.LogType,UnityEngine.Object,string,object[])
UnityEngine.Logger:Log (UnityEngine.LogType,object)
UnityEngine.Debug:Log (object)
BorderRepair.FirstOrder.Tests.FirstOrderPlayTests:AssertAtLanding (BorderRepair.FirstOrder.FirstOrderPart,BorderRepair.FirstOrder.FirstOrderDropZone,string) (at Assets/BorderRepair/FirstOrder/Tests/PlayMode/FirstOrderPlayTests.cs:183)
BorderRepair.FirstOrder.Tests.FirstOrderPlayTests/<MovedParts_NoTeleport_NoClipping>d__11:MoveNext () (at Assets/BorderRepair/FirstOrder/Tests/PlayMode/FirstOrderPlayTests.cs:162)
UnityEngine.TestTools.TestEnumerator/<Execute>d__7:MoveNext () (at ./Library/PackageCache/com.unity.test-framework@082c24152fd4/UnityEngine.TestRunner/NUnitExtensions/Attributes/TestEnumerator.cs:44)
UnityEngine.TestTools.EnumerableTestMethodCommand/<ExecuteEnumerableAndRecordExceptions>d__4:MoveNext () (at ./Library/PackageCache/com.unity.test-framework@082c24152fd4/UnityEngine.TestRunner/NUnitExtensions/Commands/EnumerableTestMethodCommand.cs:79)
UnityEngine.TestTools.EnumerableTestMethodCommand:AdvanceEnumerator (System.Collections.IEnumerator) (at ./Library/PackageCache/com.unity.test-framework@082c24152fd4/UnityEngine.TestRunner/NUnitExtensions/Commands/EnumerableTestMethodCommand.cs:64)
UnityEngine.TestTools.EnumerableTestMethodCommand/<ExecuteEnumerable>d__2:MoveNext () (at ./Library/PackageCache/com.unity.test-framework@082c24152fd4/UnityEngine.TestRunner/NUnitExtensions/Commands/EnumerableTestMethodCommand.cs:47)
UnityEngine.TestRunner.NUnitExtensions.Runner.UnityLogCheckDelegatingCommand/<ExecuteEnumerable>d__3:MoveNext () (at ./Library/PackageCache/com.unity.test-framework@082c24152fd4/UnityEngine.TestRunner/NUnitExtensions/Runner/UnityLogCheckDelegatingCommand.cs:48)
UnityEngine.TestTools.BeforeAfterTestCommandBase`1/<ExecuteEnumerable>d__16<NUnit.Framework.ITestAction>:MoveNext () (at ./Library/PackageCache/com.unity.test-framework@082c24152fd4/UnityEngine.TestRunner/NUnitExtensions/Commands/BeforeAfterTestCommandBase.cs:212)
UnityEngine.TestTools.BeforeAfterTestCommandBase`1/<ExecuteEnumerable>d__16<System.Reflection.MethodInfo>:MoveNext () (at ./Library/PackageCache/com.unity.test-framework@082c24152fd4/UnityEngine.TestRunner/NUnitExtensions/Commands/BeforeAfterTestCommandBase.cs:212)
UnityEngine.TestTools.BeforeAfterTestCommandBase`1/<ExecuteEnumerable>d__16<System.Reflection.MethodInfo>:MoveNext () (at ./Library/PackageCache/com.unity.test-framework@082c24152fd4/UnityEngine.TestRunner/NUnitExtensions/Commands/BeforeAfterTestCommandBase.cs:212)
UnityEngine.TestTools.BeforeAfterTestCommandBase`1/<ExecuteEnumerable>d__16<UnityEngine.TestTools.IOuterUnityTestAction>:MoveNext () (at ./Library/PackageCache/com.unity.test-framework@082c24152fd4/UnityEngine.TestRunner/NUnitExtensions/Commands/BeforeAfterTestCommandBase.cs:212)
UnityEngine.TestTools.RetryCommand/<ExecuteEnumerable>d__2:MoveNext () (at ./Library/PackageCache/com.unity.test-framework@082c24152fd4/UnityEngine.TestRunner/NUnitExtensions/Commands/RetryCommand.cs:37)
UnityEngine.TestTools.RepeatCommand/<ExecuteEnumerable>d__2:MoveNext () (at ./Library/PackageCache/com.unity.test-framework@082c24152fd4/UnityEngine.TestRunner/NUnitExtensions/Commands/RepeatCommand.cs:36)
UnityEngine.TestTools.IgnoreTestCommand/<ExecuteEnumerable>d__3:MoveNext () (at ./Library/PackageCache/com.unity.test-framework@082c24152fd4/UnityEngine.TestRunner/NUnitExtensions/Commands/IgnoreTestCommand.cs:42)
UnityEngine.TestTools.StrictCheckCommand/<ExecuteEnumerable>d__2:MoveNext () (at ./Library/PackageCache/com.unity.test-framework@082c24152fd4/UnityEngine.TestRunner/NUnitExtensions/Commands/StrictCheckCommand.cs:29)
UnityEngine.TestTools.Utils.CoroutineRunner/<WrapEnumeratorForChecks>d__8:MoveNext () (at ./Library/PackageCache/com.unity.test-framework@082c24152fd4/UnityEngine.TestRunner/Utils/CoroutineRunner.cs:58)
UnityEngine.SetupCoroutine:InvokeMoveNext (System.Collections.IEnumerator,intptr)

(Filename: Assets/BorderRepair/FirstOrder/Tests/PlayMode/FirstOrderPlayTests.cs Line: 183)

[FirstOrderTest] 保养标记法线与竖直向上夹角 1.8°
UnityEngine.Debug:ExtractStackTraceNoAlloc (byte*,int,string)
UnityEngine.StackTraceUtility:ExtractStackTrace ()
UnityEngine.DebugLogHandler:Internal_Log (UnityEngine.LogType,UnityEngine.LogOption,string,UnityEngine.Object)
UnityEngine.DebugLogHandler:LogFormat (UnityEngine.LogType,UnityEngine.Object,string,object[])
UnityEngine.Logger:Log (UnityEngine.LogType,object)
UnityEngine.Debug:Log (object)
BorderRepair.FirstOrder.Tests.FirstOrderPlayTests/<MovedParts_NoTeleport_NoClipping>d__11:MoveNext () (at Assets/BorderRepair/FirstOrder/Tests/PlayMode/FirstOrderPlayTests.cs:165)
UnityEngine.TestTools.TestEnumerator/<Execute>d__7:MoveNext () (at ./Library/PackageCache/com.unity.test-framework@082c24152fd4/UnityEngine.TestRunner/NUnitExtensions/Attributes/TestEnumerator.cs:44)
UnityEngine.TestTools.EnumerableTestMethodCommand/<ExecuteEnumerableAndRecordExceptions>d__4:MoveNext () (at ./Library/PackageCache/com.unity.test-framework@082c24152fd4/UnityEngine.TestRunner/NUnitExtensions/Commands/EnumerableTestMethodCommand.cs:79)
UnityEngine.TestTools.EnumerableTestMethodCommand:AdvanceEnumerator (System.Collections.IEnumerator) (at ./Library/PackageCache/com.unity.test-framework@082c24152fd4/UnityEngine.TestRunner/NUnitExtensions/Commands/EnumerableTestMethodCommand.cs:64)
UnityEngine.TestTools.EnumerableTestMethodCommand/<ExecuteEnumerable>d__2:MoveNext () (at ./Library/PackageCache/com.unity.test-framework@082c24152fd4/UnityEngine.TestRunner/NUnitExtensions/Commands/EnumerableTestMethodCommand.cs:47)
UnityEngine.TestRunner.NUnitExtensions.Runner.UnityLogCheckDelegatingCommand/<ExecuteEnumerable>d__3:MoveNext () (at ./Library/PackageCache/com.unity.test-framework@082c24152fd4/UnityEngine.TestRunner/NUnitExtensions/Runner/UnityLogCheckDelegatingCommand.cs:48)
UnityEngine.TestTools.BeforeAfterTestCommandBase`1/<ExecuteEnumerable>d__16<NUnit.Framework.ITestAction>:MoveNext () (at ./Library/PackageCache/com.unity.test-framework@082c24152fd4/UnityEngine.TestRunner/NUnitExtensions/Commands/BeforeAfterTestCommandBase.cs:212)
UnityEngine.TestTools.BeforeAfterTestCommandBase`1/<ExecuteEnumerable>d__16<System.Reflection.MethodInfo>:MoveNext () (at ./Library/PackageCache/com.unity.test-framework@082c24152fd4/UnityEngine.TestRunner/NUnitExtensions/Commands/BeforeAfterTestCommandBase.cs:212)
UnityEngine.TestTools.BeforeAfterTestCommandBase`1/<ExecuteEnumerable>d__16<System.Reflection.MethodInfo>:MoveNext () (at ./Library/PackageCache/com.unity.test-framework@082c24152fd4/UnityEngine.TestRunner/NUnitExtensions/Commands/BeforeAfterTestCommandBase.cs:212)
UnityEngine.TestTools.BeforeAfterTestCommandBase`1/<ExecuteEnumerable>d__16<UnityEngine.TestTools.IOuterUnityTestAction>:MoveNext () (at ./Library/PackageCache/com.unity.test-framework@082c24152fd4/UnityEngine.TestRunner/NUnitExtensions/Commands/BeforeAfterTestCommandBase.cs:212)
UnityEngine.TestTools.RetryCommand/<ExecuteEnumerable>d__2:MoveNext () (at ./Library/PackageCache/com.unity.test-framework@082c24152fd4/UnityEngine.TestRunner/NUnitExtensions/Commands/RetryCommand.cs:37)
UnityEngine.TestTools.RepeatCommand/<ExecuteEnumerable>d__2:MoveNext () (at ./Library/PackageCache/com.unity.test-framework@082c24152fd4/UnityEngine.TestRunner/NUnitExtensions/Commands/RepeatCommand.cs:36)
UnityEngine.TestTools.IgnoreTestCommand/<ExecuteEnumerable>d__3:MoveNext () (at ./Library/PackageCache/com.unity.test-framework@082c24152fd4/UnityEngine.TestRunner/NUnitExtensions/Commands/IgnoreTestCommand.cs:42)
UnityEngine.TestTools.StrictCheckCommand/<ExecuteEnumerable>d__2:MoveNext () (at ./Library/PackageCache/com.unity.test-framework@082c24152fd4/UnityEngine.TestRunner/NUnitExtensions/Commands/StrictCheckCommand.cs:29)
UnityEngine.TestTools.Utils.CoroutineRunner/<WrapEnumeratorForChecks>d__8:MoveNext () (at ./Library/PackageCache/com.unity.test-framework@082c24152fd4/UnityEngine.TestRunner/Utils/CoroutineRunner.cs:58)
UnityEngine.SetupCoroutine:InvokeMoveNext (System.Collections.IEnumerator,intptr)

(Filename: Assets/BorderRepair/FirstOrder/Tests/PlayMode/FirstOrderPlayTests.cs Line: 165)

[FirstOrderTest] 逐帧：1506 帧，最大单帧位移 36.3 mm（engine_l_bearing_new 第 850 帧（FetchNewBearing）），最大单帧转角 6.21°（engine_l_cover 第 507 帧（PlaceCover））；搬运途中检查了 562 帧（engine_l_cover：搬运时中心高 1.697 m（沿途最高 Lamp_Head），低空钻进落点（上方有台灯）；engine_l_bearing：搬运时中心高 1.435 m（沿途最高 TopCover_Ridge）；engine_l_bearing_new：搬运时中心高 1.434 m（沿途最高 TopCover_Ridge）；engine_l_cover：搬运时中心高 1.699 m（沿途最高 Lamp_Head），从工作台低空钻出），包围盒粗筛有重叠的 0 次，凸包精查穿入 0 处；没有碰撞、只能比包围盒、包围盒有交叠的物件：engine_l_bearing↔Tray_Screws（PlaceOldBearing）、engine_l_bearing↔Marker（PlaceOldBearing）、engine_l_bearing_new↔Box_Bearings（FetchNewBearing）
UnityEngine.Debug:ExtractStackTraceNoAlloc (byte*,int,string)
UnityEngine.StackTraceUtility:ExtractStackTrace ()
UnityEngine.DebugLogHandler:Internal_Log (UnityEngine.LogType,UnityEngine.LogOption,string,UnityEngine.Object)
UnityEngine.DebugLogHandler:LogFormat (UnityEngine.LogType,UnityEngine.Object,string,object[])
UnityEngine.Logger:Log (UnityEngine.LogType,object)
UnityEngine.Debug:Log (object)
BorderRepair.FirstOrder.Tests.FirstOrderPlayTests/<MovedParts_NoTeleport_NoClipping>d__11:MoveNext () (at Assets/BorderRepair/FirstOrder/Tests/PlayMode/FirstOrderPlayTests.cs:170)
UnityEngine.TestTools.TestEnumerator/<Execute>d__7:MoveNext () (at ./Library/PackageCache/com.unity.test-framework@082c24152fd4/UnityEngine.TestRunner/NUnitExtensions/Attributes/TestEnumerator.cs:44)
UnityEngine.TestTools.EnumerableTestMethodCommand/<ExecuteEnumerableAndRecordExceptions>d__4:MoveNext () (at ./Library/PackageCache/com.unity.test-framework@082c24152fd4/UnityEngine.TestRunner/NUnitExtensions/Commands/EnumerableTestMethodCommand.cs:79)
UnityEngine.TestTools.EnumerableTestMethodCommand:AdvanceEnumerator (System.Collections.IEnumerator) (at ./Library/PackageCache/com.unity.test-framework@082c24152fd4/UnityEngine.TestRunner/NUnitExtensions/Commands/EnumerableTestMethodCommand.cs:64)
UnityEngine.TestTools.EnumerableTestMethodCommand/<ExecuteEnumerable>d__2:MoveNext () (at ./Library/PackageCache/com.unity.test-framework@082c24152fd4/UnityEngine.TestRunner/NUnitExtensions/Commands/EnumerableTestMethodCommand.cs:47)
UnityEngine.TestRunner.NUnitExtensions.Runner.UnityLogCheckDelegatingCommand/<ExecuteEnumerable>d__3:MoveNext () (at ./Library/PackageCache/com.unity.test-framework@082c24152fd4/UnityEngine.TestRunner/NUnitExtensions/Runner/UnityLogCheckDelegatingCommand.cs:48)
UnityEngine.TestTools.BeforeAfterTestCommandBase`1/<ExecuteEnumerable>d__16<NUnit.Framework.ITestAction>:MoveNext () (at ./Library/PackageCache/com.unity.test-framework@082c24152fd4/UnityEngine.TestRunner/NUnitExtensions/Commands/BeforeAfterTestCommandBase.cs:212)
UnityEngine.TestTools.BeforeAfterTestCommandBase`1/<ExecuteEnumerable>d__16<System.Reflection.MethodInfo>:MoveNext () (at ./Library/PackageCache/com.unity.test-framework@082c24152fd4/UnityEngine.TestRunner/NUnitExtensions/Commands/BeforeAfterTestCommandBase.cs:212)
UnityEngine.TestTools.BeforeAfterTestCommandBase`1/<ExecuteEnumerable>d__16<System.Reflection.MethodInfo>:MoveNext () (at ./Library/PackageCache/com.unity.test-framework@082c24152fd4/UnityEngine.TestRunner/NUnitExtensions/Commands/BeforeAfterTestCommandBase.cs:212)
UnityEngine.TestTools.BeforeAfterTestCommandBase`1/<ExecuteEnumerable>d__16<UnityEngine.TestTools.IOuterUnityTestAction>:MoveNext () (at ./Library/PackageCache/com.unity.test-framework@082c24152fd4/UnityEngine.TestRunner/NUnitExtensions/Commands/BeforeAfterTestCommandBase.cs:212)
UnityEngine.TestTools.RetryCommand/<ExecuteEnumerable>d__2:MoveNext () (at ./Library/PackageCache/com.unity.test-framework@082c24152fd4/UnityEngine.TestRunner/NUnitExtensions/Commands/RetryCommand.cs:37)
UnityEngine.TestTools.RepeatCommand/<ExecuteEnumerable>d__2:MoveNext () (at ./Library/PackageCache/com.unity.test-framework@082c24152fd4/UnityEngine.TestRunner/NUnitExtensions/Commands/RepeatCommand.cs:36)
UnityEngine.TestTools.IgnoreTestCommand/<ExecuteEnumerable>d__3:MoveNext () (at ./Library/PackageCache/com.unity.test-framework@082c24152fd4/UnityEngine.TestRunner/NUnitExtensions/Commands/IgnoreTestCommand.cs:42)
UnityEngine.TestTools.StrictCheckCommand/<ExecuteEnumerable>d__2:MoveNext () (at ./Library/PackageCache/com.unity.test-framework@082c24152fd4/UnityEngine.TestRunner/NUnitExtensions/Commands/StrictCheckCommand.cs:29)
UnityEngine.TestTools.Utils.CoroutineRunner/<WrapEnumeratorForChecks>d__8:MoveNext () (at ./Library/PackageCache/com.unity.test-framework@082c24152fd4/UnityEngine.TestRunner/Utils/CoroutineRunner.cs:58)
UnityEngine.SetupCoroutine:InvokeMoveNext (System.Collections.IEnumerator,intptr)

(Filename: Assets/BorderRepair/FirstOrder/Tests/PlayMode/FirstOrderPlayTests.cs Line: 170)

Unloading 11 Unused Serialized files (Serialized files now loaded: 0)
UnloadTime: 1.486500 ms
Loaded scene 'Assets/BorderRepair/FirstOrder/Scenes/LayoutAB/Unit07FirstOrder_LayoutA.unity'
	Deserialize:            28.723 ms
	Integration:            174.896 ms
	Integration of assets:  4.117 ms
	Thread Wait Time:       0.946 ms
	Total Operation Time:   208.682 ms
Unloading 3418 unused Assets / (1.5 MB). Loaded Objects now: 10469.
Memory consumption went from 244.5 MB to 242.9 MB.
Total: 16.356100 ms (FindLiveObjects: 0.590200 ms CreateObjectMapping: 0.458600 ms MarkObjects: 13.995500 ms  DeleteObjects: 1.310100 ms)

[FirstOrderTest] 新旧轴承逐帧核对：1506 帧，同时在轴承位的最多 1 个；违规 0 条
UnityEngine.Debug:ExtractStackTraceNoAlloc (byte*,int,string)
UnityEngine.StackTraceUtility:ExtractStackTrace ()
UnityEngine.DebugLogHandler:Internal_Log (UnityEngine.LogType,UnityEngine.LogOption,string,UnityEngine.Object)
UnityEngine.DebugLogHandler:LogFormat (UnityEngine.LogType,UnityEngine.Object,string,object[])
UnityEngine.Logger:Log (UnityEngine.LogType,object)
UnityEngine.Debug:Log (object)
BorderRepair.FirstOrder.Tests.FirstOrderPlayTests/<OldAndNewBearings_NeverShownTogether>d__10:MoveNext () (at Assets/BorderRepair/FirstOrder/Tests/PlayMode/FirstOrderPlayTests.cs:137)
UnityEngine.TestTools.TestEnumerator/<Execute>d__7:MoveNext () (at ./Library/PackageCache/com.unity.test-framework@082c24152fd4/UnityEngine.TestRunner/NUnitExtensions/Attributes/TestEnumerator.cs:44)
UnityEngine.TestTools.EnumerableTestMethodCommand/<ExecuteEnumerableAndRecordExceptions>d__4:MoveNext () (at ./Library/PackageCache/com.unity.test-framework@082c24152fd4/UnityEngine.TestRunner/NUnitExtensions/Commands/EnumerableTestMethodCommand.cs:79)
UnityEngine.TestTools.EnumerableTestMethodCommand:AdvanceEnumerator (System.Collections.IEnumerator) (at ./Library/PackageCache/com.unity.test-framework@082c24152fd4/UnityEngine.TestRunner/NUnitExtensions/Commands/EnumerableTestMethodCommand.cs:64)
UnityEngine.TestTools.EnumerableTestMethodCommand/<ExecuteEnumerable>d__2:MoveNext () (at ./Library/PackageCache/com.unity.test-framework@082c24152fd4/UnityEngine.TestRunner/NUnitExtensions/Commands/EnumerableTestMethodCommand.cs:47)
UnityEngine.TestRunner.NUnitExtensions.Runner.UnityLogCheckDelegatingCommand/<ExecuteEnumerable>d__3:MoveNext () (at ./Library/PackageCache/com.unity.test-framework@082c24152fd4/UnityEngine.TestRunner/NUnitExtensions/Runner/UnityLogCheckDelegatingCommand.cs:48)
UnityEngine.TestTools.BeforeAfterTestCommandBase`1/<ExecuteEnumerable>d__16<NUnit.Framework.ITestAction>:MoveNext () (at ./Library/PackageCache/com.unity.test-framework@082c24152fd4/UnityEngine.TestRunner/NUnitExtensions/Commands/BeforeAfterTestCommandBase.cs:212)
UnityEngine.TestTools.BeforeAfterTestCommandBase`1/<ExecuteEnumerable>d__16<System.Reflection.MethodInfo>:MoveNext () (at ./Library/PackageCache/com.unity.test-framework@082c24152fd4/UnityEngine.TestRunner/NUnitExtensions/Commands/BeforeAfterTestCommandBase.cs:212)
UnityEngine.TestTools.BeforeAfterTestCommandBase`1/<ExecuteEnumerable>d__16<System.Reflection.MethodInfo>:MoveNext () (at ./Library/PackageCache/com.unity.test-framework@082c24152fd4/UnityEngine.TestRunner/NUnitExtensions/Commands/BeforeAfterTestCommandBase.cs:212)
UnityEngine.TestTools.BeforeAfterTestCommandBase`1/<ExecuteEnumerable>d__16<UnityEngine.TestTools.IOuterUnityTestAction>:MoveNext () (at ./Library/PackageCache/com.unity.test-framework@082c24152fd4/UnityEngine.TestRunner/NUnitExtensions/Commands/BeforeAfterTestCommandBase.cs:212)
UnityEngine.TestTools.RetryCommand/<ExecuteEnumerable>d__2:MoveNext () (at ./Library/PackageCache/com.unity.test-framework@082c24152fd4/UnityEngine.TestRunner/NUnitExtensions/Commands/RetryCommand.cs:37)
UnityEngine.TestTools.RepeatCommand/<ExecuteEnumerable>d__2:MoveNext () (at ./Library/PackageCache/com.unity.test-framework@082c24152fd4/UnityEngine.TestRunner/NUnitExtensions/Commands/RepeatCommand.cs:36)
UnityEngine.TestTools.IgnoreTestCommand/<ExecuteEnumerable>d__3:MoveNext () (at ./Library/PackageCache/com.unity.test-framework@082c24152fd4/UnityEngine.TestRunner/NUnitExtensions/Commands/IgnoreTestCommand.cs:42)
UnityEngine.TestTools.StrictCheckCommand/<ExecuteEnumerable>d__2:MoveNext () (at ./Library/PackageCache/com.unity.test-framework@082c24152fd4/UnityEngine.TestRunner/NUnitExtensions/Commands/StrictCheckCommand.cs:29)
UnityEngine.TestTools.Utils.CoroutineRunner/<WrapEnumeratorForChecks>d__8:MoveNext () (at ./Library/PackageCache/com.unity.test-framework@082c24152fd4/UnityEngine.TestRunner/Utils/CoroutineRunner.cs:58)
UnityEngine.SetupCoroutine:InvokeMoveNext (System.Collections.IEnumerator,intptr)

(Filename: Assets/BorderRepair/FirstOrder/Tests/PlayMode/FirstOrderPlayTests.cs Line: 137)

Unloading 11 Unused Serialized files (Serialized files now loaded: 0)
UnloadTime: 1.603200 ms
Loaded scene 'Assets/BorderRepair/FirstOrder/Scenes/LayoutAB/Unit07FirstOrder_LayoutA.unity'
	Deserialize:            38.438 ms
	Integration:            171.963 ms
	Integration of assets:  4.119 ms
	Thread Wait Time:       1.855 ms
	Total Operation Time:   216.375 ms
Unloading 3418 unused Assets / (2.5 MB). Loaded Objects now: 10469.
Memory consumption went from 245.2 MB to 242.7 MB.
Total: 15.916100 ms (FindLiveObjects: 0.562400 ms CreateObjectMapping: 0.299900 ms MarkObjects: 13.275500 ms  DeleteObjects: 1.777100 ms)

Unloading 11 Unused Serialized files (Serialized files now loaded: 0)
UnloadTime: 1.637900 ms
Loaded scene 'Assets/BorderRepair/FirstOrder/Scenes/LayoutAB/Unit07FirstOrder_LayoutA.unity'
	Deserialize:            30.320 ms
	Integration:            176.576 ms
	Integration of assets:  3.567 ms
	Thread Wait Time:       0.700 ms
	Total Operation Time:   211.163 ms
Unloading 3418 unused Assets / (1.6 MB). Loaded Objects now: 10469.
Memory consumption went from 244.5 MB to 242.8 MB.
Total: 16.276400 ms (FindLiveObjects: 0.518500 ms CreateObjectMapping: 0.320500 ms MarkObjects: 13.637400 ms  DeleteObjects: 1.798600 ms)

[FirstOrderTest] Engine_UpperCover_L：检查了 8 个邻近零件；原位就与凸包重叠、凸包方法判断不了的：无
UnityEngine.Debug:ExtractStackTraceNoAlloc (byte*,int,string)
UnityEngine.StackTraceUtility:ExtractStackTrace ()
UnityEngine.DebugLogHandler:Internal_Log (UnityEngine.LogType,UnityEngine.LogOption,string,UnityEngine.Object)
UnityEngine.DebugLogHandler:LogFormat (UnityEngine.LogType,UnityEngine.Object,string,object[])
UnityEngine.Logger:Log (UnityEngine.LogType,object)
UnityEngine.Debug:Log (object)
BorderRepair.FirstOrder.Tests.FirstOrderPlayTests:Sweep (BorderRepair.FirstOrder.FirstOrderPart,UnityEngine.Vector3,single,System.Collections.Generic.HashSet`1<string>) (at Assets/BorderRepair/FirstOrder/Tests/PlayMode/FirstOrderPlayTests.cs:264)
BorderRepair.FirstOrder.Tests.FirstOrderPlayTests/<RemovalPaths_DoNotPassThroughOtherRobotParts>d__14:MoveNext () (at Assets/BorderRepair/FirstOrder/Tests/PlayMode/FirstOrderPlayTests.cs:206)
UnityEngine.TestTools.TestEnumerator/<Execute>d__7:MoveNext () (at ./Library/PackageCache/com.unity.test-framework@082c24152fd4/UnityEngine.TestRunner/NUnitExtensions/Attributes/TestEnumerator.cs:44)
UnityEngine.TestTools.EnumerableTestMethodCommand/<ExecuteEnumerableAndRecordExceptions>d__4:MoveNext () (at ./Library/PackageCache/com.unity.test-framework@082c24152fd4/UnityEngine.TestRunner/NUnitExtensions/Commands/EnumerableTestMethodCommand.cs:79)
UnityEngine.TestTools.EnumerableTestMethodCommand:AdvanceEnumerator (System.Collections.IEnumerator) (at ./Library/PackageCache/com.unity.test-framework@082c24152fd4/UnityEngine.TestRunner/NUnitExtensions/Commands/EnumerableTestMethodCommand.cs:64)
UnityEngine.TestTools.EnumerableTestMethodCommand/<ExecuteEnumerable>d__2:MoveNext () (at ./Library/PackageCache/com.unity.test-framework@082c24152fd4/UnityEngine.TestRunner/NUnitExtensions/Commands/EnumerableTestMethodCommand.cs:47)
UnityEngine.TestRunner.NUnitExtensions.Runner.UnityLogCheckDelegatingCommand/<ExecuteEnumerable>d__3:MoveNext () (at ./Library/PackageCache/com.unity.test-framework@082c24152fd4/UnityEngine.TestRunner/NUnitExtensions/Runner/UnityLogCheckDelegatingCommand.cs:48)
UnityEngine.TestTools.BeforeAfterTestCommandBase`1/<ExecuteEnumerable>d__16<NUnit.Framework.ITestAction>:MoveNext () (at ./Library/PackageCache/com.unity.test-framework@082c24152fd4/UnityEngine.TestRunner/NUnitExtensions/Commands/BeforeAfterTestCommandBase.cs:212)
UnityEngine.TestTools.BeforeAfterTestCommandBase`1/<ExecuteEnumerable>d__16<System.Reflection.MethodInfo>:MoveNext () (at ./Library/PackageCache/com.unity.test-framework@082c24152fd4/UnityEngine.TestRunner/NUnitExtensions/Commands/BeforeAfterTestCommandBase.cs:212)
UnityEngine.TestTools.BeforeAfterTestCommandBase`1/<ExecuteEnumerable>d__16<System.Reflection.MethodInfo>:MoveNext () (at ./Library/PackageCache/com.unity.test-framework@082c24152fd4/UnityEngine.TestRunner/NUnitExtensions/Commands/BeforeAfterTestCommandBase.cs:212)
UnityEngine.TestTools.BeforeAfterTestCommandBase`1/<ExecuteEnumerable>d__16<UnityEngine.TestTools.IOuterUnityTestAction>:MoveNext () (at ./Library/PackageCache/com.unity.test-framework@082c24152fd4/UnityEngine.TestRunner/NUnitExtensions/Commands/BeforeAfterTestCommandBase.cs:212)
UnityEngine.TestTools.RetryCommand/<ExecuteEnumerable>d__2:MoveNext () (at ./Library/PackageCache/com.unity.test-framework@082c24152fd4/UnityEngine.TestRunner/NUnitExtensions/Commands/RetryCommand.cs:37)
UnityEngine.TestTools.RepeatCommand/<ExecuteEnumerable>d__2:MoveNext () (at ./Library/PackageCache/com.unity.test-framework@082c24152fd4/UnityEngine.TestRunner/NUnitExtensions/Commands/RepeatCommand.cs:36)
UnityEngine.TestTools.IgnoreTestCommand/<ExecuteEnumerable>d__3:MoveNext () (at ./Library/PackageCache/com.unity.test-framework@082c24152fd4/UnityEngine.TestRunner/NUnitExtensions/Commands/IgnoreTestCommand.cs:42)
UnityEngine.TestTools.StrictCheckCommand/<ExecuteEnumerable>d__2:MoveNext () (at ./Library/PackageCache/com.unity.test-framework@082c24152fd4/UnityEngine.TestRunner/NUnitExtensions/Commands/StrictCheckCommand.cs:29)
UnityEngine.TestTools.Utils.CoroutineRunner/<WrapEnumeratorForChecks>d__8:MoveNext () (at ./Library/PackageCache/com.unity.test-framework@082c24152fd4/UnityEngine.TestRunner/Utils/CoroutineRunner.cs:58)
UnityEngine.SetupCoroutine:InvokeMoveNext (System.Collections.IEnumerator,intptr)

(Filename: Assets/BorderRepair/FirstOrder/Tests/PlayMode/FirstOrderPlayTests.cs Line: 264)

[FirstOrderTest] 上盖总成抬起 10 cm 途中穿入：无
UnityEngine.Debug:ExtractStackTraceNoAlloc (byte*,int,string)
UnityEngine.StackTraceUtility:ExtractStackTrace ()
UnityEngine.DebugLogHandler:Internal_Log (UnityEngine.LogType,UnityEngine.LogOption,string,UnityEngine.Object)
UnityEngine.DebugLogHandler:LogFormat (UnityEngine.LogType,UnityEngine.Object,string,object[])
UnityEngine.Logger:Log (UnityEngine.LogType,object)
UnityEngine.Debug:Log (object)
BorderRepair.FirstOrder.Tests.FirstOrderPlayTests/<RemovalPaths_DoNotPassThroughOtherRobotParts>d__14:MoveNext () (at Assets/BorderRepair/FirstOrder/Tests/PlayMode/FirstOrderPlayTests.cs:207)
UnityEngine.TestTools.TestEnumerator/<Execute>d__7:MoveNext () (at ./Library/PackageCache/com.unity.test-framework@082c24152fd4/UnityEngine.TestRunner/NUnitExtensions/Attributes/TestEnumerator.cs:44)
UnityEngine.TestTools.EnumerableTestMethodCommand/<ExecuteEnumerableAndRecordExceptions>d__4:MoveNext () (at ./Library/PackageCache/com.unity.test-framework@082c24152fd4/UnityEngine.TestRunner/NUnitExtensions/Commands/EnumerableTestMethodCommand.cs:79)
UnityEngine.TestTools.EnumerableTestMethodCommand:AdvanceEnumerator (System.Collections.IEnumerator) (at ./Library/PackageCache/com.unity.test-framework@082c24152fd4/UnityEngine.TestRunner/NUnitExtensions/Commands/EnumerableTestMethodCommand.cs:64)
UnityEngine.TestTools.EnumerableTestMethodCommand/<ExecuteEnumerable>d__2:MoveNext () (at ./Library/PackageCache/com.unity.test-framework@082c24152fd4/UnityEngine.TestRunner/NUnitExtensions/Commands/EnumerableTestMethodCommand.cs:47)
UnityEngine.TestRunner.NUnitExtensions.Runner.UnityLogCheckDelegatingCommand/<ExecuteEnumerable>d__3:MoveNext () (at ./Library/PackageCache/com.unity.test-framework@082c24152fd4/UnityEngine.TestRunner/NUnitExtensions/Runner/UnityLogCheckDelegatingCommand.cs:48)
UnityEngine.TestTools.BeforeAfterTestCommandBase`1/<ExecuteEnumerable>d__16<NUnit.Framework.ITestAction>:MoveNext () (at ./Library/PackageCache/com.unity.test-framework@082c24152fd4/UnityEngine.TestRunner/NUnitExtensions/Commands/BeforeAfterTestCommandBase.cs:212)
UnityEngine.TestTools.BeforeAfterTestCommandBase`1/<ExecuteEnumerable>d__16<System.Reflection.MethodInfo>:MoveNext () (at ./Library/PackageCache/com.unity.test-framework@082c24152fd4/UnityEngine.TestRunner/NUnitExtensions/Commands/BeforeAfterTestCommandBase.cs:212)
UnityEngine.TestTools.BeforeAfterTestCommandBase`1/<ExecuteEnumerable>d__16<System.Reflection.MethodInfo>:MoveNext () (at ./Library/PackageCache/com.unity.test-framework@082c24152fd4/UnityEngine.TestRunner/NUnitExtensions/Commands/BeforeAfterTestCommandBase.cs:212)
UnityEngine.TestTools.BeforeAfterTestCommandBase`1/<ExecuteEnumerable>d__16<UnityEngine.TestTools.IOuterUnityTestAction>:MoveNext () (at ./Library/PackageCache/com.unity.test-framework@082c24152fd4/UnityEngine.TestRunner/NUnitExtensions/Commands/BeforeAfterTestCommandBase.cs:212)
UnityEngine.TestTools.RetryCommand/<ExecuteEnumerable>d__2:MoveNext () (at ./Library/PackageCache/com.unity.test-framework@082c24152fd4/UnityEngine.TestRunner/NUnitExtensions/Commands/RetryCommand.cs:37)
UnityEngine.TestTools.RepeatCommand/<ExecuteEnumerable>d__2:MoveNext () (at ./Library/PackageCache/com.unity.test-framework@082c24152fd4/UnityEngine.TestRunner/NUnitExtensions/Commands/RepeatCommand.cs:36)
UnityEngine.TestTools.IgnoreTestCommand/<ExecuteEnumerable>d__3:MoveNext () (at ./Library/PackageCache/com.unity.test-framework@082c24152fd4/UnityEngine.TestRunner/NUnitExtensions/Commands/IgnoreTestCommand.cs:42)
UnityEngine.TestTools.StrictCheckCommand/<ExecuteEnumerable>d__2:MoveNext () (at ./Library/PackageCache/com.unity.test-framework@082c24152fd4/UnityEngine.TestRunner/NUnitExtensions/Commands/StrictCheckCommand.cs:29)
UnityEngine.TestTools.Utils.CoroutineRunner/<WrapEnumeratorForChecks>d__8:MoveNext () (at ./Library/PackageCache/com.unity.test-framework@082c24152fd4/UnityEngine.TestRunner/Utils/CoroutineRunner.cs:58)
UnityEngine.SetupCoroutine:InvokeMoveNext (System.Collections.IEnumerator,intptr)

(Filename: Assets/BorderRepair/FirstOrder/Tests/PlayMode/FirstOrderPlayTests.cs Line: 207)

[FirstOrderTest] Engine_BearingTop_L：检查了 2 个邻近零件；原位就与凸包重叠、凸包方法判断不了的：Engine_LowerCover_L
UnityEngine.Debug:ExtractStackTraceNoAlloc (byte*,int,string)
UnityEngine.StackTraceUtility:ExtractStackTrace ()
UnityEngine.DebugLogHandler:Internal_Log (UnityEngine.LogType,UnityEngine.LogOption,string,UnityEngine.Object)
UnityEngine.DebugLogHandler:LogFormat (UnityEngine.LogType,UnityEngine.Object,string,object[])
UnityEngine.Logger:Log (UnityEngine.LogType,object)
UnityEngine.Debug:Log (object)
BorderRepair.FirstOrder.Tests.FirstOrderPlayTests:Sweep (BorderRepair.FirstOrder.FirstOrderPart,UnityEngine.Vector3,single,System.Collections.Generic.HashSet`1<string>) (at Assets/BorderRepair/FirstOrder/Tests/PlayMode/FirstOrderPlayTests.cs:264)
BorderRepair.FirstOrder.Tests.FirstOrderPlayTests/<RemovalPaths_DoNotPassThroughOtherRobotParts>d__14:MoveNext () (at Assets/BorderRepair/FirstOrder/Tests/PlayMode/FirstOrderPlayTests.cs:209)
UnityEngine.TestTools.TestEnumerator/<Execute>d__7:MoveNext () (at ./Library/PackageCache/com.unity.test-framework@082c24152fd4/UnityEngine.TestRunner/NUnitExtensions/Attributes/TestEnumerator.cs:44)
UnityEngine.TestTools.EnumerableTestMethodCommand/<ExecuteEnumerableAndRecordExceptions>d__4:MoveNext () (at ./Library/PackageCache/com.unity.test-framework@082c24152fd4/UnityEngine.TestRunner/NUnitExtensions/Commands/EnumerableTestMethodCommand.cs:79)
UnityEngine.TestTools.EnumerableTestMethodCommand:AdvanceEnumerator (System.Collections.IEnumerator) (at ./Library/PackageCache/com.unity.test-framework@082c24152fd4/UnityEngine.TestRunner/NUnitExtensions/Commands/EnumerableTestMethodCommand.cs:64)
UnityEngine.TestTools.EnumerableTestMethodCommand/<ExecuteEnumerable>d__2:MoveNext () (at ./Library/PackageCache/com.unity.test-framework@082c24152fd4/UnityEngine.TestRunner/NUnitExtensions/Commands/EnumerableTestMethodCommand.cs:47)
UnityEngine.TestRunner.NUnitExtensions.Runner.UnityLogCheckDelegatingCommand/<ExecuteEnumerable>d__3:MoveNext () (at ./Library/PackageCache/com.unity.test-framework@082c24152fd4/UnityEngine.TestRunner/NUnitExtensions/Runner/UnityLogCheckDelegatingCommand.cs:48)
UnityEngine.TestTools.BeforeAfterTestCommandBase`1/<ExecuteEnumerable>d__16<NUnit.Framework.ITestAction>:MoveNext () (at ./Library/PackageCache/com.unity.test-framework@082c24152fd4/UnityEngine.TestRunner/NUnitExtensions/Commands/BeforeAfterTestCommandBase.cs:212)
UnityEngine.TestTools.BeforeAfterTestCommandBase`1/<ExecuteEnumerable>d__16<System.Reflection.MethodInfo>:MoveNext () (at ./Library/PackageCache/com.unity.test-framework@082c24152fd4/UnityEngine.TestRunner/NUnitExtensions/Commands/BeforeAfterTestCommandBase.cs:212)
UnityEngine.TestTools.BeforeAfterTestCommandBase`1/<ExecuteEnumerable>d__16<System.Reflection.MethodInfo>:MoveNext () (at ./Library/PackageCache/com.unity.test-framework@082c24152fd4/UnityEngine.TestRunner/NUnitExtensions/Commands/BeforeAfterTestCommandBase.cs:212)
UnityEngine.TestTools.BeforeAfterTestCommandBase`1/<ExecuteEnumerable>d__16<UnityEngine.TestTools.IOuterUnityTestAction>:MoveNext () (at ./Library/PackageCache/com.unity.test-framework@082c24152fd4/UnityEngine.TestRunner/NUnitExtensions/Commands/BeforeAfterTestCommandBase.cs:212)
UnityEngine.TestTools.RetryCommand/<ExecuteEnumerable>d__2:MoveNext () (at ./Library/PackageCache/com.unity.test-framework@082c24152fd4/UnityEngine.TestRunner/NUnitExtensions/Commands/RetryCommand.cs:37)
UnityEngine.TestTools.RepeatCommand/<ExecuteEnumerable>d__2:MoveNext () (at ./Library/PackageCache/com.unity.test-framework@082c24152fd4/UnityEngine.TestRunner/NUnitExtensions/Commands/RepeatCommand.cs:36)
UnityEngine.TestTools.IgnoreTestCommand/<ExecuteEnumerable>d__3:MoveNext () (at ./Library/PackageCache/com.unity.test-framework@082c24152fd4/UnityEngine.TestRunner/NUnitExtensions/Commands/IgnoreTestCommand.cs:42)
UnityEngine.TestTools.StrictCheckCommand/<ExecuteEnumerable>d__2:MoveNext () (at ./Library/PackageCache/com.unity.test-framework@082c24152fd4/UnityEngine.TestRunner/NUnitExtensions/Commands/StrictCheckCommand.cs:29)
UnityEngine.TestTools.Utils.CoroutineRunner/<WrapEnumeratorForChecks>d__8:MoveNext () (at ./Library/PackageCache/com.unity.test-framework@082c24152fd4/UnityEngine.TestRunner/Utils/CoroutineRunner.cs:58)
UnityEngine.SetupCoroutine:InvokeMoveNext (System.Collections.IEnumerator,intptr)

(Filename: Assets/BorderRepair/FirstOrder/Tests/PlayMode/FirstOrderPlayTests.cs Line: 264)

[FirstOrderTest] 旧轴承抬起 7 cm 途中穿入（转轴同轴不计）：无
UnityEngine.Debug:ExtractStackTraceNoAlloc (byte*,int,string)
UnityEngine.StackTraceUtility:ExtractStackTrace ()
UnityEngine.DebugLogHandler:Internal_Log (UnityEngine.LogType,UnityEngine.LogOption,string,UnityEngine.Object)
UnityEngine.DebugLogHandler:LogFormat (UnityEngine.LogType,UnityEngine.Object,string,object[])
UnityEngine.Logger:Log (UnityEngine.LogType,object)
UnityEngine.Debug:Log (object)
BorderRepair.FirstOrder.Tests.FirstOrderPlayTests/<RemovalPaths_DoNotPassThroughOtherRobotParts>d__14:MoveNext () (at Assets/BorderRepair/FirstOrder/Tests/PlayMode/FirstOrderPlayTests.cs:210)
UnityEngine.TestTools.TestEnumerator/<Execute>d__7:MoveNext () (at ./Library/PackageCache/com.unity.test-framework@082c24152fd4/UnityEngine.TestRunner/NUnitExtensions/Attributes/TestEnumerator.cs:44)
UnityEngine.TestTools.EnumerableTestMethodCommand/<ExecuteEnumerableAndRecordExceptions>d__4:MoveNext () (at ./Library/PackageCache/com.unity.test-framework@082c24152fd4/UnityEngine.TestRunner/NUnitExtensions/Commands/EnumerableTestMethodCommand.cs:79)
UnityEngine.TestTools.EnumerableTestMethodCommand:AdvanceEnumerator (System.Collections.IEnumerator) (at ./Library/PackageCache/com.unity.test-framework@082c24152fd4/UnityEngine.TestRunner/NUnitExtensions/Commands/EnumerableTestMethodCommand.cs:64)
UnityEngine.TestTools.EnumerableTestMethodCommand/<ExecuteEnumerable>d__2:MoveNext () (at ./Library/PackageCache/com.unity.test-framework@082c24152fd4/UnityEngine.TestRunner/NUnitExtensions/Commands/EnumerableTestMethodCommand.cs:47)
UnityEngine.TestRunner.NUnitExtensions.Runner.UnityLogCheckDelegatingCommand/<ExecuteEnumerable>d__3:MoveNext () (at ./Library/PackageCache/com.unity.test-framework@082c24152fd4/UnityEngine.TestRunner/NUnitExtensions/Runner/UnityLogCheckDelegatingCommand.cs:48)
UnityEngine.TestTools.BeforeAfterTestCommandBase`1/<ExecuteEnumerable>d__16<NUnit.Framework.ITestAction>:MoveNext () (at ./Library/PackageCache/com.unity.test-framework@082c24152fd4/UnityEngine.TestRunner/NUnitExtensions/Commands/BeforeAfterTestCommandBase.cs:212)
UnityEngine.TestTools.BeforeAfterTestCommandBase`1/<ExecuteEnumerable>d__16<System.Reflection.MethodInfo>:MoveNext () (at ./Library/PackageCache/com.unity.test-framework@082c24152fd4/UnityEngine.TestRunner/NUnitExtensions/Commands/BeforeAfterTestCommandBase.cs:212)
UnityEngine.TestTools.BeforeAfterTestCommandBase`1/<ExecuteEnumerable>d__16<System.Reflection.MethodInfo>:MoveNext () (at ./Library/PackageCache/com.unity.test-framework@082c24152fd4/UnityEngine.TestRunner/NUnitExtensions/Commands/BeforeAfterTestCommandBase.cs:212)
UnityEngine.TestTools.BeforeAfterTestCommandBase`1/<ExecuteEnumerable>d__16<UnityEngine.TestTools.IOuterUnityTestAction>:MoveNext () (at ./Library/PackageCache/com.unity.test-framework@082c24152fd4/UnityEngine.TestRunner/NUnitExtensions/Commands/BeforeAfterTestCommandBase.cs:212)
UnityEngine.TestTools.RetryCommand/<ExecuteEnumerable>d__2:MoveNext () (at ./Library/PackageCache/com.unity.test-framework@082c24152fd4/UnityEngine.TestRunner/NUnitExtensions/Commands/RetryCommand.cs:37)
UnityEngine.TestTools.RepeatCommand/<ExecuteEnumerable>d__2:MoveNext () (at ./Library/PackageCache/com.unity.test-framework@082c24152fd4/UnityEngine.TestRunner/NUnitExtensions/Commands/RepeatCommand.cs:36)
UnityEngine.TestTools.IgnoreTestCommand/<ExecuteEnumerable>d__3:MoveNext () (at ./Library/PackageCache/com.unity.test-framework@082c24152fd4/UnityEngine.TestRunner/NUnitExtensions/Commands/IgnoreTestCommand.cs:42)
UnityEngine.TestTools.StrictCheckCommand/<ExecuteEnumerable>d__2:MoveNext () (at ./Library/PackageCache/com.unity.test-framework@082c24152fd4/UnityEngine.TestRunner/NUnitExtensions/Commands/StrictCheckCommand.cs:29)
UnityEngine.TestTools.Utils.CoroutineRunner/<WrapEnumeratorForChecks>d__8:MoveNext () (at ./Library/PackageCache/com.unity.test-framework@082c24152fd4/UnityEngine.TestRunner/Utils/CoroutineRunner.cs:58)
UnityEngine.SetupCoroutine:InvokeMoveNext (System.Collections.IEnumerator,intptr)

(Filename: Assets/BorderRepair/FirstOrder/Tests/PlayMode/FirstOrderPlayTests.cs Line: 210)

Unloading 11 Unused Serialized files (Serialized files now loaded: 0)
UnloadTime: 1.740600 ms
Loaded scene 'Assets/BorderRepair/FirstOrder/Scenes/LayoutAB/Unit07FirstOrder_LayoutA.unity'
	Deserialize:            32.678 ms
	Integration:            172.923 ms
	Integration of assets:  3.984 ms
	Thread Wait Time:       0.713 ms
	Total Operation Time:   210.298 ms
Unloading 3418 unused Assets / (1.8 MB). Loaded Objects now: 10469.
Memory consumption went from 244.5 MB to 242.7 MB.
Total: 16.070800 ms (FindLiveObjects: 0.486600 ms CreateObjectMapping: 0.363400 ms MarkObjects: 13.564600 ms  DeleteObjects: 1.655100 ms)

Unloading 13 Unused Serialized files (Serialized files now loaded: 0)
UnloadTime: 1.286800 ms
Loaded scene 'Assets/BorderRepair/FirstOrder/Scenes/LayoutAB/Unit07FirstOrder_LayoutB.unity'
	Deserialize:            56.376 ms
	Integration:            168.311 ms
	Integration of assets:  5.055 ms
	Thread Wait Time:       0.879 ms
	Total Operation Time:   230.622 ms
Unloading 3420 unused Assets / (2.7 MB). Loaded Objects now: 10469.
Memory consumption went from 246.6 MB to 243.9 MB.
Total: 16.590000 ms (FindLiveObjects: 0.518800 ms CreateObjectMapping: 0.282900 ms MarkObjects: 14.463900 ms  DeleteObjects: 1.323100 ms)

Unloading 11 Unused Serialized files (Serialized files now loaded: 0)
UnloadTime: 1.358900 ms
Loaded scene 'Assets/BorderRepair/FirstOrder/Scenes/LayoutAB/Unit07FirstOrder_LayoutB.unity'
	Deserialize:            35.594 ms
	Integration:            168.986 ms
	Integration of assets:  4.504 ms
	Thread Wait Time:       1.147 ms
	Total Operation Time:   210.230 ms
Unloading 3418 unused Assets / (2.5 MB). Loaded Objects now: 10469.
Memory consumption went from 245.3 MB to 242.8 MB.
Total: 15.710700 ms (FindLiveObjects: 0.517300 ms CreateObjectMapping: 0.273800 ms MarkObjects: 13.371900 ms  DeleteObjects: 1.545900 ms)

Unloading 11 Unused Serialized files (Serialized files now loaded: 0)
UnloadTime: 1.373300 ms
Loaded scene 'Assets/BorderRepair/FirstOrder/Scenes/LayoutAB/Unit07FirstOrder_LayoutB.unity'
	Deserialize:            29.909 ms
	Integration:            178.064 ms
	Integration of assets:  3.630 ms
	Thread Wait Time:       0.541 ms
	Total Operation Time:   212.144 ms
Unloading 3418 unused Assets / (1.6 MB). Loaded Objects now: 10469.
Memory consumption went from 244.5 MB to 243.0 MB.
Total: 15.633300 ms (FindLiveObjects: 0.531700 ms CreateObjectMapping: 0.325200 ms MarkObjects: 13.503100 ms  DeleteObjects: 1.272500 ms)

[FirstOrderTest] 翻面的上盖总成落点：位置差 0.000 mm，朝向差 0.000°
UnityEngine.Debug:ExtractStackTraceNoAlloc (byte*,int,string)
UnityEngine.StackTraceUtility:ExtractStackTrace ()
UnityEngine.DebugLogHandler:Internal_Log (UnityEngine.LogType,UnityEngine.LogOption,string,UnityEngine.Object)
UnityEngine.DebugLogHandler:LogFormat (UnityEngine.LogType,UnityEngine.Object,string,object[])
UnityEngine.Logger:Log (UnityEngine.LogType,object)
UnityEngine.Debug:Log (object)
BorderRepair.FirstOrder.Tests.FirstOrderPlayTests:AssertAtLanding (BorderRepair.FirstOrder.FirstOrderPart,BorderRepair.FirstOrder.FirstOrderDropZone,string) (at Assets/BorderRepair/FirstOrder/Tests/PlayMode/FirstOrderPlayTests.cs:183)
BorderRepair.FirstOrder.Tests.FirstOrderPlayTests/<MovedParts_NoTeleport_NoClipping>d__11:MoveNext () (at Assets/BorderRepair/FirstOrder/Tests/PlayMode/FirstOrderPlayTests.cs:161)
UnityEngine.TestTools.TestEnumerator/<Execute>d__7:MoveNext () (at ./Library/PackageCache/com.unity.test-framework@082c24152fd4/UnityEngine.TestRunner/NUnitExtensions/Attributes/TestEnumerator.cs:44)
UnityEngine.TestTools.EnumerableTestMethodCommand/<ExecuteEnumerableAndRecordExceptions>d__4:MoveNext () (at ./Library/PackageCache/com.unity.test-framework@082c24152fd4/UnityEngine.TestRunner/NUnitExtensions/Commands/EnumerableTestMethodCommand.cs:79)
UnityEngine.TestTools.EnumerableTestMethodCommand:AdvanceEnumerator (System.Collections.IEnumerator) (at ./Library/PackageCache/com.unity.test-framework@082c24152fd4/UnityEngine.TestRunner/NUnitExtensions/Commands/EnumerableTestMethodCommand.cs:64)
UnityEngine.TestTools.EnumerableTestMethodCommand/<ExecuteEnumerable>d__2:MoveNext () (at ./Library/PackageCache/com.unity.test-framework@082c24152fd4/UnityEngine.TestRunner/NUnitExtensions/Commands/EnumerableTestMethodCommand.cs:47)
UnityEngine.TestRunner.NUnitExtensions.Runner.UnityLogCheckDelegatingCommand/<ExecuteEnumerable>d__3:MoveNext () (at ./Library/PackageCache/com.unity.test-framework@082c24152fd4/UnityEngine.TestRunner/NUnitExtensions/Runner/UnityLogCheckDelegatingCommand.cs:48)
UnityEngine.TestTools.BeforeAfterTestCommandBase`1/<ExecuteEnumerable>d__16<NUnit.Framework.ITestAction>:MoveNext () (at ./Library/PackageCache/com.unity.test-framework@082c24152fd4/UnityEngine.TestRunner/NUnitExtensions/Commands/BeforeAfterTestCommandBase.cs:212)
UnityEngine.TestTools.BeforeAfterTestCommandBase`1/<ExecuteEnumerable>d__16<System.Reflection.MethodInfo>:MoveNext () (at ./Library/PackageCache/com.unity.test-framework@082c24152fd4/UnityEngine.TestRunner/NUnitExtensions/Commands/BeforeAfterTestCommandBase.cs:212)
UnityEngine.TestTools.BeforeAfterTestCommandBase`1/<ExecuteEnumerable>d__16<System.Reflection.MethodInfo>:MoveNext () (at ./Library/PackageCache/com.unity.test-framework@082c24152fd4/UnityEngine.TestRunner/NUnitExtensions/Commands/BeforeAfterTestCommandBase.cs:212)
UnityEngine.TestTools.BeforeAfterTestCommandBase`1/<ExecuteEnumerable>d__16<UnityEngine.TestTools.IOuterUnityTestAction>:MoveNext () (at ./Library/PackageCache/com.unity.test-framework@082c24152fd4/UnityEngine.TestRunner/NUnitExtensions/Commands/BeforeAfterTestCommandBase.cs:212)
UnityEngine.TestTools.RetryCommand/<ExecuteEnumerable>d__2:MoveNext () (at ./Library/PackageCache/com.unity.test-framework@082c24152fd4/UnityEngine.TestRunner/NUnitExtensions/Commands/RetryCommand.cs:37)
UnityEngine.TestTools.RepeatCommand/<ExecuteEnumerable>d__2:MoveNext () (at ./Library/PackageCache/com.unity.test-framework@082c24152fd4/UnityEngine.TestRunner/NUnitExtensions/Commands/RepeatCommand.cs:36)
UnityEngine.TestTools.IgnoreTestCommand/<ExecuteEnumerable>d__3:MoveNext () (at ./Library/PackageCache/com.unity.test-framework@082c24152fd4/UnityEngine.TestRunner/NUnitExtensions/Commands/IgnoreTestCommand.cs:42)
UnityEngine.TestTools.StrictCheckCommand/<ExecuteEnumerable>d__2:MoveNext () (at ./Library/PackageCache/com.unity.test-framework@082c24152fd4/UnityEngine.TestRunner/NUnitExtensions/Commands/StrictCheckCommand.cs:29)
UnityEngine.TestTools.Utils.CoroutineRunner/<WrapEnumeratorForChecks>d__8:MoveNext () (at ./Library/PackageCache/com.unity.test-framework@082c24152fd4/UnityEngine.TestRunner/Utils/CoroutineRunner.cs:58)
UnityEngine.SetupCoroutine:InvokeMoveNext (System.Collections.IEnumerator,intptr)

(Filename: Assets/BorderRepair/FirstOrder/Tests/PlayMode/FirstOrderPlayTests.cs Line: 183)

[FirstOrderTest] 旧轴承落点：位置差 0.000 mm，朝向差 0.000°
UnityEngine.Debug:ExtractStackTraceNoAlloc (byte*,int,string)
UnityEngine.StackTraceUtility:ExtractStackTrace ()
UnityEngine.DebugLogHandler:Internal_Log (UnityEngine.LogType,UnityEngine.LogOption,string,UnityEngine.Object)
UnityEngine.DebugLogHandler:LogFormat (UnityEngine.LogType,UnityEngine.Object,string,object[])
UnityEngine.Logger:Log (UnityEngine.LogType,object)
UnityEngine.Debug:Log (object)
BorderRepair.FirstOrder.Tests.FirstOrderPlayTests:AssertAtLanding (BorderRepair.FirstOrder.FirstOrderPart,BorderRepair.FirstOrder.FirstOrderDropZone,string) (at Assets/BorderRepair/FirstOrder/Tests/PlayMode/FirstOrderPlayTests.cs:183)
BorderRepair.FirstOrder.Tests.FirstOrderPlayTests/<MovedParts_NoTeleport_NoClipping>d__11:MoveNext () (at Assets/BorderRepair/FirstOrder/Tests/PlayMode/FirstOrderPlayTests.cs:162)
UnityEngine.TestTools.TestEnumerator/<Execute>d__7:MoveNext () (at ./Library/PackageCache/com.unity.test-framework@082c24152fd4/UnityEngine.TestRunner/NUnitExtensions/Attributes/TestEnumerator.cs:44)
UnityEngine.TestTools.EnumerableTestMethodCommand/<ExecuteEnumerableAndRecordExceptions>d__4:MoveNext () (at ./Library/PackageCache/com.unity.test-framework@082c24152fd4/UnityEngine.TestRunner/NUnitExtensions/Commands/EnumerableTestMethodCommand.cs:79)
UnityEngine.TestTools.EnumerableTestMethodCommand:AdvanceEnumerator (System.Collections.IEnumerator) (at ./Library/PackageCache/com.unity.test-framework@082c24152fd4/UnityEngine.TestRunner/NUnitExtensions/Commands/EnumerableTestMethodCommand.cs:64)
UnityEngine.TestTools.EnumerableTestMethodCommand/<ExecuteEnumerable>d__2:MoveNext () (at ./Library/PackageCache/com.unity.test-framework@082c24152fd4/UnityEngine.TestRunner/NUnitExtensions/Commands/EnumerableTestMethodCommand.cs:47)
UnityEngine.TestRunner.NUnitExtensions.Runner.UnityLogCheckDelegatingCommand/<ExecuteEnumerable>d__3:MoveNext () (at ./Library/PackageCache/com.unity.test-framework@082c24152fd4/UnityEngine.TestRunner/NUnitExtensions/Runner/UnityLogCheckDelegatingCommand.cs:48)
UnityEngine.TestTools.BeforeAfterTestCommandBase`1/<ExecuteEnumerable>d__16<NUnit.Framework.ITestAction>:MoveNext () (at ./Library/PackageCache/com.unity.test-framework@082c24152fd4/UnityEngine.TestRunner/NUnitExtensions/Commands/BeforeAfterTestCommandBase.cs:212)
UnityEngine.TestTools.BeforeAfterTestCommandBase`1/<ExecuteEnumerable>d__16<System.Reflection.MethodInfo>:MoveNext () (at ./Library/PackageCache/com.unity.test-framework@082c24152fd4/UnityEngine.TestRunner/NUnitExtensions/Commands/BeforeAfterTestCommandBase.cs:212)
UnityEngine.TestTools.BeforeAfterTestCommandBase`1/<ExecuteEnumerable>d__16<System.Reflection.MethodInfo>:MoveNext () (at ./Library/PackageCache/com.unity.test-framework@082c24152fd4/UnityEngine.TestRunner/NUnitExtensions/Commands/BeforeAfterTestCommandBase.cs:212)
UnityEngine.TestTools.BeforeAfterTestCommandBase`1/<ExecuteEnumerable>d__16<UnityEngine.TestTools.IOuterUnityTestAction>:MoveNext () (at ./Library/PackageCache/com.unity.test-framework@082c24152fd4/UnityEngine.TestRunner/NUnitExtensions/Commands/BeforeAfterTestCommandBase.cs:212)
UnityEngine.TestTools.RetryCommand/<ExecuteEnumerable>d__2:MoveNext () (at ./Library/PackageCache/com.unity.test-framework@082c24152fd4/UnityEngine.TestRunner/NUnitExtensions/Commands/RetryCommand.cs:37)
UnityEngine.TestTools.RepeatCommand/<ExecuteEnumerable>d__2:MoveNext () (at ./Library/PackageCache/com.unity.test-framework@082c24152fd4/UnityEngine.TestRunner/NUnitExtensions/Commands/RepeatCommand.cs:36)
UnityEngine.TestTools.IgnoreTestCommand/<ExecuteEnumerable>d__3:MoveNext () (at ./Library/PackageCache/com.unity.test-framework@082c24152fd4/UnityEngine.TestRunner/NUnitExtensions/Commands/IgnoreTestCommand.cs:42)
UnityEngine.TestTools.StrictCheckCommand/<ExecuteEnumerable>d__2:MoveNext () (at ./Library/PackageCache/com.unity.test-framework@082c24152fd4/UnityEngine.TestRunner/NUnitExtensions/Commands/StrictCheckCommand.cs:29)
UnityEngine.TestTools.Utils.CoroutineRunner/<WrapEnumeratorForChecks>d__8:MoveNext () (at ./Library/PackageCache/com.unity.test-framework@082c24152fd4/UnityEngine.TestRunner/Utils/CoroutineRunner.cs:58)
UnityEngine.SetupCoroutine:InvokeMoveNext (System.Collections.IEnumerator,intptr)

(Filename: Assets/BorderRepair/FirstOrder/Tests/PlayMode/FirstOrderPlayTests.cs Line: 183)

[FirstOrderTest] 保养标记法线与竖直向上夹角 1.8°
UnityEngine.Debug:ExtractStackTraceNoAlloc (byte*,int,string)
UnityEngine.StackTraceUtility:ExtractStackTrace ()
UnityEngine.DebugLogHandler:Internal_Log (UnityEngine.LogType,UnityEngine.LogOption,string,UnityEngine.Object)
UnityEngine.DebugLogHandler:LogFormat (UnityEngine.LogType,UnityEngine.Object,string,object[])
UnityEngine.Logger:Log (UnityEngine.LogType,object)
UnityEngine.Debug:Log (object)
BorderRepair.FirstOrder.Tests.FirstOrderPlayTests/<MovedParts_NoTeleport_NoClipping>d__11:MoveNext () (at Assets/BorderRepair/FirstOrder/Tests/PlayMode/FirstOrderPlayTests.cs:165)
UnityEngine.TestTools.TestEnumerator/<Execute>d__7:MoveNext () (at ./Library/PackageCache/com.unity.test-framework@082c24152fd4/UnityEngine.TestRunner/NUnitExtensions/Attributes/TestEnumerator.cs:44)
UnityEngine.TestTools.EnumerableTestMethodCommand/<ExecuteEnumerableAndRecordExceptions>d__4:MoveNext () (at ./Library/PackageCache/com.unity.test-framework@082c24152fd4/UnityEngine.TestRunner/NUnitExtensions/Commands/EnumerableTestMethodCommand.cs:79)
UnityEngine.TestTools.EnumerableTestMethodCommand:AdvanceEnumerator (System.Collections.IEnumerator) (at ./Library/PackageCache/com.unity.test-framework@082c24152fd4/UnityEngine.TestRunner/NUnitExtensions/Commands/EnumerableTestMethodCommand.cs:64)
UnityEngine.TestTools.EnumerableTestMethodCommand/<ExecuteEnumerable>d__2:MoveNext () (at ./Library/PackageCache/com.unity.test-framework@082c24152fd4/UnityEngine.TestRunner/NUnitExtensions/Commands/EnumerableTestMethodCommand.cs:47)
UnityEngine.TestRunner.NUnitExtensions.Runner.UnityLogCheckDelegatingCommand/<ExecuteEnumerable>d__3:MoveNext () (at ./Library/PackageCache/com.unity.test-framework@082c24152fd4/UnityEngine.TestRunner/NUnitExtensions/Runner/UnityLogCheckDelegatingCommand.cs:48)
UnityEngine.TestTools.BeforeAfterTestCommandBase`1/<ExecuteEnumerable>d__16<NUnit.Framework.ITestAction>:MoveNext () (at ./Library/PackageCache/com.unity.test-framework@082c24152fd4/UnityEngine.TestRunner/NUnitExtensions/Commands/BeforeAfterTestCommandBase.cs:212)
UnityEngine.TestTools.BeforeAfterTestCommandBase`1/<ExecuteEnumerable>d__16<System.Reflection.MethodInfo>:MoveNext () (at ./Library/PackageCache/com.unity.test-framework@082c24152fd4/UnityEngine.TestRunner/NUnitExtensions/Commands/BeforeAfterTestCommandBase.cs:212)
UnityEngine.TestTools.BeforeAfterTestCommandBase`1/<ExecuteEnumerable>d__16<System.Reflection.MethodInfo>:MoveNext () (at ./Library/PackageCache/com.unity.test-framework@082c24152fd4/UnityEngine.TestRunner/NUnitExtensions/Commands/BeforeAfterTestCommandBase.cs:212)
UnityEngine.TestTools.BeforeAfterTestCommandBase`1/<ExecuteEnumerable>d__16<UnityEngine.TestTools.IOuterUnityTestAction>:MoveNext () (at ./Library/PackageCache/com.unity.test-framework@082c24152fd4/UnityEngine.TestRunner/NUnitExtensions/Commands/BeforeAfterTestCommandBase.cs:212)
UnityEngine.TestTools.RetryCommand/<ExecuteEnumerable>d__2:MoveNext () (at ./Library/PackageCache/com.unity.test-framework@082c24152fd4/UnityEngine.TestRunner/NUnitExtensions/Commands/RetryCommand.cs:37)
UnityEngine.TestTools.RepeatCommand/<ExecuteEnumerable>d__2:MoveNext () (at ./Library/PackageCache/com.unity.test-framework@082c24152fd4/UnityEngine.TestRunner/NUnitExtensions/Commands/RepeatCommand.cs:36)
UnityEngine.TestTools.IgnoreTestCommand/<ExecuteEnumerable>d__3:MoveNext () (at ./Library/PackageCache/com.unity.test-framework@082c24152fd4/UnityEngine.TestRunner/NUnitExtensions/Commands/IgnoreTestCommand.cs:42)
UnityEngine.TestTools.StrictCheckCommand/<ExecuteEnumerable>d__2:MoveNext () (at ./Library/PackageCache/com.unity.test-framework@082c24152fd4/UnityEngine.TestRunner/NUnitExtensions/Commands/StrictCheckCommand.cs:29)
UnityEngine.TestTools.Utils.CoroutineRunner/<WrapEnumeratorForChecks>d__8:MoveNext () (at ./Library/PackageCache/com.unity.test-framework@082c24152fd4/UnityEngine.TestRunner/Utils/CoroutineRunner.cs:58)
UnityEngine.SetupCoroutine:InvokeMoveNext (System.Collections.IEnumerator,intptr)

(Filename: Assets/BorderRepair/FirstOrder/Tests/PlayMode/FirstOrderPlayTests.cs Line: 165)

[FirstOrderTest] 逐帧：1506 帧，最大单帧位移 24.3 mm（engine_l_bearing_new 第 850 帧（FetchNewBearing）），最大单帧转角 6.20°（engine_l_cover 第 506 帧（PlaceCover））；搬运途中检查了 562 帧（engine_l_cover：搬运时中心高 1.734 m（沿途最高 Lamp_Head），低空钻进落点（上方有台灯）；engine_l_bearing：搬运时中心高 1.320 m（沿途最高 Engine_CoverLatch_Outer_L）；engine_l_bearing_new：搬运时中心高 1.320 m（沿途最高 Engine_CoverLatch_Outer_L）；engine_l_cover：搬运时中心高 1.699 m（沿途最高 Lamp_Head），从工作台低空钻出），包围盒粗筛有重叠的 0 次，凸包精查穿入 0 处；没有碰撞、只能比包围盒、包围盒有交叠的物件：engine_l_bearing↔Tray_Screws（PlaceOldBearing）、engine_l_bearing↔Marker（PlaceOldBearing）、engine_l_bearing_new↔Box_Bearings（FetchNewBearing）
UnityEngine.Debug:ExtractStackTraceNoAlloc (byte*,int,string)
UnityEngine.StackTraceUtility:ExtractStackTrace ()
UnityEngine.DebugLogHandler:Internal_Log (UnityEngine.LogType,UnityEngine.LogOption,string,UnityEngine.Object)
UnityEngine.DebugLogHandler:LogFormat (UnityEngine.LogType,UnityEngine.Object,string,object[])
UnityEngine.Logger:Log (UnityEngine.LogType,object)
UnityEngine.Debug:Log (object)
BorderRepair.FirstOrder.Tests.FirstOrderPlayTests/<MovedParts_NoTeleport_NoClipping>d__11:MoveNext () (at Assets/BorderRepair/FirstOrder/Tests/PlayMode/FirstOrderPlayTests.cs:170)
UnityEngine.TestTools.TestEnumerator/<Execute>d__7:MoveNext () (at ./Library/PackageCache/com.unity.test-framework@082c24152fd4/UnityEngine.TestRunner/NUnitExtensions/Attributes/TestEnumerator.cs:44)
UnityEngine.TestTools.EnumerableTestMethodCommand/<ExecuteEnumerableAndRecordExceptions>d__4:MoveNext () (at ./Library/PackageCache/com.unity.test-framework@082c24152fd4/UnityEngine.TestRunner/NUnitExtensions/Commands/EnumerableTestMethodCommand.cs:79)
UnityEngine.TestTools.EnumerableTestMethodCommand:AdvanceEnumerator (System.Collections.IEnumerator) (at ./Library/PackageCache/com.unity.test-framework@082c24152fd4/UnityEngine.TestRunner/NUnitExtensions/Commands/EnumerableTestMethodCommand.cs:64)
UnityEngine.TestTools.EnumerableTestMethodCommand/<ExecuteEnumerable>d__2:MoveNext () (at ./Library/PackageCache/com.unity.test-framework@082c24152fd4/UnityEngine.TestRunner/NUnitExtensions/Commands/EnumerableTestMethodCommand.cs:47)
UnityEngine.TestRunner.NUnitExtensions.Runner.UnityLogCheckDelegatingCommand/<ExecuteEnumerable>d__3:MoveNext () (at ./Library/PackageCache/com.unity.test-framework@082c24152fd4/UnityEngine.TestRunner/NUnitExtensions/Runner/UnityLogCheckDelegatingCommand.cs:48)
UnityEngine.TestTools.BeforeAfterTestCommandBase`1/<ExecuteEnumerable>d__16<NUnit.Framework.ITestAction>:MoveNext () (at ./Library/PackageCache/com.unity.test-framework@082c24152fd4/UnityEngine.TestRunner/NUnitExtensions/Commands/BeforeAfterTestCommandBase.cs:212)
UnityEngine.TestTools.BeforeAfterTestCommandBase`1/<ExecuteEnumerable>d__16<System.Reflection.MethodInfo>:MoveNext () (at ./Library/PackageCache/com.unity.test-framework@082c24152fd4/UnityEngine.TestRunner/NUnitExtensions/Commands/BeforeAfterTestCommandBase.cs:212)
UnityEngine.TestTools.BeforeAfterTestCommandBase`1/<ExecuteEnumerable>d__16<System.Reflection.MethodInfo>:MoveNext () (at ./Library/PackageCache/com.unity.test-framework@082c24152fd4/UnityEngine.TestRunner/NUnitExtensions/Commands/BeforeAfterTestCommandBase.cs:212)
UnityEngine.TestTools.BeforeAfterTestCommandBase`1/<ExecuteEnumerable>d__16<UnityEngine.TestTools.IOuterUnityTestAction>:MoveNext () (at ./Library/PackageCache/com.unity.test-framework@082c24152fd4/UnityEngine.TestRunner/NUnitExtensions/Commands/BeforeAfterTestCommandBase.cs:212)
UnityEngine.TestTools.RetryCommand/<ExecuteEnumerable>d__2:MoveNext () (at ./Library/PackageCache/com.unity.test-framework@082c24152fd4/UnityEngine.TestRunner/NUnitExtensions/Commands/RetryCommand.cs:37)
UnityEngine.TestTools.RepeatCommand/<ExecuteEnumerable>d__2:MoveNext () (at ./Library/PackageCache/com.unity.test-framework@082c24152fd4/UnityEngine.TestRunner/NUnitExtensions/Commands/RepeatCommand.cs:36)
UnityEngine.TestTools.IgnoreTestCommand/<ExecuteEnumerable>d__3:MoveNext () (at ./Library/PackageCache/com.unity.test-framework@082c24152fd4/UnityEngine.TestRunner/NUnitExtensions/Commands/IgnoreTestCommand.cs:42)
UnityEngine.TestTools.StrictCheckCommand/<ExecuteEnumerable>d__2:MoveNext () (at ./Library/PackageCache/com.unity.test-framework@082c24152fd4/UnityEngine.TestRunner/NUnitExtensions/Commands/StrictCheckCommand.cs:29)
UnityEngine.TestTools.Utils.CoroutineRunner/<WrapEnumeratorForChecks>d__8:MoveNext () (at ./Library/PackageCache/com.unity.test-framework@082c24152fd4/UnityEngine.TestRunner/Utils/CoroutineRunner.cs:58)
UnityEngine.SetupCoroutine:InvokeMoveNext (System.Collections.IEnumerator,intptr)

(Filename: Assets/BorderRepair/FirstOrder/Tests/PlayMode/FirstOrderPlayTests.cs Line: 170)

Unloading 11 Unused Serialized files (Serialized files now loaded: 0)
UnloadTime: 1.920900 ms
Loaded scene 'Assets/BorderRepair/FirstOrder/Scenes/LayoutAB/Unit07FirstOrder_LayoutB.unity'
	Deserialize:            32.879 ms
	Integration:            172.257 ms
	Integration of assets:  3.598 ms
	Thread Wait Time:       0.739 ms
	Total Operation Time:   209.473 ms
Unloading 3418 unused Assets / (1.5 MB). Loaded Objects now: 10469.
Memory consumption went from 244.5 MB to 243.1 MB.
Total: 15.434100 ms (FindLiveObjects: 0.569800 ms CreateObjectMapping: 0.357300 ms MarkObjects: 12.915000 ms  DeleteObjects: 1.590500 ms)

[FirstOrderTest] 新旧轴承逐帧核对：1506 帧，同时在轴承位的最多 1 个；违规 0 条
UnityEngine.Debug:ExtractStackTraceNoAlloc (byte*,int,string)
UnityEngine.StackTraceUtility:ExtractStackTrace ()
UnityEngine.DebugLogHandler:Internal_Log (UnityEngine.LogType,UnityEngine.LogOption,string,UnityEngine.Object)
UnityEngine.DebugLogHandler:LogFormat (UnityEngine.LogType,UnityEngine.Object,string,object[])
UnityEngine.Logger:Log (UnityEngine.LogType,object)
UnityEngine.Debug:Log (object)
BorderRepair.FirstOrder.Tests.FirstOrderPlayTests/<OldAndNewBearings_NeverShownTogether>d__10:MoveNext () (at Assets/BorderRepair/FirstOrder/Tests/PlayMode/FirstOrderPlayTests.cs:137)
UnityEngine.TestTools.TestEnumerator/<Execute>d__7:MoveNext () (at ./Library/PackageCache/com.unity.test-framework@082c24152fd4/UnityEngine.TestRunner/NUnitExtensions/Attributes/TestEnumerator.cs:44)
UnityEngine.TestTools.EnumerableTestMethodCommand/<ExecuteEnumerableAndRecordExceptions>d__4:MoveNext () (at ./Library/PackageCache/com.unity.test-framework@082c24152fd4/UnityEngine.TestRunner/NUnitExtensions/Commands/EnumerableTestMethodCommand.cs:79)
UnityEngine.TestTools.EnumerableTestMethodCommand:AdvanceEnumerator (System.Collections.IEnumerator) (at ./Library/PackageCache/com.unity.test-framework@082c24152fd4/UnityEngine.TestRunner/NUnitExtensions/Commands/EnumerableTestMethodCommand.cs:64)
UnityEngine.TestTools.EnumerableTestMethodCommand/<ExecuteEnumerable>d__2:MoveNext () (at ./Library/PackageCache/com.unity.test-framework@082c24152fd4/UnityEngine.TestRunner/NUnitExtensions/Commands/EnumerableTestMethodCommand.cs:47)
UnityEngine.TestRunner.NUnitExtensions.Runner.UnityLogCheckDelegatingCommand/<ExecuteEnumerable>d__3:MoveNext () (at ./Library/PackageCache/com.unity.test-framework@082c24152fd4/UnityEngine.TestRunner/NUnitExtensions/Runner/UnityLogCheckDelegatingCommand.cs:48)
UnityEngine.TestTools.BeforeAfterTestCommandBase`1/<ExecuteEnumerable>d__16<NUnit.Framework.ITestAction>:MoveNext () (at ./Library/PackageCache/com.unity.test-framework@082c24152fd4/UnityEngine.TestRunner/NUnitExtensions/Commands/BeforeAfterTestCommandBase.cs:212)
UnityEngine.TestTools.BeforeAfterTestCommandBase`1/<ExecuteEnumerable>d__16<System.Reflection.MethodInfo>:MoveNext () (at ./Library/PackageCache/com.unity.test-framework@082c24152fd4/UnityEngine.TestRunner/NUnitExtensions/Commands/BeforeAfterTestCommandBase.cs:212)
UnityEngine.TestTools.BeforeAfterTestCommandBase`1/<ExecuteEnumerable>d__16<System.Reflection.MethodInfo>:MoveNext () (at ./Library/PackageCache/com.unity.test-framework@082c24152fd4/UnityEngine.TestRunner/NUnitExtensions/Commands/BeforeAfterTestCommandBase.cs:212)
UnityEngine.TestTools.BeforeAfterTestCommandBase`1/<ExecuteEnumerable>d__16<UnityEngine.TestTools.IOuterUnityTestAction>:MoveNext () (at ./Library/PackageCache/com.unity.test-framework@082c24152fd4/UnityEngine.TestRunner/NUnitExtensions/Commands/BeforeAfterTestCommandBase.cs:212)
UnityEngine.TestTools.RetryCommand/<ExecuteEnumerable>d__2:MoveNext () (at ./Library/PackageCache/com.unity.test-framework@082c24152fd4/UnityEngine.TestRunner/NUnitExtensions/Commands/RetryCommand.cs:37)
UnityEngine.TestTools.RepeatCommand/<ExecuteEnumerable>d__2:MoveNext () (at ./Library/PackageCache/com.unity.test-framework@082c24152fd4/UnityEngine.TestRunner/NUnitExtensions/Commands/RepeatCommand.cs:36)
UnityEngine.TestTools.IgnoreTestCommand/<ExecuteEnumerable>d__3:MoveNext () (at ./Library/PackageCache/com.unity.test-framework@082c24152fd4/UnityEngine.TestRunner/NUnitExtensions/Commands/IgnoreTestCommand.cs:42)
UnityEngine.TestTools.StrictCheckCommand/<ExecuteEnumerable>d__2:MoveNext () (at ./Library/PackageCache/com.unity.test-framework@082c24152fd4/UnityEngine.TestRunner/NUnitExtensions/Commands/StrictCheckCommand.cs:29)
UnityEngine.TestTools.Utils.CoroutineRunner/<WrapEnumeratorForChecks>d__8:MoveNext () (at ./Library/PackageCache/com.unity.test-framework@082c24152fd4/UnityEngine.TestRunner/Utils/CoroutineRunner.cs:58)
UnityEngine.SetupCoroutine:InvokeMoveNext (System.Collections.IEnumerator,intptr)

(Filename: Assets/BorderRepair/FirstOrder/Tests/PlayMode/FirstOrderPlayTests.cs Line: 137)

Unloading 11 Unused Serialized files (Serialized files now loaded: 0)
UnloadTime: 1.383600 ms
Loaded scene 'Assets/BorderRepair/FirstOrder/Scenes/LayoutAB/Unit07FirstOrder_LayoutB.unity'
	Deserialize:            31.153 ms
	Integration:            170.813 ms
	Integration of assets:  3.519 ms
	Thread Wait Time:       0.443 ms
	Total Operation Time:   205.928 ms
Unloading 3418 unused Assets / (1.7 MB). Loaded Objects now: 10469.
Memory consumption went from 244.5 MB to 242.9 MB.
Total: 15.246700 ms (FindLiveObjects: 0.568300 ms CreateObjectMapping: 0.322500 ms MarkObjects: 13.134700 ms  DeleteObjects: 1.220100 ms)

Unloading 11 Unused Serialized files (Serialized files now loaded: 0)
UnloadTime: 1.400000 ms
Loaded scene 'Assets/BorderRepair/FirstOrder/Scenes/LayoutAB/Unit07FirstOrder_LayoutB.unity'
	Deserialize:            35.487 ms
	Integration:            173.555 ms
	Integration of assets:  3.839 ms
	Thread Wait Time:       0.634 ms
	Total Operation Time:   213.514 ms
Unloading 3418 unused Assets / (2.4 MB). Loaded Objects now: 10469.
Memory consumption went from 245.3 MB to 242.9 MB.
Total: 16.655400 ms (FindLiveObjects: 0.896200 ms CreateObjectMapping: 0.354400 ms MarkObjects: 13.608100 ms  DeleteObjects: 1.795400 ms)

[FirstOrderTest] Engine_UpperCover_L：检查了 10 个邻近零件；原位就与凸包重叠、凸包方法判断不了的：无
UnityEngine.Debug:ExtractStackTraceNoAlloc (byte*,int,string)
UnityEngine.StackTraceUtility:ExtractStackTrace ()
UnityEngine.DebugLogHandler:Internal_Log (UnityEngine.LogType,UnityEngine.LogOption,string,UnityEngine.Object)
UnityEngine.DebugLogHandler:LogFormat (UnityEngine.LogType,UnityEngine.Object,string,object[])
UnityEngine.Logger:Log (UnityEngine.LogType,object)
UnityEngine.Debug:Log (object)
BorderRepair.FirstOrder.Tests.FirstOrderPlayTests:Sweep (BorderRepair.FirstOrder.FirstOrderPart,UnityEngine.Vector3,single,System.Collections.Generic.HashSet`1<string>) (at Assets/BorderRepair/FirstOrder/Tests/PlayMode/FirstOrderPlayTests.cs:264)
BorderRepair.FirstOrder.Tests.FirstOrderPlayTests/<RemovalPaths_DoNotPassThroughOtherRobotParts>d__14:MoveNext () (at Assets/BorderRepair/FirstOrder/Tests/PlayMode/FirstOrderPlayTests.cs:206)
UnityEngine.TestTools.TestEnumerator/<Execute>d__7:MoveNext () (at ./Library/PackageCache/com.unity.test-framework@082c24152fd4/UnityEngine.TestRunner/NUnitExtensions/Attributes/TestEnumerator.cs:44)
UnityEngine.TestTools.EnumerableTestMethodCommand/<ExecuteEnumerableAndRecordExceptions>d__4:MoveNext () (at ./Library/PackageCache/com.unity.test-framework@082c24152fd4/UnityEngine.TestRunner/NUnitExtensions/Commands/EnumerableTestMethodCommand.cs:79)
UnityEngine.TestTools.EnumerableTestMethodCommand:AdvanceEnumerator (System.Collections.IEnumerator) (at ./Library/PackageCache/com.unity.test-framework@082c24152fd4/UnityEngine.TestRunner/NUnitExtensions/Commands/EnumerableTestMethodCommand.cs:64)
UnityEngine.TestTools.EnumerableTestMethodCommand/<ExecuteEnumerable>d__2:MoveNext () (at ./Library/PackageCache/com.unity.test-framework@082c24152fd4/UnityEngine.TestRunner/NUnitExtensions/Commands/EnumerableTestMethodCommand.cs:47)
UnityEngine.TestRunner.NUnitExtensions.Runner.UnityLogCheckDelegatingCommand/<ExecuteEnumerable>d__3:MoveNext () (at ./Library/PackageCache/com.unity.test-framework@082c24152fd4/UnityEngine.TestRunner/NUnitExtensions/Runner/UnityLogCheckDelegatingCommand.cs:48)
UnityEngine.TestTools.BeforeAfterTestCommandBase`1/<ExecuteEnumerable>d__16<NUnit.Framework.ITestAction>:MoveNext () (at ./Library/PackageCache/com.unity.test-framework@082c24152fd4/UnityEngine.TestRunner/NUnitExtensions/Commands/BeforeAfterTestCommandBase.cs:212)
UnityEngine.TestTools.BeforeAfterTestCommandBase`1/<ExecuteEnumerable>d__16<System.Reflection.MethodInfo>:MoveNext () (at ./Library/PackageCache/com.unity.test-framework@082c24152fd4/UnityEngine.TestRunner/NUnitExtensions/Commands/BeforeAfterTestCommandBase.cs:212)
UnityEngine.TestTools.BeforeAfterTestCommandBase`1/<ExecuteEnumerable>d__16<System.Reflection.MethodInfo>:MoveNext () (at ./Library/PackageCache/com.unity.test-framework@082c24152fd4/UnityEngine.TestRunner/NUnitExtensions/Commands/BeforeAfterTestCommandBase.cs:212)
UnityEngine.TestTools.BeforeAfterTestCommandBase`1/<ExecuteEnumerable>d__16<UnityEngine.TestTools.IOuterUnityTestAction>:MoveNext () (at ./Library/PackageCache/com.unity.test-framework@082c24152fd4/UnityEngine.TestRunner/NUnitExtensions/Commands/BeforeAfterTestCommandBase.cs:212)
UnityEngine.TestTools.RetryCommand/<ExecuteEnumerable>d__2:MoveNext () (at ./Library/PackageCache/com.unity.test-framework@082c24152fd4/UnityEngine.TestRunner/NUnitExtensions/Commands/RetryCommand.cs:37)
UnityEngine.TestTools.RepeatCommand/<ExecuteEnumerable>d__2:MoveNext () (at ./Library/PackageCache/com.unity.test-framework@082c24152fd4/UnityEngine.TestRunner/NUnitExtensions/Commands/RepeatCommand.cs:36)
UnityEngine.TestTools.IgnoreTestCommand/<ExecuteEnumerable>d__3:MoveNext () (at ./Library/PackageCache/com.unity.test-framework@082c24152fd4/UnityEngine.TestRunner/NUnitExtensions/Commands/IgnoreTestCommand.cs:42)
UnityEngine.TestTools.StrictCheckCommand/<ExecuteEnumerable>d__2:MoveNext () (at ./Library/PackageCache/com.unity.test-framework@082c24152fd4/UnityEngine.TestRunner/NUnitExtensions/Commands/StrictCheckCommand.cs:29)
UnityEngine.TestTools.Utils.CoroutineRunner/<WrapEnumeratorForChecks>d__8:MoveNext () (at ./Library/PackageCache/com.unity.test-framework@082c24152fd4/UnityEngine.TestRunner/Utils/CoroutineRunner.cs:58)
UnityEngine.SetupCoroutine:InvokeMoveNext (System.Collections.IEnumerator,intptr)

(Filename: Assets/BorderRepair/FirstOrder/Tests/PlayMode/FirstOrderPlayTests.cs Line: 264)

[FirstOrderTest] 上盖总成抬起 10 cm 途中穿入：无
UnityEngine.Debug:ExtractStackTraceNoAlloc (byte*,int,string)
UnityEngine.StackTraceUtility:ExtractStackTrace ()
UnityEngine.DebugLogHandler:Internal_Log (UnityEngine.LogType,UnityEngine.LogOption,string,UnityEngine.Object)
UnityEngine.DebugLogHandler:LogFormat (UnityEngine.LogType,UnityEngine.Object,string,object[])
UnityEngine.Logger:Log (UnityEngine.LogType,object)
UnityEngine.Debug:Log (object)
BorderRepair.FirstOrder.Tests.FirstOrderPlayTests/<RemovalPaths_DoNotPassThroughOtherRobotParts>d__14:MoveNext () (at Assets/BorderRepair/FirstOrder/Tests/PlayMode/FirstOrderPlayTests.cs:207)
UnityEngine.TestTools.TestEnumerator/<Execute>d__7:MoveNext () (at ./Library/PackageCache/com.unity.test-framework@082c24152fd4/UnityEngine.TestRunner/NUnitExtensions/Attributes/TestEnumerator.cs:44)
UnityEngine.TestTools.EnumerableTestMethodCommand/<ExecuteEnumerableAndRecordExceptions>d__4:MoveNext () (at ./Library/PackageCache/com.unity.test-framework@082c24152fd4/UnityEngine.TestRunner/NUnitExtensions/Commands/EnumerableTestMethodCommand.cs:79)
UnityEngine.TestTools.EnumerableTestMethodCommand:AdvanceEnumerator (System.Collections.IEnumerator) (at ./Library/PackageCache/com.unity.test-framework@082c24152fd4/UnityEngine.TestRunner/NUnitExtensions/Commands/EnumerableTestMethodCommand.cs:64)
UnityEngine.TestTools.EnumerableTestMethodCommand/<ExecuteEnumerable>d__2:MoveNext () (at ./Library/PackageCache/com.unity.test-framework@082c24152fd4/UnityEngine.TestRunner/NUnitExtensions/Commands/EnumerableTestMethodCommand.cs:47)
UnityEngine.TestRunner.NUnitExtensions.Runner.UnityLogCheckDelegatingCommand/<ExecuteEnumerable>d__3:MoveNext () (at ./Library/PackageCache/com.unity.test-framework@082c24152fd4/UnityEngine.TestRunner/NUnitExtensions/Runner/UnityLogCheckDelegatingCommand.cs:48)
UnityEngine.TestTools.BeforeAfterTestCommandBase`1/<ExecuteEnumerable>d__16<NUnit.Framework.ITestAction>:MoveNext () (at ./Library/PackageCache/com.unity.test-framework@082c24152fd4/UnityEngine.TestRunner/NUnitExtensions/Commands/BeforeAfterTestCommandBase.cs:212)
UnityEngine.TestTools.BeforeAfterTestCommandBase`1/<ExecuteEnumerable>d__16<System.Reflection.MethodInfo>:MoveNext () (at ./Library/PackageCache/com.unity.test-framework@082c24152fd4/UnityEngine.TestRunner/NUnitExtensions/Commands/BeforeAfterTestCommandBase.cs:212)
UnityEngine.TestTools.BeforeAfterTestCommandBase`1/<ExecuteEnumerable>d__16<System.Reflection.MethodInfo>:MoveNext () (at ./Library/PackageCache/com.unity.test-framework@082c24152fd4/UnityEngine.TestRunner/NUnitExtensions/Commands/BeforeAfterTestCommandBase.cs:212)
UnityEngine.TestTools.BeforeAfterTestCommandBase`1/<ExecuteEnumerable>d__16<UnityEngine.TestTools.IOuterUnityTestAction>:MoveNext () (at ./Library/PackageCache/com.unity.test-framework@082c24152fd4/UnityEngine.TestRunner/NUnitExtensions/Commands/BeforeAfterTestCommandBase.cs:212)
UnityEngine.TestTools.RetryCommand/<ExecuteEnumerable>d__2:MoveNext () (at ./Library/PackageCache/com.unity.test-framework@082c24152fd4/UnityEngine.TestRunner/NUnitExtensions/Commands/RetryCommand.cs:37)
UnityEngine.TestTools.RepeatCommand/<ExecuteEnumerable>d__2:MoveNext () (at ./Library/PackageCache/com.unity.test-framework@082c24152fd4/UnityEngine.TestRunner/NUnitExtensions/Commands/RepeatCommand.cs:36)
UnityEngine.TestTools.IgnoreTestCommand/<ExecuteEnumerable>d__3:MoveNext () (at ./Library/PackageCache/com.unity.test-framework@082c24152fd4/UnityEngine.TestRunner/NUnitExtensions/Commands/IgnoreTestCommand.cs:42)
UnityEngine.TestTools.StrictCheckCommand/<ExecuteEnumerable>d__2:MoveNext () (at ./Library/PackageCache/com.unity.test-framework@082c24152fd4/UnityEngine.TestRunner/NUnitExtensions/Commands/StrictCheckCommand.cs:29)
UnityEngine.TestTools.Utils.CoroutineRunner/<WrapEnumeratorForChecks>d__8:MoveNext () (at ./Library/PackageCache/com.unity.test-framework@082c24152fd4/UnityEngine.TestRunner/Utils/CoroutineRunner.cs:58)
UnityEngine.SetupCoroutine:InvokeMoveNext (System.Collections.IEnumerator,intptr)

(Filename: Assets/BorderRepair/FirstOrder/Tests/PlayMode/FirstOrderPlayTests.cs Line: 207)

[FirstOrderTest] Engine_BearingTop_L：检查了 2 个邻近零件；原位就与凸包重叠、凸包方法判断不了的：Engine_LowerCover_L
UnityEngine.Debug:ExtractStackTraceNoAlloc (byte*,int,string)
UnityEngine.StackTraceUtility:ExtractStackTrace ()
UnityEngine.DebugLogHandler:Internal_Log (UnityEngine.LogType,UnityEngine.LogOption,string,UnityEngine.Object)
UnityEngine.DebugLogHandler:LogFormat (UnityEngine.LogType,UnityEngine.Object,string,object[])
UnityEngine.Logger:Log (UnityEngine.LogType,object)
UnityEngine.Debug:Log (object)
BorderRepair.FirstOrder.Tests.FirstOrderPlayTests:Sweep (BorderRepair.FirstOrder.FirstOrderPart,UnityEngine.Vector3,single,System.Collections.Generic.HashSet`1<string>) (at Assets/BorderRepair/FirstOrder/Tests/PlayMode/FirstOrderPlayTests.cs:264)
BorderRepair.FirstOrder.Tests.FirstOrderPlayTests/<RemovalPaths_DoNotPassThroughOtherRobotParts>d__14:MoveNext () (at Assets/BorderRepair/FirstOrder/Tests/PlayMode/FirstOrderPlayTests.cs:209)
UnityEngine.TestTools.TestEnumerator/<Execute>d__7:MoveNext () (at ./Library/PackageCache/com.unity.test-framework@082c24152fd4/UnityEngine.TestRunner/NUnitExtensions/Attributes/TestEnumerator.cs:44)
UnityEngine.TestTools.EnumerableTestMethodCommand/<ExecuteEnumerableAndRecordExceptions>d__4:MoveNext () (at ./Library/PackageCache/com.unity.test-framework@082c24152fd4/UnityEngine.TestRunner/NUnitExtensions/Commands/EnumerableTestMethodCommand.cs:79)
UnityEngine.TestTools.EnumerableTestMethodCommand:AdvanceEnumerator (System.Collections.IEnumerator) (at ./Library/PackageCache/com.unity.test-framework@082c24152fd4/UnityEngine.TestRunner/NUnitExtensions/Commands/EnumerableTestMethodCommand.cs:64)
UnityEngine.TestTools.EnumerableTestMethodCommand/<ExecuteEnumerable>d__2:MoveNext () (at ./Library/PackageCache/com.unity.test-framework@082c24152fd4/UnityEngine.TestRunner/NUnitExtensions/Commands/EnumerableTestMethodCommand.cs:47)
UnityEngine.TestRunner.NUnitExtensions.Runner.UnityLogCheckDelegatingCommand/<ExecuteEnumerable>d__3:MoveNext () (at ./Library/PackageCache/com.unity.test-framework@082c24152fd4/UnityEngine.TestRunner/NUnitExtensions/Runner/UnityLogCheckDelegatingCommand.cs:48)
UnityEngine.TestTools.BeforeAfterTestCommandBase`1/<ExecuteEnumerable>d__16<NUnit.Framework.ITestAction>:MoveNext () (at ./Library/PackageCache/com.unity.test-framework@082c24152fd4/UnityEngine.TestRunner/NUnitExtensions/Commands/BeforeAfterTestCommandBase.cs:212)
UnityEngine.TestTools.BeforeAfterTestCommandBase`1/<ExecuteEnumerable>d__16<System.Reflection.MethodInfo>:MoveNext () (at ./Library/PackageCache/com.unity.test-framework@082c24152fd4/UnityEngine.TestRunner/NUnitExtensions/Commands/BeforeAfterTestCommandBase.cs:212)
UnityEngine.TestTools.BeforeAfterTestCommandBase`1/<ExecuteEnumerable>d__16<System.Reflection.MethodInfo>:MoveNext () (at ./Library/PackageCache/com.unity.test-framework@082c24152fd4/UnityEngine.TestRunner/NUnitExtensions/Commands/BeforeAfterTestCommandBase.cs:212)
UnityEngine.TestTools.BeforeAfterTestCommandBase`1/<ExecuteEnumerable>d__16<UnityEngine.TestTools.IOuterUnityTestAction>:MoveNext () (at ./Library/PackageCache/com.unity.test-framework@082c24152fd4/UnityEngine.TestRunner/NUnitExtensions/Commands/BeforeAfterTestCommandBase.cs:212)
UnityEngine.TestTools.RetryCommand/<ExecuteEnumerable>d__2:MoveNext () (at ./Library/PackageCache/com.unity.test-framework@082c24152fd4/UnityEngine.TestRunner/NUnitExtensions/Commands/RetryCommand.cs:37)
UnityEngine.TestTools.RepeatCommand/<ExecuteEnumerable>d__2:MoveNext () (at ./Library/PackageCache/com.unity.test-framework@082c24152fd4/UnityEngine.TestRunner/NUnitExtensions/Commands/RepeatCommand.cs:36)
UnityEngine.TestTools.IgnoreTestCommand/<ExecuteEnumerable>d__3:MoveNext () (at ./Library/PackageCache/com.unity.test-framework@082c24152fd4/UnityEngine.TestRunner/NUnitExtensions/Commands/IgnoreTestCommand.cs:42)
UnityEngine.TestTools.StrictCheckCommand/<ExecuteEnumerable>d__2:MoveNext () (at ./Library/PackageCache/com.unity.test-framework@082c24152fd4/UnityEngine.TestRunner/NUnitExtensions/Commands/StrictCheckCommand.cs:29)
UnityEngine.TestTools.Utils.CoroutineRunner/<WrapEnumeratorForChecks>d__8:MoveNext () (at ./Library/PackageCache/com.unity.test-framework@082c24152fd4/UnityEngine.TestRunner/Utils/CoroutineRunner.cs:58)
UnityEngine.SetupCoroutine:InvokeMoveNext (System.Collections.IEnumerator,intptr)

(Filename: Assets/BorderRepair/FirstOrder/Tests/PlayMode/FirstOrderPlayTests.cs Line: 264)

[FirstOrderTest] 旧轴承抬起 7 cm 途中穿入（转轴同轴不计）：无
UnityEngine.Debug:ExtractStackTraceNoAlloc (byte*,int,string)
UnityEngine.StackTraceUtility:ExtractStackTrace ()
UnityEngine.DebugLogHandler:Internal_Log (UnityEngine.LogType,UnityEngine.LogOption,string,UnityEngine.Object)
UnityEngine.DebugLogHandler:LogFormat (UnityEngine.LogType,UnityEngine.Object,string,object[])
UnityEngine.Logger:Log (UnityEngine.LogType,object)
UnityEngine.Debug:Log (object)
BorderRepair.FirstOrder.Tests.FirstOrderPlayTests/<RemovalPaths_DoNotPassThroughOtherRobotParts>d__14:MoveNext () (at Assets/BorderRepair/FirstOrder/Tests/PlayMode/FirstOrderPlayTests.cs:210)
UnityEngine.TestTools.TestEnumerator/<Execute>d__7:MoveNext () (at ./Library/PackageCache/com.unity.test-framework@082c24152fd4/UnityEngine.TestRunner/NUnitExtensions/Attributes/TestEnumerator.cs:44)
UnityEngine.TestTools.EnumerableTestMethodCommand/<ExecuteEnumerableAndRecordExceptions>d__4:MoveNext () (at ./Library/PackageCache/com.unity.test-framework@082c24152fd4/UnityEngine.TestRunner/NUnitExtensions/Commands/EnumerableTestMethodCommand.cs:79)
UnityEngine.TestTools.EnumerableTestMethodCommand:AdvanceEnumerator (System.Collections.IEnumerator) (at ./Library/PackageCache/com.unity.test-framework@082c24152fd4/UnityEngine.TestRunner/NUnitExtensions/Commands/EnumerableTestMethodCommand.cs:64)
UnityEngine.TestTools.EnumerableTestMethodCommand/<ExecuteEnumerable>d__2:MoveNext () (at ./Library/PackageCache/com.unity.test-framework@082c24152fd4/UnityEngine.TestRunner/NUnitExtensions/Commands/EnumerableTestMethodCommand.cs:47)
UnityEngine.TestRunner.NUnitExtensions.Runner.UnityLogCheckDelegatingCommand/<ExecuteEnumerable>d__3:MoveNext () (at ./Library/PackageCache/com.unity.test-framework@082c24152fd4/UnityEngine.TestRunner/NUnitExtensions/Runner/UnityLogCheckDelegatingCommand.cs:48)
UnityEngine.TestTools.BeforeAfterTestCommandBase`1/<ExecuteEnumerable>d__16<NUnit.Framework.ITestAction>:MoveNext () (at ./Library/PackageCache/com.unity.test-framework@082c24152fd4/UnityEngine.TestRunner/NUnitExtensions/Commands/BeforeAfterTestCommandBase.cs:212)
UnityEngine.TestTools.BeforeAfterTestCommandBase`1/<ExecuteEnumerable>d__16<System.Reflection.MethodInfo>:MoveNext () (at ./Library/PackageCache/com.unity.test-framework@082c24152fd4/UnityEngine.TestRunner/NUnitExtensions/Commands/BeforeAfterTestCommandBase.cs:212)
UnityEngine.TestTools.BeforeAfterTestCommandBase`1/<ExecuteEnumerable>d__16<System.Reflection.MethodInfo>:MoveNext () (at ./Library/PackageCache/com.unity.test-framework@082c24152fd4/UnityEngine.TestRunner/NUnitExtensions/Commands/BeforeAfterTestCommandBase.cs:212)
UnityEngine.TestTools.BeforeAfterTestCommandBase`1/<ExecuteEnumerable>d__16<UnityEngine.TestTools.IOuterUnityTestAction>:MoveNext () (at ./Library/PackageCache/com.unity.test-framework@082c24152fd4/UnityEngine.TestRunner/NUnitExtensions/Commands/BeforeAfterTestCommandBase.cs:212)
UnityEngine.TestTools.RetryCommand/<ExecuteEnumerable>d__2:MoveNext () (at ./Library/PackageCache/com.unity.test-framework@082c24152fd4/UnityEngine.TestRunner/NUnitExtensions/Commands/RetryCommand.cs:37)
UnityEngine.TestTools.RepeatCommand/<ExecuteEnumerable>d__2:MoveNext () (at ./Library/PackageCache/com.unity.test-framework@082c24152fd4/UnityEngine.TestRunner/NUnitExtensions/Commands/RepeatCommand.cs:36)
UnityEngine.TestTools.IgnoreTestCommand/<ExecuteEnumerable>d__3:MoveNext () (at ./Library/PackageCache/com.unity.test-framework@082c24152fd4/UnityEngine.TestRunner/NUnitExtensions/Commands/IgnoreTestCommand.cs:42)
UnityEngine.TestTools.StrictCheckCommand/<ExecuteEnumerable>d__2:MoveNext () (at ./Library/PackageCache/com.unity.test-framework@082c24152fd4/UnityEngine.TestRunner/NUnitExtensions/Commands/StrictCheckCommand.cs:29)
UnityEngine.TestTools.Utils.CoroutineRunner/<WrapEnumeratorForChecks>d__8:MoveNext () (at ./Library/PackageCache/com.unity.test-framework@082c24152fd4/UnityEngine.TestRunner/Utils/CoroutineRunner.cs:58)
UnityEngine.SetupCoroutine:InvokeMoveNext (System.Collections.IEnumerator,intptr)

(Filename: Assets/BorderRepair/FirstOrder/Tests/PlayMode/FirstOrderPlayTests.cs Line: 210)

Unloading 11 Unused Serialized files (Serialized files now loaded: 0)
UnloadTime: 1.466000 ms
Loaded scene 'Assets/BorderRepair/FirstOrder/Scenes/LayoutAB/Unit07FirstOrder_LayoutB.unity'
	Deserialize:            32.444 ms
	Integration:            172.874 ms
	Integration of assets:  4.304 ms
	Thread Wait Time:       0.661 ms
	Total Operation Time:   210.284 ms
Unloading 3418 unused Assets / (1.6 MB). Loaded Objects now: 10469.
Memory consumption went from 244.6 MB to 242.9 MB.
Total: 15.360400 ms (FindLiveObjects: 0.572100 ms CreateObjectMapping: 0.334100 ms MarkObjects: 13.178500 ms  DeleteObjects: 1.274800 ms)

Unloading 12 Unused Serialized files (Serialized files now loaded: 0)
UnloadTime: 1.201200 ms
Loaded scene 'Assets/BorderRepair/FirstOrder/Scenes/Slice/TwoNightSlice.unity'
	Deserialize:            38.735 ms
	Integration:            172.417 ms
	Integration of assets:  4.066 ms
	Thread Wait Time:       1.024 ms
	Total Operation Time:   216.242 ms
Unloading 3418 unused Assets / (1.7 MB). Loaded Objects now: 10750.
Memory consumption went from 253.4 MB to 251.7 MB.
Total: 16.204100 ms (FindLiveObjects: 0.835000 ms CreateObjectMapping: 0.500300 ms MarkObjects: 13.409100 ms  DeleteObjects: 1.458800 ms)

Unloading 11 Unused Serialized files (Serialized files now loaded: 0)
UnloadTime: 1.928100 ms
Loaded scene 'Assets/BorderRepair/FirstOrder/Scenes/Slice/TwoNightSlice.unity'
	Deserialize:            32.372 ms
	Integration:            176.844 ms
	Integration of assets:  3.803 ms
	Thread Wait Time:       0.921 ms
	Total Operation Time:   213.940 ms
Unloading 3429 unused Assets / (2.5 MB). Loaded Objects now: 10750.
Memory consumption went from 254.2 MB to 251.6 MB.
Total: 15.575600 ms (FindLiveObjects: 0.584200 ms CreateObjectMapping: 0.359400 ms MarkObjects: 13.229700 ms  DeleteObjects: 1.401400 ms)

Unloading 11 Unused Serialized files (Serialized files now loaded: 0)
UnloadTime: 2.083500 ms
Loaded scene 'Assets/BorderRepair/FirstOrder/Scenes/Slice/TwoNightSlice.unity'
	Deserialize:            32.451 ms
	Integration:            177.783 ms
	Integration of assets:  4.118 ms
	Thread Wait Time:       0.998 ms
	Total Operation Time:   215.351 ms
Unloading 3429 unused Assets / (1.7 MB). Loaded Objects now: 10750.
Memory consumption went from 253.4 MB to 251.7 MB.
Total: 15.522700 ms (FindLiveObjects: 0.546600 ms CreateObjectMapping: 0.308900 ms MarkObjects: 13.374100 ms  DeleteObjects: 1.292000 ms)

[FirstOrderTest] 翻面的上盖总成落点：位置差 0.000 mm，朝向差 0.000°
UnityEngine.Debug:ExtractStackTraceNoAlloc (byte*,int,string)
UnityEngine.StackTraceUtility:ExtractStackTrace ()
UnityEngine.DebugLogHandler:Internal_Log (UnityEngine.LogType,UnityEngine.LogOption,string,UnityEngine.Object)
UnityEngine.DebugLogHandler:LogFormat (UnityEngine.LogType,UnityEngine.Object,string,object[])
UnityEngine.Logger:Log (UnityEngine.LogType,object)
UnityEngine.Debug:Log (object)
BorderRepair.FirstOrder.Tests.FirstOrderPlayTests:AssertAtLanding (BorderRepair.FirstOrder.FirstOrderPart,BorderRepair.FirstOrder.FirstOrderDropZone,string) (at Assets/BorderRepair/FirstOrder/Tests/PlayMode/FirstOrderPlayTests.cs:183)
BorderRepair.FirstOrder.Tests.FirstOrderPlayTests/<MovedParts_NoTeleport_NoClipping>d__11:MoveNext () (at Assets/BorderRepair/FirstOrder/Tests/PlayMode/FirstOrderPlayTests.cs:161)
UnityEngine.TestTools.TestEnumerator/<Execute>d__7:MoveNext () (at ./Library/PackageCache/com.unity.test-framework@082c24152fd4/UnityEngine.TestRunner/NUnitExtensions/Attributes/TestEnumerator.cs:44)
UnityEngine.TestTools.EnumerableTestMethodCommand/<ExecuteEnumerableAndRecordExceptions>d__4:MoveNext () (at ./Library/PackageCache/com.unity.test-framework@082c24152fd4/UnityEngine.TestRunner/NUnitExtensions/Commands/EnumerableTestMethodCommand.cs:79)
UnityEngine.TestTools.EnumerableTestMethodCommand:AdvanceEnumerator (System.Collections.IEnumerator) (at ./Library/PackageCache/com.unity.test-framework@082c24152fd4/UnityEngine.TestRunner/NUnitExtensions/Commands/EnumerableTestMethodCommand.cs:64)
UnityEngine.TestTools.EnumerableTestMethodCommand/<ExecuteEnumerable>d__2:MoveNext () (at ./Library/PackageCache/com.unity.test-framework@082c24152fd4/UnityEngine.TestRunner/NUnitExtensions/Commands/EnumerableTestMethodCommand.cs:47)
UnityEngine.TestRunner.NUnitExtensions.Runner.UnityLogCheckDelegatingCommand/<ExecuteEnumerable>d__3:MoveNext () (at ./Library/PackageCache/com.unity.test-framework@082c24152fd4/UnityEngine.TestRunner/NUnitExtensions/Runner/UnityLogCheckDelegatingCommand.cs:48)
UnityEngine.TestTools.BeforeAfterTestCommandBase`1/<ExecuteEnumerable>d__16<NUnit.Framework.ITestAction>:MoveNext () (at ./Library/PackageCache/com.unity.test-framework@082c24152fd4/UnityEngine.TestRunner/NUnitExtensions/Commands/BeforeAfterTestCommandBase.cs:212)
UnityEngine.TestTools.BeforeAfterTestCommandBase`1/<ExecuteEnumerable>d__16<System.Reflection.MethodInfo>:MoveNext () (at ./Library/PackageCache/com.unity.test-framework@082c24152fd4/UnityEngine.TestRunner/NUnitExtensions/Commands/BeforeAfterTestCommandBase.cs:212)
UnityEngine.TestTools.BeforeAfterTestCommandBase`1/<ExecuteEnumerable>d__16<System.Reflection.MethodInfo>:MoveNext () (at ./Library/PackageCache/com.unity.test-framework@082c24152fd4/UnityEngine.TestRunner/NUnitExtensions/Commands/BeforeAfterTestCommandBase.cs:212)
UnityEngine.TestTools.BeforeAfterTestCommandBase`1/<ExecuteEnumerable>d__16<UnityEngine.TestTools.IOuterUnityTestAction>:MoveNext () (at ./Library/PackageCache/com.unity.test-framework@082c24152fd4/UnityEngine.TestRunner/NUnitExtensions/Commands/BeforeAfterTestCommandBase.cs:212)
UnityEngine.TestTools.RetryCommand/<ExecuteEnumerable>d__2:MoveNext () (at ./Library/PackageCache/com.unity.test-framework@082c24152fd4/UnityEngine.TestRunner/NUnitExtensions/Commands/RetryCommand.cs:37)
UnityEngine.TestTools.RepeatCommand/<ExecuteEnumerable>d__2:MoveNext () (at ./Library/PackageCache/com.unity.test-framework@082c24152fd4/UnityEngine.TestRunner/NUnitExtensions/Commands/RepeatCommand.cs:36)
UnityEngine.TestTools.IgnoreTestCommand/<ExecuteEnumerable>d__3:MoveNext () (at ./Library/PackageCache/com.unity.test-framework@082c24152fd4/UnityEngine.TestRunner/NUnitExtensions/Commands/IgnoreTestCommand.cs:42)
UnityEngine.TestTools.StrictCheckCommand/<ExecuteEnumerable>d__2:MoveNext () (at ./Library/PackageCache/com.unity.test-framework@082c24152fd4/UnityEngine.TestRunner/NUnitExtensions/Commands/StrictCheckCommand.cs:29)
UnityEngine.TestTools.Utils.CoroutineRunner/<WrapEnumeratorForChecks>d__8:MoveNext () (at ./Library/PackageCache/com.unity.test-framework@082c24152fd4/UnityEngine.TestRunner/Utils/CoroutineRunner.cs:58)
UnityEngine.SetupCoroutine:InvokeMoveNext (System.Collections.IEnumerator,intptr)

(Filename: Assets/BorderRepair/FirstOrder/Tests/PlayMode/FirstOrderPlayTests.cs Line: 183)

[FirstOrderTest] 旧轴承落点：位置差 0.000 mm，朝向差 0.000°
UnityEngine.Debug:ExtractStackTraceNoAlloc (byte*,int,string)
UnityEngine.StackTraceUtility:ExtractStackTrace ()
UnityEngine.DebugLogHandler:Internal_Log (UnityEngine.LogType,UnityEngine.LogOption,string,UnityEngine.Object)
UnityEngine.DebugLogHandler:LogFormat (UnityEngine.LogType,UnityEngine.Object,string,object[])
UnityEngine.Logger:Log (UnityEngine.LogType,object)
UnityEngine.Debug:Log (object)
BorderRepair.FirstOrder.Tests.FirstOrderPlayTests:AssertAtLanding (BorderRepair.FirstOrder.FirstOrderPart,BorderRepair.FirstOrder.FirstOrderDropZone,string) (at Assets/BorderRepair/FirstOrder/Tests/PlayMode/FirstOrderPlayTests.cs:183)
BorderRepair.FirstOrder.Tests.FirstOrderPlayTests/<MovedParts_NoTeleport_NoClipping>d__11:MoveNext () (at Assets/BorderRepair/FirstOrder/Tests/PlayMode/FirstOrderPlayTests.cs:162)
UnityEngine.TestTools.TestEnumerator/<Execute>d__7:MoveNext () (at ./Library/PackageCache/com.unity.test-framework@082c24152fd4/UnityEngine.TestRunner/NUnitExtensions/Attributes/TestEnumerator.cs:44)
UnityEngine.TestTools.EnumerableTestMethodCommand/<ExecuteEnumerableAndRecordExceptions>d__4:MoveNext () (at ./Library/PackageCache/com.unity.test-framework@082c24152fd4/UnityEngine.TestRunner/NUnitExtensions/Commands/EnumerableTestMethodCommand.cs:79)
UnityEngine.TestTools.EnumerableTestMethodCommand:AdvanceEnumerator (System.Collections.IEnumerator) (at ./Library/PackageCache/com.unity.test-framework@082c24152fd4/UnityEngine.TestRunner/NUnitExtensions/Commands/EnumerableTestMethodCommand.cs:64)
UnityEngine.TestTools.EnumerableTestMethodCommand/<ExecuteEnumerable>d__2:MoveNext () (at ./Library/PackageCache/com.unity.test-framework@082c24152fd4/UnityEngine.TestRunner/NUnitExtensions/Commands/EnumerableTestMethodCommand.cs:47)
UnityEngine.TestRunner.NUnitExtensions.Runner.UnityLogCheckDelegatingCommand/<ExecuteEnumerable>d__3:MoveNext () (at ./Library/PackageCache/com.unity.test-framework@082c24152fd4/UnityEngine.TestRunner/NUnitExtensions/Runner/UnityLogCheckDelegatingCommand.cs:48)
UnityEngine.TestTools.BeforeAfterTestCommandBase`1/<ExecuteEnumerable>d__16<NUnit.Framework.ITestAction>:MoveNext () (at ./Library/PackageCache/com.unity.test-framework@082c24152fd4/UnityEngine.TestRunner/NUnitExtensions/Commands/BeforeAfterTestCommandBase.cs:212)
UnityEngine.TestTools.BeforeAfterTestCommandBase`1/<ExecuteEnumerable>d__16<System.Reflection.MethodInfo>:MoveNext () (at ./Library/PackageCache/com.unity.test-framework@082c24152fd4/UnityEngine.TestRunner/NUnitExtensions/Commands/BeforeAfterTestCommandBase.cs:212)
UnityEngine.TestTools.BeforeAfterTestCommandBase`1/<ExecuteEnumerable>d__16<System.Reflection.MethodInfo>:MoveNext () (at ./Library/PackageCache/com.unity.test-framework@082c24152fd4/UnityEngine.TestRunner/NUnitExtensions/Commands/BeforeAfterTestCommandBase.cs:212)
UnityEngine.TestTools.BeforeAfterTestCommandBase`1/<ExecuteEnumerable>d__16<UnityEngine.TestTools.IOuterUnityTestAction>:MoveNext () (at ./Library/PackageCache/com.unity.test-framework@082c24152fd4/UnityEngine.TestRunner/NUnitExtensions/Commands/BeforeAfterTestCommandBase.cs:212)
UnityEngine.TestTools.RetryCommand/<ExecuteEnumerable>d__2:MoveNext () (at ./Library/PackageCache/com.unity.test-framework@082c24152fd4/UnityEngine.TestRunner/NUnitExtensions/Commands/RetryCommand.cs:37)
UnityEngine.TestTools.RepeatCommand/<ExecuteEnumerable>d__2:MoveNext () (at ./Library/PackageCache/com.unity.test-framework@082c24152fd4/UnityEngine.TestRunner/NUnitExtensions/Commands/RepeatCommand.cs:36)
UnityEngine.TestTools.IgnoreTestCommand/<ExecuteEnumerable>d__3:MoveNext () (at ./Library/PackageCache/com.unity.test-framework@082c24152fd4/UnityEngine.TestRunner/NUnitExtensions/Commands/IgnoreTestCommand.cs:42)
UnityEngine.TestTools.StrictCheckCommand/<ExecuteEnumerable>d__2:MoveNext () (at ./Library/PackageCache/com.unity.test-framework@082c24152fd4/UnityEngine.TestRunner/NUnitExtensions/Commands/StrictCheckCommand.cs:29)
UnityEngine.TestTools.Utils.CoroutineRunner/<WrapEnumeratorForChecks>d__8:MoveNext () (at ./Library/PackageCache/com.unity.test-framework@082c24152fd4/UnityEngine.TestRunner/Utils/CoroutineRunner.cs:58)
UnityEngine.SetupCoroutine:InvokeMoveNext (System.Collections.IEnumerator,intptr)

(Filename: Assets/BorderRepair/FirstOrder/Tests/PlayMode/FirstOrderPlayTests.cs Line: 183)

[FirstOrderTest] 保养标记法线与竖直向上夹角 1.8°
UnityEngine.Debug:ExtractStackTraceNoAlloc (byte*,int,string)
UnityEngine.StackTraceUtility:ExtractStackTrace ()
UnityEngine.DebugLogHandler:Internal_Log (UnityEngine.LogType,UnityEngine.LogOption,string,UnityEngine.Object)
UnityEngine.DebugLogHandler:LogFormat (UnityEngine.LogType,UnityEngine.Object,string,object[])
UnityEngine.Logger:Log (UnityEngine.LogType,object)
UnityEngine.Debug:Log (object)
BorderRepair.FirstOrder.Tests.FirstOrderPlayTests/<MovedParts_NoTeleport_NoClipping>d__11:MoveNext () (at Assets/BorderRepair/FirstOrder/Tests/PlayMode/FirstOrderPlayTests.cs:165)
UnityEngine.TestTools.TestEnumerator/<Execute>d__7:MoveNext () (at ./Library/PackageCache/com.unity.test-framework@082c24152fd4/UnityEngine.TestRunner/NUnitExtensions/Attributes/TestEnumerator.cs:44)
UnityEngine.TestTools.EnumerableTestMethodCommand/<ExecuteEnumerableAndRecordExceptions>d__4:MoveNext () (at ./Library/PackageCache/com.unity.test-framework@082c24152fd4/UnityEngine.TestRunner/NUnitExtensions/Commands/EnumerableTestMethodCommand.cs:79)
UnityEngine.TestTools.EnumerableTestMethodCommand:AdvanceEnumerator (System.Collections.IEnumerator) (at ./Library/PackageCache/com.unity.test-framework@082c24152fd4/UnityEngine.TestRunner/NUnitExtensions/Commands/EnumerableTestMethodCommand.cs:64)
UnityEngine.TestTools.EnumerableTestMethodCommand/<ExecuteEnumerable>d__2:MoveNext () (at ./Library/PackageCache/com.unity.test-framework@082c24152fd4/UnityEngine.TestRunner/NUnitExtensions/Commands/EnumerableTestMethodCommand.cs:47)
UnityEngine.TestRunner.NUnitExtensions.Runner.UnityLogCheckDelegatingCommand/<ExecuteEnumerable>d__3:MoveNext () (at ./Library/PackageCache/com.unity.test-framework@082c24152fd4/UnityEngine.TestRunner/NUnitExtensions/Runner/UnityLogCheckDelegatingCommand.cs:48)
UnityEngine.TestTools.BeforeAfterTestCommandBase`1/<ExecuteEnumerable>d__16<NUnit.Framework.ITestAction>:MoveNext () (at ./Library/PackageCache/com.unity.test-framework@082c24152fd4/UnityEngine.TestRunner/NUnitExtensions/Commands/BeforeAfterTestCommandBase.cs:212)
UnityEngine.TestTools.BeforeAfterTestCommandBase`1/<ExecuteEnumerable>d__16<System.Reflection.MethodInfo>:MoveNext () (at ./Library/PackageCache/com.unity.test-framework@082c24152fd4/UnityEngine.TestRunner/NUnitExtensions/Commands/BeforeAfterTestCommandBase.cs:212)
UnityEngine.TestTools.BeforeAfterTestCommandBase`1/<ExecuteEnumerable>d__16<System.Reflection.MethodInfo>:MoveNext () (at ./Library/PackageCache/com.unity.test-framework@082c24152fd4/UnityEngine.TestRunner/NUnitExtensions/Commands/BeforeAfterTestCommandBase.cs:212)
UnityEngine.TestTools.BeforeAfterTestCommandBase`1/<ExecuteEnumerable>d__16<UnityEngine.TestTools.IOuterUnityTestAction>:MoveNext () (at ./Library/PackageCache/com.unity.test-framework@082c24152fd4/UnityEngine.TestRunner/NUnitExtensions/Commands/BeforeAfterTestCommandBase.cs:212)
UnityEngine.TestTools.RetryCommand/<ExecuteEnumerable>d__2:MoveNext () (at ./Library/PackageCache/com.unity.test-framework@082c24152fd4/UnityEngine.TestRunner/NUnitExtensions/Commands/RetryCommand.cs:37)
UnityEngine.TestTools.RepeatCommand/<ExecuteEnumerable>d__2:MoveNext () (at ./Library/PackageCache/com.unity.test-framework@082c24152fd4/UnityEngine.TestRunner/NUnitExtensions/Commands/RepeatCommand.cs:36)
UnityEngine.TestTools.IgnoreTestCommand/<ExecuteEnumerable>d__3:MoveNext () (at ./Library/PackageCache/com.unity.test-framework@082c24152fd4/UnityEngine.TestRunner/NUnitExtensions/Commands/IgnoreTestCommand.cs:42)
UnityEngine.TestTools.StrictCheckCommand/<ExecuteEnumerable>d__2:MoveNext () (at ./Library/PackageCache/com.unity.test-framework@082c24152fd4/UnityEngine.TestRunner/NUnitExtensions/Commands/StrictCheckCommand.cs:29)
UnityEngine.TestTools.Utils.CoroutineRunner/<WrapEnumeratorForChecks>d__8:MoveNext () (at ./Library/PackageCache/com.unity.test-framework@082c24152fd4/UnityEngine.TestRunner/Utils/CoroutineRunner.cs:58)
UnityEngine.SetupCoroutine:InvokeMoveNext (System.Collections.IEnumerator,intptr)

(Filename: Assets/BorderRepair/FirstOrder/Tests/PlayMode/FirstOrderPlayTests.cs Line: 165)

[FirstOrderTest] 逐帧：1506 帧，最大单帧位移 24.3 mm（engine_l_bearing_new 第 850 帧（FetchNewBearing）），最大单帧转角 6.20°（engine_l_cover 第 506 帧（PlaceCover））；搬运途中检查了 562 帧（engine_l_cover：搬运时中心高 1.734 m（沿途最高 Lamp_Head），低空钻进落点（上方有台灯）；engine_l_bearing：搬运时中心高 1.320 m（沿途最高 Engine_CoverLatch_Outer_L）；engine_l_bearing_new：搬运时中心高 1.320 m（沿途最高 Engine_CoverLatch_Outer_L）；engine_l_cover：搬运时中心高 1.699 m（沿途最高 Lamp_Head），从工作台低空钻出），包围盒粗筛有重叠的 0 次，凸包精查穿入 0 处；没有碰撞、只能比包围盒、包围盒有交叠的物件：engine_l_bearing↔Tray_Screws（PlaceOldBearing）、engine_l_bearing↔Marker（PlaceOldBearing）、engine_l_bearing_new↔Box_Bearings（FetchNewBearing）
UnityEngine.Debug:ExtractStackTraceNoAlloc (byte*,int,string)
UnityEngine.StackTraceUtility:ExtractStackTrace ()
UnityEngine.DebugLogHandler:Internal_Log (UnityEngine.LogType,UnityEngine.LogOption,string,UnityEngine.Object)
UnityEngine.DebugLogHandler:LogFormat (UnityEngine.LogType,UnityEngine.Object,string,object[])
UnityEngine.Logger:Log (UnityEngine.LogType,object)
UnityEngine.Debug:Log (object)
BorderRepair.FirstOrder.Tests.FirstOrderPlayTests/<MovedParts_NoTeleport_NoClipping>d__11:MoveNext () (at Assets/BorderRepair/FirstOrder/Tests/PlayMode/FirstOrderPlayTests.cs:170)
UnityEngine.TestTools.TestEnumerator/<Execute>d__7:MoveNext () (at ./Library/PackageCache/com.unity.test-framework@082c24152fd4/UnityEngine.TestRunner/NUnitExtensions/Attributes/TestEnumerator.cs:44)
UnityEngine.TestTools.EnumerableTestMethodCommand/<ExecuteEnumerableAndRecordExceptions>d__4:MoveNext () (at ./Library/PackageCache/com.unity.test-framework@082c24152fd4/UnityEngine.TestRunner/NUnitExtensions/Commands/EnumerableTestMethodCommand.cs:79)
UnityEngine.TestTools.EnumerableTestMethodCommand:AdvanceEnumerator (System.Collections.IEnumerator) (at ./Library/PackageCache/com.unity.test-framework@082c24152fd4/UnityEngine.TestRunner/NUnitExtensions/Commands/EnumerableTestMethodCommand.cs:64)
UnityEngine.TestTools.EnumerableTestMethodCommand/<ExecuteEnumerable>d__2:MoveNext () (at ./Library/PackageCache/com.unity.test-framework@082c24152fd4/UnityEngine.TestRunner/NUnitExtensions/Commands/EnumerableTestMethodCommand.cs:47)
UnityEngine.TestRunner.NUnitExtensions.Runner.UnityLogCheckDelegatingCommand/<ExecuteEnumerable>d__3:MoveNext () (at ./Library/PackageCache/com.unity.test-framework@082c24152fd4/UnityEngine.TestRunner/NUnitExtensions/Runner/UnityLogCheckDelegatingCommand.cs:48)
UnityEngine.TestTools.BeforeAfterTestCommandBase`1/<ExecuteEnumerable>d__16<NUnit.Framework.ITestAction>:MoveNext () (at ./Library/PackageCache/com.unity.test-framework@082c24152fd4/UnityEngine.TestRunner/NUnitExtensions/Commands/BeforeAfterTestCommandBase.cs:212)
UnityEngine.TestTools.BeforeAfterTestCommandBase`1/<ExecuteEnumerable>d__16<System.Reflection.MethodInfo>:MoveNext () (at ./Library/PackageCache/com.unity.test-framework@082c24152fd4/UnityEngine.TestRunner/NUnitExtensions/Commands/BeforeAfterTestCommandBase.cs:212)
UnityEngine.TestTools.BeforeAfterTestCommandBase`1/<ExecuteEnumerable>d__16<System.Reflection.MethodInfo>:MoveNext () (at ./Library/PackageCache/com.unity.test-framework@082c24152fd4/UnityEngine.TestRunner/NUnitExtensions/Commands/BeforeAfterTestCommandBase.cs:212)
UnityEngine.TestTools.BeforeAfterTestCommandBase`1/<ExecuteEnumerable>d__16<UnityEngine.TestTools.IOuterUnityTestAction>:MoveNext () (at ./Library/PackageCache/com.unity.test-framework@082c24152fd4/UnityEngine.TestRunner/NUnitExtensions/Commands/BeforeAfterTestCommandBase.cs:212)
UnityEngine.TestTools.RetryCommand/<ExecuteEnumerable>d__2:MoveNext () (at ./Library/PackageCache/com.unity.test-framework@082c24152fd4/UnityEngine.TestRunner/NUnitExtensions/Commands/RetryCommand.cs:37)
UnityEngine.TestTools.RepeatCommand/<ExecuteEnumerable>d__2:MoveNext () (at ./Library/PackageCache/com.unity.test-framework@082c24152fd4/UnityEngine.TestRunner/NUnitExtensions/Commands/RepeatCommand.cs:36)
UnityEngine.TestTools.IgnoreTestCommand/<ExecuteEnumerable>d__3:MoveNext () (at ./Library/PackageCache/com.unity.test-framework@082c24152fd4/UnityEngine.TestRunner/NUnitExtensions/Commands/IgnoreTestCommand.cs:42)
UnityEngine.TestTools.StrictCheckCommand/<ExecuteEnumerable>d__2:MoveNext () (at ./Library/PackageCache/com.unity.test-framework@082c24152fd4/UnityEngine.TestRunner/NUnitExtensions/Commands/StrictCheckCommand.cs:29)
UnityEngine.TestTools.Utils.CoroutineRunner/<WrapEnumeratorForChecks>d__8:MoveNext () (at ./Library/PackageCache/com.unity.test-framework@082c24152fd4/UnityEngine.TestRunner/Utils/CoroutineRunner.cs:58)
UnityEngine.SetupCoroutine:InvokeMoveNext (System.Collections.IEnumerator,intptr)

(Filename: Assets/BorderRepair/FirstOrder/Tests/PlayMode/FirstOrderPlayTests.cs Line: 170)

Unloading 11 Unused Serialized files (Serialized files now loaded: 0)
UnloadTime: 1.687400 ms
Loaded scene 'Assets/BorderRepair/FirstOrder/Scenes/Slice/TwoNightSlice.unity'
	Deserialize:            36.780 ms
	Integration:            177.486 ms
	Integration of assets:  3.956 ms
	Thread Wait Time:       1.121 ms
	Total Operation Time:   219.344 ms
Unloading 3429 unused Assets / (1.7 MB). Loaded Objects now: 10750.
Memory consumption went from 253.5 MB to 251.7 MB.
Total: 15.547000 ms (FindLiveObjects: 0.518100 ms CreateObjectMapping: 0.318400 ms MarkObjects: 13.378300 ms  DeleteObjects: 1.331100 ms)

[FirstOrderTest] 新旧轴承逐帧核对：1506 帧，同时在轴承位的最多 1 个；违规 0 条
UnityEngine.Debug:ExtractStackTraceNoAlloc (byte*,int,string)
UnityEngine.StackTraceUtility:ExtractStackTrace ()
UnityEngine.DebugLogHandler:Internal_Log (UnityEngine.LogType,UnityEngine.LogOption,string,UnityEngine.Object)
UnityEngine.DebugLogHandler:LogFormat (UnityEngine.LogType,UnityEngine.Object,string,object[])
UnityEngine.Logger:Log (UnityEngine.LogType,object)
UnityEngine.Debug:Log (object)
BorderRepair.FirstOrder.Tests.FirstOrderPlayTests/<OldAndNewBearings_NeverShownTogether>d__10:MoveNext () (at Assets/BorderRepair/FirstOrder/Tests/PlayMode/FirstOrderPlayTests.cs:137)
UnityEngine.TestTools.TestEnumerator/<Execute>d__7:MoveNext () (at ./Library/PackageCache/com.unity.test-framework@082c24152fd4/UnityEngine.TestRunner/NUnitExtensions/Attributes/TestEnumerator.cs:44)
UnityEngine.TestTools.EnumerableTestMethodCommand/<ExecuteEnumerableAndRecordExceptions>d__4:MoveNext () (at ./Library/PackageCache/com.unity.test-framework@082c24152fd4/UnityEngine.TestRunner/NUnitExtensions/Commands/EnumerableTestMethodCommand.cs:79)
UnityEngine.TestTools.EnumerableTestMethodCommand:AdvanceEnumerator (System.Collections.IEnumerator) (at ./Library/PackageCache/com.unity.test-framework@082c24152fd4/UnityEngine.TestRunner/NUnitExtensions/Commands/EnumerableTestMethodCommand.cs:64)
UnityEngine.TestTools.EnumerableTestMethodCommand/<ExecuteEnumerable>d__2:MoveNext () (at ./Library/PackageCache/com.unity.test-framework@082c24152fd4/UnityEngine.TestRunner/NUnitExtensions/Commands/EnumerableTestMethodCommand.cs:47)
UnityEngine.TestRunner.NUnitExtensions.Runner.UnityLogCheckDelegatingCommand/<ExecuteEnumerable>d__3:MoveNext () (at ./Library/PackageCache/com.unity.test-framework@082c24152fd4/UnityEngine.TestRunner/NUnitExtensions/Runner/UnityLogCheckDelegatingCommand.cs:48)
UnityEngine.TestTools.BeforeAfterTestCommandBase`1/<ExecuteEnumerable>d__16<NUnit.Framework.ITestAction>:MoveNext () (at ./Library/PackageCache/com.unity.test-framework@082c24152fd4/UnityEngine.TestRunner/NUnitExtensions/Commands/BeforeAfterTestCommandBase.cs:212)
UnityEngine.TestTools.BeforeAfterTestCommandBase`1/<ExecuteEnumerable>d__16<System.Reflection.MethodInfo>:MoveNext () (at ./Library/PackageCache/com.unity.test-framework@082c24152fd4/UnityEngine.TestRunner/NUnitExtensions/Commands/BeforeAfterTestCommandBase.cs:212)
UnityEngine.TestTools.BeforeAfterTestCommandBase`1/<ExecuteEnumerable>d__16<System.Reflection.MethodInfo>:MoveNext () (at ./Library/PackageCache/com.unity.test-framework@082c24152fd4/UnityEngine.TestRunner/NUnitExtensions/Commands/BeforeAfterTestCommandBase.cs:212)
UnityEngine.TestTools.BeforeAfterTestCommandBase`1/<ExecuteEnumerable>d__16<UnityEngine.TestTools.IOuterUnityTestAction>:MoveNext () (at ./Library/PackageCache/com.unity.test-framework@082c24152fd4/UnityEngine.TestRunner/NUnitExtensions/Commands/BeforeAfterTestCommandBase.cs:212)
UnityEngine.TestTools.RetryCommand/<ExecuteEnumerable>d__2:MoveNext () (at ./Library/PackageCache/com.unity.test-framework@082c24152fd4/UnityEngine.TestRunner/NUnitExtensions/Commands/RetryCommand.cs:37)
UnityEngine.TestTools.RepeatCommand/<ExecuteEnumerable>d__2:MoveNext () (at ./Library/PackageCache/com.unity.test-framework@082c24152fd4/UnityEngine.TestRunner/NUnitExtensions/Commands/RepeatCommand.cs:36)
UnityEngine.TestTools.IgnoreTestCommand/<ExecuteEnumerable>d__3:MoveNext () (at ./Library/PackageCache/com.unity.test-framework@082c24152fd4/UnityEngine.TestRunner/NUnitExtensions/Commands/IgnoreTestCommand.cs:42)
UnityEngine.TestTools.StrictCheckCommand/<ExecuteEnumerable>d__2:MoveNext () (at ./Library/PackageCache/com.unity.test-framework@082c24152fd4/UnityEngine.TestRunner/NUnitExtensions/Commands/StrictCheckCommand.cs:29)
UnityEngine.TestTools.Utils.CoroutineRunner/<WrapEnumeratorForChecks>d__8:MoveNext () (at ./Library/PackageCache/com.unity.test-framework@082c24152fd4/UnityEngine.TestRunner/Utils/CoroutineRunner.cs:58)
UnityEngine.SetupCoroutine:InvokeMoveNext (System.Collections.IEnumerator,intptr)

(Filename: Assets/BorderRepair/FirstOrder/Tests/PlayMode/FirstOrderPlayTests.cs Line: 137)

Unloading 11 Unused Serialized files (Serialized files now loaded: 0)
UnloadTime: 1.752000 ms
Loaded scene 'Assets/BorderRepair/FirstOrder/Scenes/Slice/TwoNightSlice.unity'
	Deserialize:            29.279 ms
	Integration:            179.525 ms
	Integration of assets:  3.617 ms
	Thread Wait Time:       0.777 ms
	Total Operation Time:   213.198 ms
Unloading 3429 unused Assets / (1.7 MB). Loaded Objects now: 10750.
Memory consumption went from 253.5 MB to 251.8 MB.
Total: 16.953100 ms (FindLiveObjects: 0.532900 ms CreateObjectMapping: 0.311800 ms MarkObjects: 14.796200 ms  DeleteObjects: 1.311200 ms)

Unloading 11 Unused Serialized files (Serialized files now loaded: 0)
UnloadTime: 1.813100 ms
Loaded scene 'Assets/BorderRepair/FirstOrder/Scenes/Slice/TwoNightSlice.unity'
	Deserialize:            30.059 ms
	Integration:            177.626 ms
	Integration of assets:  3.772 ms
	Thread Wait Time:       0.733 ms
	Total Operation Time:   212.190 ms
Unloading 3429 unused Assets / (2.6 MB). Loaded Objects now: 10750.
Memory consumption went from 254.3 MB to 251.7 MB.
Total: 17.246700 ms (FindLiveObjects: 0.600100 ms CreateObjectMapping: 0.290800 ms MarkObjects: 14.181100 ms  DeleteObjects: 2.173200 ms)

[FirstOrderTest] Engine_UpperCover_L：检查了 10 个邻近零件；原位就与凸包重叠、凸包方法判断不了的：无
UnityEngine.Debug:ExtractStackTraceNoAlloc (byte*,int,string)
UnityEngine.StackTraceUtility:ExtractStackTrace ()
UnityEngine.DebugLogHandler:Internal_Log (UnityEngine.LogType,UnityEngine.LogOption,string,UnityEngine.Object)
UnityEngine.DebugLogHandler:LogFormat (UnityEngine.LogType,UnityEngine.Object,string,object[])
UnityEngine.Logger:Log (UnityEngine.LogType,object)
UnityEngine.Debug:Log (object)
BorderRepair.FirstOrder.Tests.FirstOrderPlayTests:Sweep (BorderRepair.FirstOrder.FirstOrderPart,UnityEngine.Vector3,single,System.Collections.Generic.HashSet`1<string>) (at Assets/BorderRepair/FirstOrder/Tests/PlayMode/FirstOrderPlayTests.cs:264)
BorderRepair.FirstOrder.Tests.FirstOrderPlayTests/<RemovalPaths_DoNotPassThroughOtherRobotParts>d__14:MoveNext () (at Assets/BorderRepair/FirstOrder/Tests/PlayMode/FirstOrderPlayTests.cs:206)
UnityEngine.TestTools.TestEnumerator/<Execute>d__7:MoveNext () (at ./Library/PackageCache/com.unity.test-framework@082c24152fd4/UnityEngine.TestRunner/NUnitExtensions/Attributes/TestEnumerator.cs:44)
UnityEngine.TestTools.EnumerableTestMethodCommand/<ExecuteEnumerableAndRecordExceptions>d__4:MoveNext () (at ./Library/PackageCache/com.unity.test-framework@082c24152fd4/UnityEngine.TestRunner/NUnitExtensions/Commands/EnumerableTestMethodCommand.cs:79)
UnityEngine.TestTools.EnumerableTestMethodCommand:AdvanceEnumerator (System.Collections.IEnumerator) (at ./Library/PackageCache/com.unity.test-framework@082c24152fd4/UnityEngine.TestRunner/NUnitExtensions/Commands/EnumerableTestMethodCommand.cs:64)
UnityEngine.TestTools.EnumerableTestMethodCommand/<ExecuteEnumerable>d__2:MoveNext () (at ./Library/PackageCache/com.unity.test-framework@082c24152fd4/UnityEngine.TestRunner/NUnitExtensions/Commands/EnumerableTestMethodCommand.cs:47)
UnityEngine.TestRunner.NUnitExtensions.Runner.UnityLogCheckDelegatingCommand/<ExecuteEnumerable>d__3:MoveNext () (at ./Library/PackageCache/com.unity.test-framework@082c24152fd4/UnityEngine.TestRunner/NUnitExtensions/Runner/UnityLogCheckDelegatingCommand.cs:48)
UnityEngine.TestTools.BeforeAfterTestCommandBase`1/<ExecuteEnumerable>d__16<NUnit.Framework.ITestAction>:MoveNext () (at ./Library/PackageCache/com.unity.test-framework@082c24152fd4/UnityEngine.TestRunner/NUnitExtensions/Commands/BeforeAfterTestCommandBase.cs:212)
UnityEngine.TestTools.BeforeAfterTestCommandBase`1/<ExecuteEnumerable>d__16<System.Reflection.MethodInfo>:MoveNext () (at ./Library/PackageCache/com.unity.test-framework@082c24152fd4/UnityEngine.TestRunner/NUnitExtensions/Commands/BeforeAfterTestCommandBase.cs:212)
UnityEngine.TestTools.BeforeAfterTestCommandBase`1/<ExecuteEnumerable>d__16<System.Reflection.MethodInfo>:MoveNext () (at ./Library/PackageCache/com.unity.test-framework@082c24152fd4/UnityEngine.TestRunner/NUnitExtensions/Commands/BeforeAfterTestCommandBase.cs:212)
UnityEngine.TestTools.BeforeAfterTestCommandBase`1/<ExecuteEnumerable>d__16<UnityEngine.TestTools.IOuterUnityTestAction>:MoveNext () (at ./Library/PackageCache/com.unity.test-framework@082c24152fd4/UnityEngine.TestRunner/NUnitExtensions/Commands/BeforeAfterTestCommandBase.cs:212)
UnityEngine.TestTools.RetryCommand/<ExecuteEnumerable>d__2:MoveNext () (at ./Library/PackageCache/com.unity.test-framework@082c24152fd4/UnityEngine.TestRunner/NUnitExtensions/Commands/RetryCommand.cs:37)
UnityEngine.TestTools.RepeatCommand/<ExecuteEnumerable>d__2:MoveNext () (at ./Library/PackageCache/com.unity.test-framework@082c24152fd4/UnityEngine.TestRunner/NUnitExtensions/Commands/RepeatCommand.cs:36)
UnityEngine.TestTools.IgnoreTestCommand/<ExecuteEnumerable>d__3:MoveNext () (at ./Library/PackageCache/com.unity.test-framework@082c24152fd4/UnityEngine.TestRunner/NUnitExtensions/Commands/IgnoreTestCommand.cs:42)
UnityEngine.TestTools.StrictCheckCommand/<ExecuteEnumerable>d__2:MoveNext () (at ./Library/PackageCache/com.unity.test-framework@082c24152fd4/UnityEngine.TestRunner/NUnitExtensions/Commands/StrictCheckCommand.cs:29)
UnityEngine.TestTools.Utils.CoroutineRunner/<WrapEnumeratorForChecks>d__8:MoveNext () (at ./Library/PackageCache/com.unity.test-framework@082c24152fd4/UnityEngine.TestRunner/Utils/CoroutineRunner.cs:58)
UnityEngine.SetupCoroutine:InvokeMoveNext (System.Collections.IEnumerator,intptr)

(Filename: Assets/BorderRepair/FirstOrder/Tests/PlayMode/FirstOrderPlayTests.cs Line: 264)

[FirstOrderTest] 上盖总成抬起 10 cm 途中穿入：无
UnityEngine.Debug:ExtractStackTraceNoAlloc (byte*,int,string)
UnityEngine.StackTraceUtility:ExtractStackTrace ()
UnityEngine.DebugLogHandler:Internal_Log (UnityEngine.LogType,UnityEngine.LogOption,string,UnityEngine.Object)
UnityEngine.DebugLogHandler:LogFormat (UnityEngine.LogType,UnityEngine.Object,string,object[])
UnityEngine.Logger:Log (UnityEngine.LogType,object)
UnityEngine.Debug:Log (object)
BorderRepair.FirstOrder.Tests.FirstOrderPlayTests/<RemovalPaths_DoNotPassThroughOtherRobotParts>d__14:MoveNext () (at Assets/BorderRepair/FirstOrder/Tests/PlayMode/FirstOrderPlayTests.cs:207)
UnityEngine.TestTools.TestEnumerator/<Execute>d__7:MoveNext () (at ./Library/PackageCache/com.unity.test-framework@082c24152fd4/UnityEngine.TestRunner/NUnitExtensions/Attributes/TestEnumerator.cs:44)
UnityEngine.TestTools.EnumerableTestMethodCommand/<ExecuteEnumerableAndRecordExceptions>d__4:MoveNext () (at ./Library/PackageCache/com.unity.test-framework@082c24152fd4/UnityEngine.TestRunner/NUnitExtensions/Commands/EnumerableTestMethodCommand.cs:79)
UnityEngine.TestTools.EnumerableTestMethodCommand:AdvanceEnumerator (System.Collections.IEnumerator) (at ./Library/PackageCache/com.unity.test-framework@082c24152fd4/UnityEngine.TestRunner/NUnitExtensions/Commands/EnumerableTestMethodCommand.cs:64)
UnityEngine.TestTools.EnumerableTestMethodCommand/<ExecuteEnumerable>d__2:MoveNext () (at ./Library/PackageCache/com.unity.test-framework@082c24152fd4/UnityEngine.TestRunner/NUnitExtensions/Commands/EnumerableTestMethodCommand.cs:47)
UnityEngine.TestRunner.NUnitExtensions.Runner.UnityLogCheckDelegatingCommand/<ExecuteEnumerable>d__3:MoveNext () (at ./Library/PackageCache/com.unity.test-framework@082c24152fd4/UnityEngine.TestRunner/NUnitExtensions/Runner/UnityLogCheckDelegatingCommand.cs:48)
UnityEngine.TestTools.BeforeAfterTestCommandBase`1/<ExecuteEnumerable>d__16<NUnit.Framework.ITestAction>:MoveNext () (at ./Library/PackageCache/com.unity.test-framework@082c24152fd4/UnityEngine.TestRunner/NUnitExtensions/Commands/BeforeAfterTestCommandBase.cs:212)
UnityEngine.TestTools.BeforeAfterTestCommandBase`1/<ExecuteEnumerable>d__16<System.Reflection.MethodInfo>:MoveNext () (at ./Library/PackageCache/com.unity.test-framework@082c24152fd4/UnityEngine.TestRunner/NUnitExtensions/Commands/BeforeAfterTestCommandBase.cs:212)
UnityEngine.TestTools.BeforeAfterTestCommandBase`1/<ExecuteEnumerable>d__16<System.Reflection.MethodInfo>:MoveNext () (at ./Library/PackageCache/com.unity.test-framework@082c24152fd4/UnityEngine.TestRunner/NUnitExtensions/Commands/BeforeAfterTestCommandBase.cs:212)
UnityEngine.TestTools.BeforeAfterTestCommandBase`1/<ExecuteEnumerable>d__16<UnityEngine.TestTools.IOuterUnityTestAction>:MoveNext () (at ./Library/PackageCache/com.unity.test-framework@082c24152fd4/UnityEngine.TestRunner/NUnitExtensions/Commands/BeforeAfterTestCommandBase.cs:212)
UnityEngine.TestTools.RetryCommand/<ExecuteEnumerable>d__2:MoveNext () (at ./Library/PackageCache/com.unity.test-framework@082c24152fd4/UnityEngine.TestRunner/NUnitExtensions/Commands/RetryCommand.cs:37)
UnityEngine.TestTools.RepeatCommand/<ExecuteEnumerable>d__2:MoveNext () (at ./Library/PackageCache/com.unity.test-framework@082c24152fd4/UnityEngine.TestRunner/NUnitExtensions/Commands/RepeatCommand.cs:36)
UnityEngine.TestTools.IgnoreTestCommand/<ExecuteEnumerable>d__3:MoveNext () (at ./Library/PackageCache/com.unity.test-framework@082c24152fd4/UnityEngine.TestRunner/NUnitExtensions/Commands/IgnoreTestCommand.cs:42)
UnityEngine.TestTools.StrictCheckCommand/<ExecuteEnumerable>d__2:MoveNext () (at ./Library/PackageCache/com.unity.test-framework@082c24152fd4/UnityEngine.TestRunner/NUnitExtensions/Commands/StrictCheckCommand.cs:29)
UnityEngine.TestTools.Utils.CoroutineRunner/<WrapEnumeratorForChecks>d__8:MoveNext () (at ./Library/PackageCache/com.unity.test-framework@082c24152fd4/UnityEngine.TestRunner/Utils/CoroutineRunner.cs:58)
UnityEngine.SetupCoroutine:InvokeMoveNext (System.Collections.IEnumerator,intptr)

(Filename: Assets/BorderRepair/FirstOrder/Tests/PlayMode/FirstOrderPlayTests.cs Line: 207)

[FirstOrderTest] Engine_BearingTop_L：检查了 2 个邻近零件；原位就与凸包重叠、凸包方法判断不了的：Engine_LowerCover_L
UnityEngine.Debug:ExtractStackTraceNoAlloc (byte*,int,string)
UnityEngine.StackTraceUtility:ExtractStackTrace ()
UnityEngine.DebugLogHandler:Internal_Log (UnityEngine.LogType,UnityEngine.LogOption,string,UnityEngine.Object)
UnityEngine.DebugLogHandler:LogFormat (UnityEngine.LogType,UnityEngine.Object,string,object[])
UnityEngine.Logger:Log (UnityEngine.LogType,object)
UnityEngine.Debug:Log (object)
BorderRepair.FirstOrder.Tests.FirstOrderPlayTests:Sweep (BorderRepair.FirstOrder.FirstOrderPart,UnityEngine.Vector3,single,System.Collections.Generic.HashSet`1<string>) (at Assets/BorderRepair/FirstOrder/Tests/PlayMode/FirstOrderPlayTests.cs:264)
BorderRepair.FirstOrder.Tests.FirstOrderPlayTests/<RemovalPaths_DoNotPassThroughOtherRobotParts>d__14:MoveNext () (at Assets/BorderRepair/FirstOrder/Tests/PlayMode/FirstOrderPlayTests.cs:209)
UnityEngine.TestTools.TestEnumerator/<Execute>d__7:MoveNext () (at ./Library/PackageCache/com.unity.test-framework@082c24152fd4/UnityEngine.TestRunner/NUnitExtensions/Attributes/TestEnumerator.cs:44)
UnityEngine.TestTools.EnumerableTestMethodCommand/<ExecuteEnumerableAndRecordExceptions>d__4:MoveNext () (at ./Library/PackageCache/com.unity.test-framework@082c24152fd4/UnityEngine.TestRunner/NUnitExtensions/Commands/EnumerableTestMethodCommand.cs:79)
UnityEngine.TestTools.EnumerableTestMethodCommand:AdvanceEnumerator (System.Collections.IEnumerator) (at ./Library/PackageCache/com.unity.test-framework@082c24152fd4/UnityEngine.TestRunner/NUnitExtensions/Commands/EnumerableTestMethodCommand.cs:64)
UnityEngine.TestTools.EnumerableTestMethodCommand/<ExecuteEnumerable>d__2:MoveNext () (at ./Library/PackageCache/com.unity.test-framework@082c24152fd4/UnityEngine.TestRunner/NUnitExtensions/Commands/EnumerableTestMethodCommand.cs:47)
UnityEngine.TestRunner.NUnitExtensions.Runner.UnityLogCheckDelegatingCommand/<ExecuteEnumerable>d__3:MoveNext () (at ./Library/PackageCache/com.unity.test-framework@082c24152fd4/UnityEngine.TestRunner/NUnitExtensions/Runner/UnityLogCheckDelegatingCommand.cs:48)
UnityEngine.TestTools.BeforeAfterTestCommandBase`1/<ExecuteEnumerable>d__16<NUnit.Framework.ITestAction>:MoveNext () (at ./Library/PackageCache/com.unity.test-framework@082c24152fd4/UnityEngine.TestRunner/NUnitExtensions/Commands/BeforeAfterTestCommandBase.cs:212)
UnityEngine.TestTools.BeforeAfterTestCommandBase`1/<ExecuteEnumerable>d__16<System.Reflection.MethodInfo>:MoveNext () (at ./Library/PackageCache/com.unity.test-framework@082c24152fd4/UnityEngine.TestRunner/NUnitExtensions/Commands/BeforeAfterTestCommandBase.cs:212)
UnityEngine.TestTools.BeforeAfterTestCommandBase`1/<ExecuteEnumerable>d__16<System.Reflection.MethodInfo>:MoveNext () (at ./Library/PackageCache/com.unity.test-framework@082c24152fd4/UnityEngine.TestRunner/NUnitExtensions/Commands/BeforeAfterTestCommandBase.cs:212)
UnityEngine.TestTools.BeforeAfterTestCommandBase`1/<ExecuteEnumerable>d__16<UnityEngine.TestTools.IOuterUnityTestAction>:MoveNext () (at ./Library/PackageCache/com.unity.test-framework@082c24152fd4/UnityEngine.TestRunner/NUnitExtensions/Commands/BeforeAfterTestCommandBase.cs:212)
UnityEngine.TestTools.RetryCommand/<ExecuteEnumerable>d__2:MoveNext () (at ./Library/PackageCache/com.unity.test-framework@082c24152fd4/UnityEngine.TestRunner/NUnitExtensions/Commands/RetryCommand.cs:37)
UnityEngine.TestTools.RepeatCommand/<ExecuteEnumerable>d__2:MoveNext () (at ./Library/PackageCache/com.unity.test-framework@082c24152fd4/UnityEngine.TestRunner/NUnitExtensions/Commands/RepeatCommand.cs:36)
UnityEngine.TestTools.IgnoreTestCommand/<ExecuteEnumerable>d__3:MoveNext () (at ./Library/PackageCache/com.unity.test-framework@082c24152fd4/UnityEngine.TestRunner/NUnitExtensions/Commands/IgnoreTestCommand.cs:42)
UnityEngine.TestTools.StrictCheckCommand/<ExecuteEnumerable>d__2:MoveNext () (at ./Library/PackageCache/com.unity.test-framework@082c24152fd4/UnityEngine.TestRunner/NUnitExtensions/Commands/StrictCheckCommand.cs:29)
UnityEngine.TestTools.Utils.CoroutineRunner/<WrapEnumeratorForChecks>d__8:MoveNext () (at ./Library/PackageCache/com.unity.test-framework@082c24152fd4/UnityEngine.TestRunner/Utils/CoroutineRunner.cs:58)
UnityEngine.SetupCoroutine:InvokeMoveNext (System.Collections.IEnumerator,intptr)

(Filename: Assets/BorderRepair/FirstOrder/Tests/PlayMode/FirstOrderPlayTests.cs Line: 264)

[FirstOrderTest] 旧轴承抬起 7 cm 途中穿入（转轴同轴不计）：无
UnityEngine.Debug:ExtractStackTraceNoAlloc (byte*,int,string)
UnityEngine.StackTraceUtility:ExtractStackTrace ()
UnityEngine.DebugLogHandler:Internal_Log (UnityEngine.LogType,UnityEngine.LogOption,string,UnityEngine.Object)
UnityEngine.DebugLogHandler:LogFormat (UnityEngine.LogType,UnityEngine.Object,string,object[])
UnityEngine.Logger:Log (UnityEngine.LogType,object)
UnityEngine.Debug:Log (object)
BorderRepair.FirstOrder.Tests.FirstOrderPlayTests/<RemovalPaths_DoNotPassThroughOtherRobotParts>d__14:MoveNext () (at Assets/BorderRepair/FirstOrder/Tests/PlayMode/FirstOrderPlayTests.cs:210)
UnityEngine.TestTools.TestEnumerator/<Execute>d__7:MoveNext () (at ./Library/PackageCache/com.unity.test-framework@082c24152fd4/UnityEngine.TestRunner/NUnitExtensions/Attributes/TestEnumerator.cs:44)
UnityEngine.TestTools.EnumerableTestMethodCommand/<ExecuteEnumerableAndRecordExceptions>d__4:MoveNext () (at ./Library/PackageCache/com.unity.test-framework@082c24152fd4/UnityEngine.TestRunner/NUnitExtensions/Commands/EnumerableTestMethodCommand.cs:79)
UnityEngine.TestTools.EnumerableTestMethodCommand:AdvanceEnumerator (System.Collections.IEnumerator) (at ./Library/PackageCache/com.unity.test-framework@082c24152fd4/UnityEngine.TestRunner/NUnitExtensions/Commands/EnumerableTestMethodCommand.cs:64)
UnityEngine.TestTools.EnumerableTestMethodCommand/<ExecuteEnumerable>d__2:MoveNext () (at ./Library/PackageCache/com.unity.test-framework@082c24152fd4/UnityEngine.TestRunner/NUnitExtensions/Commands/EnumerableTestMethodCommand.cs:47)
UnityEngine.TestRunner.NUnitExtensions.Runner.UnityLogCheckDelegatingCommand/<ExecuteEnumerable>d__3:MoveNext () (at ./Library/PackageCache/com.unity.test-framework@082c24152fd4/UnityEngine.TestRunner/NUnitExtensions/Runner/UnityLogCheckDelegatingCommand.cs:48)
UnityEngine.TestTools.BeforeAfterTestCommandBase`1/<ExecuteEnumerable>d__16<NUnit.Framework.ITestAction>:MoveNext () (at ./Library/PackageCache/com.unity.test-framework@082c24152fd4/UnityEngine.TestRunner/NUnitExtensions/Commands/BeforeAfterTestCommandBase.cs:212)
UnityEngine.TestTools.BeforeAfterTestCommandBase`1/<ExecuteEnumerable>d__16<System.Reflection.MethodInfo>:MoveNext () (at ./Library/PackageCache/com.unity.test-framework@082c24152fd4/UnityEngine.TestRunner/NUnitExtensions/Commands/BeforeAfterTestCommandBase.cs:212)
UnityEngine.TestTools.BeforeAfterTestCommandBase`1/<ExecuteEnumerable>d__16<System.Reflection.MethodInfo>:MoveNext () (at ./Library/PackageCache/com.unity.test-framework@082c24152fd4/UnityEngine.TestRunner/NUnitExtensions/Commands/BeforeAfterTestCommandBase.cs:212)
UnityEngine.TestTools.BeforeAfterTestCommandBase`1/<ExecuteEnumerable>d__16<UnityEngine.TestTools.IOuterUnityTestAction>:MoveNext () (at ./Library/PackageCache/com.unity.test-framework@082c24152fd4/UnityEngine.TestRunner/NUnitExtensions/Commands/BeforeAfterTestCommandBase.cs:212)
UnityEngine.TestTools.RetryCommand/<ExecuteEnumerable>d__2:MoveNext () (at ./Library/PackageCache/com.unity.test-framework@082c24152fd4/UnityEngine.TestRunner/NUnitExtensions/Commands/RetryCommand.cs:37)
UnityEngine.TestTools.RepeatCommand/<ExecuteEnumerable>d__2:MoveNext () (at ./Library/PackageCache/com.unity.test-framework@082c24152fd4/UnityEngine.TestRunner/NUnitExtensions/Commands/RepeatCommand.cs:36)
UnityEngine.TestTools.IgnoreTestCommand/<ExecuteEnumerable>d__3:MoveNext () (at ./Library/PackageCache/com.unity.test-framework@082c24152fd4/UnityEngine.TestRunner/NUnitExtensions/Commands/IgnoreTestCommand.cs:42)
UnityEngine.TestTools.StrictCheckCommand/<ExecuteEnumerable>d__2:MoveNext () (at ./Library/PackageCache/com.unity.test-framework@082c24152fd4/UnityEngine.TestRunner/NUnitExtensions/Commands/StrictCheckCommand.cs:29)
UnityEngine.TestTools.Utils.CoroutineRunner/<WrapEnumeratorForChecks>d__8:MoveNext () (at ./Library/PackageCache/com.unity.test-framework@082c24152fd4/UnityEngine.TestRunner/Utils/CoroutineRunner.cs:58)
UnityEngine.SetupCoroutine:InvokeMoveNext (System.Collections.IEnumerator,intptr)

(Filename: Assets/BorderRepair/FirstOrder/Tests/PlayMode/FirstOrderPlayTests.cs Line: 210)

Unloading 11 Unused Serialized files (Serialized files now loaded: 0)
UnloadTime: 2.003600 ms
Loaded scene 'Assets/BorderRepair/FirstOrder/Scenes/Slice/TwoNightSlice.unity'
	Deserialize:            32.174 ms
	Integration:            181.602 ms
	Integration of assets:  4.038 ms
	Thread Wait Time:       0.717 ms
	Total Operation Time:   218.532 ms
Unloading 3429 unused Assets / (2.0 MB). Loaded Objects now: 10750.
Memory consumption went from 253.5 MB to 251.5 MB.
Total: 16.499100 ms (FindLiveObjects: 0.778300 ms CreateObjectMapping: 0.465200 ms MarkObjects: 13.577900 ms  DeleteObjects: 1.676300 ms)

Unloading 11 Unused Serialized files (Serialized files now loaded: 0)
UnloadTime: 1.827400 ms
Loaded scene 'Assets/BorderRepair/FirstOrder/Scenes/Slice/TwoNightSlice.unity'
	Deserialize:            33.326 ms
	Integration:            174.596 ms
	Integration of assets:  4.055 ms
	Thread Wait Time:       0.966 ms
	Total Operation Time:   212.944 ms
Unloading 3429 unused Assets / (1.8 MB). Loaded Objects now: 10750.
Memory consumption went from 253.5 MB to 251.7 MB.
Total: 17.559300 ms (FindLiveObjects: 0.483600 ms CreateObjectMapping: 0.300400 ms MarkObjects: 14.996000 ms  DeleteObjects: 1.777500 ms)

Unloading 11 Unused Serialized files (Serialized files now loaded: 0)
UnloadTime: 2.414400 ms
Loaded scene 'Assets/BorderRepair/FirstOrder/Scenes/Slice/TwoNightSlice.unity'
	Deserialize:            32.786 ms
	Integration:            184.306 ms
	Integration of assets:  3.979 ms
	Thread Wait Time:       0.876 ms
	Total Operation Time:   221.947 ms
Unloading 3430 unused Assets / (2.5 MB). Loaded Objects now: 10750.
Memory consumption went from 254.7 MB to 252.2 MB.
Total: 15.880400 ms (FindLiveObjects: 0.698300 ms CreateObjectMapping: 0.563800 ms MarkObjects: 13.176000 ms  DeleteObjects: 1.441400 ms)

Unloading 66 Unused Serialized files (Serialized files now loaded: 0)
UnloadTime: 1.912900 ms
Loaded scene 'Assets/BorderRepair/Scenes/RepairStation_Prototype.unity'
	Deserialize:            47.936 ms
	Integration:            169.662 ms
	Integration of assets:  6.126 ms
	Thread Wait Time:       1.025 ms
	Total Operation Time:   224.748 ms
Unloading 474 unused Assets / (29.1 MB). Loaded Objects now: 9885.
Memory consumption went from 259.4 MB to 230.3 MB.
Total: 17.315000 ms (FindLiveObjects: 0.407100 ms CreateObjectMapping: 0.265800 ms MarkObjects: 13.640000 ms  DeleteObjects: 3.001100 ms)

Unloading 1 Unused Serialized files (Serialized files now loaded: 0)
UnloadTime: 1.019200 ms
Loaded scene 'Assets/BorderRepair/Scenes/RepairStation_Prototype.unity'
	Deserialize:            8.706 ms
	Integration:            165.878 ms
	Integration of assets:  0.018 ms
	Thread Wait Time:       0.123 ms
	Total Operation Time:   174.724 ms
Unloading 15 unused Assets / (8.4 MB). Loaded Objects now: 9882.
Memory consumption went from 193.5 MB to 185.0 MB.
Total: 16.984400 ms (FindLiveObjects: 0.403200 ms CreateObjectMapping: 0.265500 ms MarkObjects: 15.350300 ms  DeleteObjects: 0.964300 ms)

Unloading 2 Unused Serialized files (Serialized files now loaded: 0)
UnloadTime: 0.714500 ms
Loaded scene 'Assets/BorderRepair/Scenes/RepairStation_Prototype.unity'
	Deserialize:            7.434 ms
	Integration:            175.926 ms
	Integration of assets:  0.016 ms
	Thread Wait Time:       0.266 ms
	Total Operation Time:   183.641 ms
Unloading 13 unused Assets / (0.5 KB). Loaded Objects now: 9882.
Memory consumption went from 185.0 MB to 185.0 MB.
Total: 17.566600 ms (FindLiveObjects: 0.370100 ms CreateObjectMapping: 0.289900 ms MarkObjects: 16.835400 ms  DeleteObjects: 0.069700 ms)

Unloading 1 Unused Serialized files (Serialized files now loaded: 0)
UnloadTime: 0.661600 ms
Loaded scene 'Assets/BorderRepair/Scenes/RepairStation_Prototype.unity'
	Deserialize:            8.037 ms
	Integration:            170.253 ms
	Integration of assets:  0.018 ms
	Thread Wait Time:       0.228 ms
	Total Operation Time:   178.537 ms
Unloading 12 unused Assets / (0.5 KB). Loaded Objects now: 9882.
Memory consumption went from 185.0 MB to 185.0 MB.
Total: 14.277200 ms (FindLiveObjects: 0.361700 ms CreateObjectMapping: 0.277900 ms MarkObjects: 13.592300 ms  DeleteObjects: 0.043900 ms)

Unloading 2 Unused Serialized files (Serialized files now loaded: 0)
UnloadTime: 0.820600 ms
Loaded scene 'Assets/BorderRepair/Scenes/RepairStation_Prototype.unity'
	Deserialize:            9.871 ms
	Integration:            178.516 ms
	Integration of assets:  0.019 ms
	Thread Wait Time:       0.269 ms
	Total Operation Time:   188.675 ms
Unloading 13 unused Assets / (0.5 KB). Loaded Objects now: 9882.
Memory consumption went from 185.4 MB to 185.4 MB.
Total: 14.787500 ms (FindLiveObjects: 0.361800 ms CreateObjectMapping: 0.251800 ms MarkObjects: 14.128000 ms  DeleteObjects: 0.044400 ms)

Unloading 1 Unused Serialized files (Serialized files now loaded: 0)
UnloadTime: 0.734200 ms
Loaded scene 'Assets/BorderRepair/Scenes/RepairStation_Prototype.unity'
	Deserialize:            8.953 ms
	Integration:            166.947 ms
	Integration of assets:  0.018 ms
	Thread Wait Time:       0.245 ms
	Total Operation Time:   176.164 ms
Unloading 12 unused Assets / (0.5 KB). Loaded Objects now: 9882.
Memory consumption went from 185.3 MB to 185.3 MB.
Total: 15.621500 ms (FindLiveObjects: 0.375200 ms CreateObjectMapping: 0.343000 ms MarkObjects: 14.855500 ms  DeleteObjects: 0.046500 ms)

Unloading 4 Unused Serialized files (Serialized files now loaded: 0)
UnloadTime: 0.698800 ms
Loaded scene 'Assets/BorderRepair/Scenes/RepairStation_Prototype.unity'
	Deserialize:            8.550 ms
	Integration:            166.468 ms
	Integration of assets:  0.020 ms
	Thread Wait Time:       0.318 ms
	Total Operation Time:   175.356 ms
Unloading 13 unused Assets / (1.1 KB). Loaded Objects now: 9884.
Memory consumption went from 185.3 MB to 185.3 MB.
Total: 14.658600 ms (FindLiveObjects: 0.422800 ms CreateObjectMapping: 0.310000 ms MarkObjects: 13.874000 ms  DeleteObjects: 0.050300 ms)

Unloading 1 Unused Serialized files (Serialized files now loaded: 0)
UnloadTime: 0.786800 ms
Loaded scene 'Assets/BorderRepair/Scenes/RepairStation_Prototype.unity'
	Deserialize:            9.631 ms
	Integration:            164.211 ms
	Integration of assets:  0.030 ms
	Thread Wait Time:       0.307 ms
	Total Operation Time:   174.179 ms
Unloading 12 unused Assets / (0.5 KB). Loaded Objects now: 9884.
Memory consumption went from 185.3 MB to 185.3 MB.
Total: 16.231200 ms (FindLiveObjects: 0.446800 ms CreateObjectMapping: 0.291200 ms MarkObjects: 15.438000 ms  DeleteObjects: 0.054000 ms)

Unloading 1 Unused Serialized files (Serialized files now loaded: 0)
UnloadTime: 0.723400 ms
Loaded scene 'Assets/BorderRepair/Scenes/RepairStation_Prototype.unity'
	Deserialize:            7.924 ms
	Integration:            160.083 ms
	Integration of assets:  0.011 ms
	Thread Wait Time:       0.235 ms
	Total Operation Time:   168.253 ms
Unloading 12 unused Assets / (0.5 KB). Loaded Objects now: 9884.
Memory consumption went from 185.3 MB to 185.3 MB.
Total: 15.065500 ms (FindLiveObjects: 0.395800 ms CreateObjectMapping: 0.264800 ms MarkObjects: 14.364100 ms  DeleteObjects: 0.040000 ms)

Unloading 1 Unused Serialized files (Serialized files now loaded: 0)
UnloadTime: 0.687600 ms
Loaded scene 'Assets/BorderRepair/Scenes/RepairStation_Prototype.unity'
	Deserialize:            9.797 ms
	Integration:            163.823 ms
	Integration of assets:  0.020 ms
	Thread Wait Time:       0.252 ms
	Total Operation Time:   173.892 ms
Unloading 12 unused Assets / (1.0 KB). Loaded Objects now: 9884.
Memory consumption went from 185.3 MB to 185.3 MB.
Total: 15.263700 ms (FindLiveObjects: 0.496600 ms CreateObjectMapping: 0.479200 ms MarkObjects: 14.235600 ms  DeleteObjects: 0.050600 ms)

Unloading 1 Unused Serialized files (Serialized files now loaded: 0)
UnloadTime: 0.679700 ms
Loaded scene 'Assets/BorderRepair/Scenes/RepairStation_Prototype.unity'
	Deserialize:            8.256 ms
	Integration:            160.564 ms
	Integration of assets:  0.020 ms
	Thread Wait Time:       0.235 ms
	Total Operation Time:   169.075 ms
Unloading 12 unused Assets / (0.5 KB). Loaded Objects now: 9884.
Memory consumption went from 185.3 MB to 185.3 MB.
Total: 14.432000 ms (FindLiveObjects: 0.374300 ms CreateObjectMapping: 0.283200 ms MarkObjects: 13.731800 ms  DeleteObjects: 0.041200 ms)

Unloading 1 Unused Serialized files (Serialized files now loaded: 0)
UnloadTime: 0.718600 ms
Loaded scene 'Assets/BorderRepair/Scenes/RepairStation_Prototype.unity'
	Deserialize:            8.538 ms
	Integration:            168.668 ms
	Integration of assets:  0.021 ms
	Thread Wait Time:       0.263 ms
	Total Operation Time:   177.489 ms
Unloading 12 unused Assets / (0.5 KB). Loaded Objects now: 9884.
Memory consumption went from 185.5 MB to 185.5 MB.
Total: 14.525700 ms (FindLiveObjects: 0.378400 ms CreateObjectMapping: 0.277100 ms MarkObjects: 13.822100 ms  DeleteObjects: 0.047300 ms)

Unloading 1 Unused Serialized files (Serialized files now loaded: 0)
UnloadTime: 0.651900 ms
Loaded scene 'Assets/BorderRepair/Scenes/RepairStation_Prototype.unity'
	Deserialize:            8.498 ms
	Integration:            162.799 ms
	Integration of assets:  0.017 ms
	Thread Wait Time:       0.198 ms
	Total Operation Time:   171.512 ms
Unloading 12 unused Assets / (0.5 KB). Loaded Objects now: 9884.
Memory consumption went from 185.3 MB to 185.3 MB.
Total: 14.003700 ms (FindLiveObjects: 0.538000 ms CreateObjectMapping: 0.336400 ms MarkObjects: 13.087300 ms  DeleteObjects: 0.040200 ms)

Unloading 1 Unused Serialized files (Serialized files now loaded: 0)
UnloadTime: 0.790300 ms
Loaded scene 'Assets/BorderRepair/Scenes/RepairStation_Prototype.unity'
	Deserialize:            7.863 ms
	Integration:            160.437 ms
	Integration of assets:  0.016 ms
	Thread Wait Time:       0.340 ms
	Total Operation Time:   168.656 ms
Unloading 12 unused Assets / (0.5 KB). Loaded Objects now: 9884.
Memory consumption went from 185.3 MB to 185.3 MB.
Total: 14.472000 ms (FindLiveObjects: 0.355200 ms CreateObjectMapping: 0.327300 ms MarkObjects: 13.737200 ms  DeleteObjects: 0.051300 ms)

Unloading 1 Unused Serialized files (Serialized files now loaded: 0)
UnloadTime: 0.845200 ms
Loaded scene 'Assets/BorderRepair/Scenes/RepairStation_Prototype.unity'
	Deserialize:            10.019 ms
	Integration:            160.421 ms
	Integration of assets:  0.019 ms
	Thread Wait Time:       0.150 ms
	Total Operation Time:   170.609 ms
Unloading 12 unused Assets / (0.5 KB). Loaded Objects now: 9884.
Memory consumption went from 185.5 MB to 185.5 MB.
Total: 14.208600 ms (FindLiveObjects: 0.372800 ms CreateObjectMapping: 0.273200 ms MarkObjects: 13.517100 ms  DeleteObjects: 0.044600 ms)

Unloading 1 Unused Serialized files (Serialized files now loaded: 0)
UnloadTime: 0.754900 ms
Loaded scene 'Assets/BorderRepair/Scenes/RepairStation_Prototype.unity'
	Deserialize:            8.222 ms
	Integration:            161.296 ms
	Integration of assets:  0.027 ms
	Thread Wait Time:       0.194 ms
	Total Operation Time:   169.739 ms
Unloading 12 unused Assets / (0.5 KB). Loaded Objects now: 9884.
Memory consumption went from 185.3 MB to 185.3 MB.
Total: 13.954200 ms (FindLiveObjects: 0.393200 ms CreateObjectMapping: 0.267100 ms MarkObjects: 13.251800 ms  DeleteObjects: 0.041000 ms)

Unloading 19 Unused Serialized files (Serialized files now loaded: 0)
UnloadTime: 0.806900 ms
Loaded scene 'Assets/BorderRepair/Scenes/ShaderLab_Surfaces.unity'
	Deserialize:            10.181 ms
	Integration:            167.353 ms
	Integration of assets:  0.853 ms
	Thread Wait Time:       0.421 ms
	Total Operation Time:   178.808 ms
Unloading 397 unused Assets / (91.2 KB). Loaded Objects now: 10571.
Memory consumption went from 186.1 MB to 186.0 MB.
Total: 14.673700 ms (FindLiveObjects: 0.473100 ms CreateObjectMapping: 0.242600 ms MarkObjects: 13.649800 ms  DeleteObjects: 0.307000 ms)

Unloading 4 Unused Serialized files (Serialized files now loaded: 0)
UnloadTime: 0.743400 ms
Loaded scene 'Assets/BorderRepair/Scenes/ShaderLab_Surfaces.unity'
	Deserialize:            6.318 ms
	Integration:            164.255 ms
	Integration of assets:  0.422 ms
	Thread Wait Time:       0.237 ms
	Total Operation Time:   171.232 ms
Unloading 1942 unused Assets / (0.7 MB). Loaded Objects now: 9011.
Memory consumption went from 186.0 MB to 185.4 MB.
Total: 16.570500 ms (FindLiveObjects: 0.490000 ms CreateObjectMapping: 0.262600 ms MarkObjects: 15.152700 ms  DeleteObjects: 0.663900 ms)

Unloading 31 Unused Serialized files (Serialized files now loaded: 0)
UnloadTime: 0.943200 ms
Loaded scene 'Assets/BorderRepair/Scenes/ShaderLab_Surfaces.unity'
	Deserialize:            23.829 ms
	Integration:            168.524 ms
	Integration of assets:  1.737 ms
	Thread Wait Time:       0.420 ms
	Total Operation Time:   194.509 ms
Unloading 1942 unused Assets / (0.6 MB). Loaded Objects now: 9153.
Memory consumption went from 196.0 MB to 195.4 MB.
Total: 16.983400 ms (FindLiveObjects: 0.460400 ms CreateObjectMapping: 0.250100 ms MarkObjects: 15.543500 ms  DeleteObjects: 0.728400 ms)

Unloading 27 Unused Serialized files (Serialized files now loaded: 0)
UnloadTime: 0.732600 ms
Loaded scene 'Assets/BorderRepair/Scenes/ShaderLab_Surfaces.unity'
	Deserialize:            23.198 ms
	Integration:            165.213 ms
	Integration of assets:  1.741 ms
	Thread Wait Time:       0.180 ms
	Total Operation Time:   190.331 ms
Unloading 1938 unused Assets / (0.5 MB). Loaded Objects now: 9153.
Memory consumption went from 195.9 MB to 195.4 MB.
Total: 15.239800 ms (FindLiveObjects: 0.473700 ms CreateObjectMapping: 0.259600 ms MarkObjects: 13.830500 ms  DeleteObjects: 0.675300 ms)

Unloading 27 Unused Serialized files (Serialized files now loaded: 0)
UnloadTime: 0.713200 ms
Loaded scene 'Assets/BorderRepair/Scenes/ShaderLab_Surfaces.unity'
	Deserialize:            23.469 ms
	Integration:            167.221 ms
	Integration of assets:  1.647 ms
	Thread Wait Time:       0.207 ms
	Total Operation Time:   192.543 ms
Unloading 1938 unused Assets / (0.6 MB). Loaded Objects now: 9153.
Memory consumption went from 195.9 MB to 195.3 MB.
Total: 16.172900 ms (FindLiveObjects: 0.426900 ms CreateObjectMapping: 0.293900 ms MarkObjects: 14.811100 ms  DeleteObjects: 0.639900 ms)

Unloading 27 Unused Serialized files (Serialized files now loaded: 0)
UnloadTime: 0.728700 ms
Loaded scene 'Assets/BorderRepair/Scenes/ShaderLab_Surfaces.unity'
	Deserialize:            21.305 ms
	Integration:            162.236 ms
	Integration of assets:  1.621 ms
	Thread Wait Time:       0.205 ms
	Total Operation Time:   185.367 ms
Unloading 1938 unused Assets / (0.6 MB). Loaded Objects now: 9153.
Memory consumption went from 195.9 MB to 195.4 MB.
Total: 16.039900 ms (FindLiveObjects: 0.708500 ms CreateObjectMapping: 0.439200 ms MarkObjects: 13.969000 ms  DeleteObjects: 0.922200 ms)

Unloading 27 Unused Serialized files (Serialized files now loaded: 0)
UnloadTime: 0.753500 ms
Loaded scene 'Assets/BorderRepair/Scenes/ShaderLab_Surfaces.unity'
	Deserialize:            22.389 ms
	Integration:            166.811 ms
	Integration of assets:  1.621 ms
	Thread Wait Time:       0.178 ms
	Total Operation Time:   190.999 ms
Unloading 1938 unused Assets / (0.6 MB). Loaded Objects now: 9153.
Memory consumption went from 196.0 MB to 195.3 MB.
Total: 16.322900 ms (FindLiveObjects: 0.535500 ms CreateObjectMapping: 0.257700 ms MarkObjects: 14.881400 ms  DeleteObjects: 0.647000 ms)

Unloading 27 Unused Serialized files (Serialized files now loaded: 0)
UnloadTime: 0.768300 ms
Loaded scene 'Assets/BorderRepair/Scenes/ShaderLab_Surfaces.unity'
	Deserialize:            24.118 ms
	Integration:            168.641 ms
	Integration of assets:  1.767 ms
	Thread Wait Time:       0.174 ms
	Total Operation Time:   194.700 ms
Unloading 1938 unused Assets / (0.6 MB). Loaded Objects now: 9153.
Memory consumption went from 196.0 MB to 195.4 MB.
Total: 15.879800 ms (FindLiveObjects: 0.431400 ms CreateObjectMapping: 0.296600 ms MarkObjects: 14.480100 ms  DeleteObjects: 0.670800 ms)

Unloading 27 Unused Serialized files (Serialized files now loaded: 0)
UnloadTime: 0.718800 ms
Loaded scene 'Assets/BorderRepair/Scenes/ShaderLab_Surfaces.unity'
	Deserialize:            24.725 ms
	Integration:            167.372 ms
	Integration of assets:  1.908 ms
	Thread Wait Time:       0.113 ms
	Total Operation Time:   194.118 ms
Unloading 1938 unused Assets / (0.6 MB). Loaded Objects now: 9153.
Memory consumption went from 195.9 MB to 195.3 MB.
Total: 17.430800 ms (FindLiveObjects: 0.467600 ms CreateObjectMapping: 0.231100 ms MarkObjects: 15.871400 ms  DeleteObjects: 0.859500 ms)

Unloading 76 Unused Serialized files (Serialized files now loaded: 0)
UnloadTime: 0.919900 ms
Loaded scene 'Assets/BorderRepair/Scenes/Narrative_WorkerHand.unity'
	Deserialize:            48.405 ms
	Integration:            171.405 ms
	Integration of assets:  5.352 ms
	Thread Wait Time:       0.604 ms
	Total Operation Time:   225.766 ms
Unloading 215 unused Assets / (170.5 KB). Loaded Objects now: 10423.
Memory consumption went from 203.0 MB to 202.8 MB.
Total: 16.737200 ms (FindLiveObjects: 0.544600 ms CreateObjectMapping: 0.265800 ms MarkObjects: 15.236700 ms  DeleteObjects: 0.689100 ms)

Unloading 3 Unused Serialized files (Serialized files now loaded: 0)
UnloadTime: 1.784400 ms
Loaded scene 'Assets/BorderRepair/Scenes/Narrative_WorkerHand.unity'
	Deserialize:            9.344 ms
	Integration:            164.118 ms
	Integration of assets:  0.074 ms
	Thread Wait Time:       0.507 ms
	Total Operation Time:   174.042 ms
Unloading 44 unused Assets / (1.6 KB). Loaded Objects now: 10424.
Memory consumption went from 206.2 MB to 206.2 MB.
Total: 15.361800 ms (FindLiveObjects: 0.381800 ms CreateObjectMapping: 0.344000 ms MarkObjects: 14.575900 ms  DeleteObjects: 0.059400 ms)

Unloading 40 Unused Serialized files (Serialized files now loaded: 0)
UnloadTime: 1.202500 ms
Loaded scene 'Assets/BorderRepair/Scenes/Unit07Dock_Test.unity'
	Deserialize:            53.741 ms
	Integration:            166.128 ms
	Integration of assets:  16.558 ms
	Thread Wait Time:       2.234 ms
	Total Operation Time:   238.661 ms
Unloading 3897 unused Assets / (1.4 MB). Loaded Objects now: 9183.
Memory consumption went from 255.4 MB to 254.0 MB.
Total: 21.736300 ms (FindLiveObjects: 0.581400 ms CreateObjectMapping: 0.376900 ms MarkObjects: 17.640300 ms  DeleteObjects: 3.136400 ms)

Unloading 5 Unused Serialized files (Serialized files now loaded: 0)
UnloadTime: 0.622300 ms
Loaded scene 'Assets/BorderRepair/Scenes/Unit07Dock_Test.unity'
	Deserialize:            18.309 ms
	Integration:            169.831 ms
	Integration of assets:  2.125 ms
	Thread Wait Time:       0.408 ms
	Total Operation Time:   190.673 ms
Unloading 2398 unused Assets / (1.4 MB). Loaded Objects now: 9177.
Memory consumption went from 250.0 MB to 248.5 MB.
Total: 16.089100 ms (FindLiveObjects: 0.446000 ms CreateObjectMapping: 0.311600 ms MarkObjects: 14.552100 ms  DeleteObjects: 0.778100 ms)

Unloading 5 Unused Serialized files (Serialized files now loaded: 0)
UnloadTime: 0.582800 ms
Loaded scene 'Assets/BorderRepair/Scenes/Unit07Dock_Test.unity'
	Deserialize:            16.826 ms
	Integration:            170.691 ms
	Integration of assets:  2.006 ms
	Thread Wait Time:       0.366 ms
	Total Operation Time:   189.889 ms
Unloading 2392 unused Assets / (0.7 MB). Loaded Objects now: 9177.
Memory consumption went from 249.2 MB to 248.5 MB.
Total: 15.881400 ms (FindLiveObjects: 0.454900 ms CreateObjectMapping: 0.356700 ms MarkObjects: 14.371400 ms  DeleteObjects: 0.697500 ms)

Unloading 5 Unused Serialized files (Serialized files now loaded: 0)
UnloadTime: 0.622500 ms
Loaded scene 'Assets/BorderRepair/Scenes/Unit07Dock_Test.unity'
	Deserialize:            23.149 ms
	Integration:            174.774 ms
	Integration of assets:  2.318 ms
	Thread Wait Time:       0.500 ms
	Total Operation Time:   200.741 ms
Unloading 2392 unused Assets / (0.7 MB). Loaded Objects now: 9177.
Memory consumption went from 249.2 MB to 248.4 MB.
Total: 16.836000 ms (FindLiveObjects: 0.477100 ms CreateObjectMapping: 0.353000 ms MarkObjects: 14.896900 ms  DeleteObjects: 1.107100 ms)

Unloading 86 Unused Serialized files (Serialized files now loaded: 0)
UnloadTime: 0.594400 ms
Loaded scene 'Assets/BorderRepair/Scenes/Narrative_WorkerHand.unity'
	Deserialize:            45.179 ms
	Integration:            173.628 ms
	Integration of assets:  4.927 ms
	Thread Wait Time:       0.824 ms
	Total Operation Time:   224.558 ms
Unloading 369 unused Assets / (22.4 MB). Loaded Objects now: 10424.
Memory consumption went from 254.5 MB to 232.0 MB.
Total: 22.485800 ms (FindLiveObjects: 0.422400 ms CreateObjectMapping: 0.272900 ms MarkObjects: 19.790800 ms  DeleteObjects: 1.998900 ms)

Unloading 3 Unused Serialized files (Serialized files now loaded: 0)
UnloadTime: 1.101200 ms
Loaded scene 'Assets/BorderRepair/Scenes/Narrative_WorkerHand.unity'
	Deserialize:            9.979 ms
	Integration:            164.202 ms
	Integration of assets:  0.064 ms
	Thread Wait Time:       0.470 ms
	Total Operation Time:   174.715 ms
Unloading 44 unused Assets / (1.6 KB). Loaded Objects now: 10429.
Memory consumption went from 207.0 MB to 207.0 MB.
Total: 15.773600 ms (FindLiveObjects: 0.395000 ms CreateObjectMapping: 0.260000 ms MarkObjects: 15.056500 ms  DeleteObjects: 0.061000 ms)

Unloading 3 Unused Serialized files (Serialized files now loaded: 0)
UnloadTime: 1.510200 ms
Loaded scene 'Assets/BorderRepair/Scenes/Narrative_WorkerHand.unity'
	Deserialize:            15.993 ms
	Integration:            179.592 ms
	Integration of assets:  0.062 ms
	Thread Wait Time:       0.878 ms
	Total Operation Time:   196.525 ms
Unloading 49 unused Assets / (389.3 KB). Loaded Objects now: 10428.
Memory consumption went from 207.6 MB to 207.3 MB.
Total: 15.483600 ms (FindLiveObjects: 0.460100 ms CreateObjectMapping: 0.307100 ms MarkObjects: 14.614000 ms  DeleteObjects: 0.101400 ms)

Unloading 2 Unused Serialized files (Serialized files now loaded: 0)
UnloadTime: 1.028100 ms
Loaded scene 'Assets/BorderRepair/Scenes/Narrative_WorkerHand.unity'
	Deserialize:            11.987 ms
	Integration:            167.658 ms
	Integration of assets:  0.059 ms
	Thread Wait Time:       0.647 ms
	Total Operation Time:   180.352 ms
Unloading 47 unused Assets / (464.2 KB). Loaded Objects now: 10428.
Memory consumption went from 207.7 MB to 207.2 MB.
Total: 16.660700 ms (FindLiveObjects: 0.376300 ms CreateObjectMapping: 0.287500 ms MarkObjects: 15.900600 ms  DeleteObjects: 0.094800 ms)

Unloading 2 Unused Serialized files (Serialized files now loaded: 0)
UnloadTime: 0.981500 ms
Loaded scene 'Assets/BorderRepair/Scenes/Narrative_WorkerHand.unity'
	Deserialize:            14.028 ms
	Integration:            161.081 ms
	Integration of assets:  0.063 ms
	Thread Wait Time:       0.523 ms
	Total Operation Time:   175.695 ms
Unloading 47 unused Assets / (464.2 KB). Loaded Objects now: 10428.
Memory consumption went from 207.7 MB to 207.3 MB.
Total: 15.158600 ms (FindLiveObjects: 0.421000 ms CreateObjectMapping: 0.325200 ms MarkObjects: 14.322400 ms  DeleteObjects: 0.089000 ms)

Unloading 2 Unused Serialized files (Serialized files now loaded: 0)
UnloadTime: 1.007000 ms
Loaded scene 'Assets/BorderRepair/Scenes/Narrative_WorkerHand.unity'
	Deserialize:            9.320 ms
	Integration:            165.892 ms
	Integration of assets:  0.062 ms
	Thread Wait Time:       0.387 ms
	Total Operation Time:   175.661 ms
Unloading 47 unused Assets / (464.2 KB). Loaded Objects now: 10424.
Memory consumption went from 207.1 MB to 206.7 MB.
Total: 15.913100 ms (FindLiveObjects: 0.705200 ms CreateObjectMapping: 0.284900 ms MarkObjects: 14.810200 ms  DeleteObjects: 0.111600 ms)

Unloading 2 Unused Serialized files (Serialized files now loaded: 0)
UnloadTime: 1.028100 ms
Loaded scene 'Assets/BorderRepair/Scenes/Narrative_WorkerHand.unity'
	Deserialize:            12.023 ms
	Integration:            166.275 ms
	Integration of assets:  0.066 ms
	Thread Wait Time:       0.393 ms
	Total Operation Time:   178.758 ms
Unloading 43 unused Assets / (1.6 KB). Loaded Objects now: 10424.
Memory consumption went from 206.7 MB to 206.7 MB.
Total: 15.518700 ms (FindLiveObjects: 0.364000 ms CreateObjectMapping: 0.288600 ms MarkObjects: 14.804800 ms  DeleteObjects: 0.059800 ms)

[WorkerHandPolish] 取景
fastener_a: 中心 (0.50, 0.49) 大小 0.06 遮挡 0%（-）
fastener_b: 中心 (0.50, 0.50) 大小 0.05 遮挡 0%（-）
shell: 中心 (0.50, 0.50) 大小 0.51 遮挡 0%（-）
force_limiter: 中心 (0.50, 0.50) 大小 0.10 遮挡 0%（-）
data_port: 中心 (0.50, 0.50) 大小 0.10 遮挡 0%（-）
UnityEngine.Debug:ExtractStackTraceNoAlloc (byte*,int,string)
UnityEngine.StackTraceUtility:ExtractStackTrace ()
UnityEngine.DebugLogHandler:Internal_Log (UnityEngine.LogType,UnityEngine.LogOption,string,UnityEngine.Object)
UnityEngine.DebugLogHandler:LogFormat (UnityEngine.LogType,UnityEngine.Object,string,object[])
UnityEngine.Logger:Log (UnityEngine.LogType,object)
UnityEngine.Debug:Log (object)
BorderRepair.Tests.WorkerHandPolishPlayModeTests/<EachOperationCentresItsPartAndPanelsStayClear>d__5:MoveNext () (at Assets/BorderRepair/Tests/PlayMode/WorkerHandPolishPlayModeTests.cs:180)
UnityEngine.TestTools.TestEnumerator/<Execute>d__7:MoveNext () (at ./Library/PackageCache/com.unity.test-framework@082c24152fd4/UnityEngine.TestRunner/NUnitExtensions/Attributes/TestEnumerator.cs:44)
UnityEngine.TestTools.EnumerableTestMethodCommand/<ExecuteEnumerableAndRecordExceptions>d__4:MoveNext () (at ./Library/PackageCache/com.unity.test-framework@082c24152fd4/UnityEngine.TestRunner/NUnitExtensions/Commands/EnumerableTestMethodCommand.cs:79)
UnityEngine.TestTools.EnumerableTestMethodCommand:AdvanceEnumerator (System.Collections.IEnumerator) (at ./Library/PackageCache/com.unity.test-framework@082c24152fd4/UnityEngine.TestRunner/NUnitExtensions/Commands/EnumerableTestMethodCommand.cs:64)
UnityEngine.TestTools.EnumerableTestMethodCommand/<ExecuteEnumerable>d__2:MoveNext () (at ./Library/PackageCache/com.unity.test-framework@082c24152fd4/UnityEngine.TestRunner/NUnitExtensions/Commands/EnumerableTestMethodCommand.cs:47)
UnityEngine.TestRunner.NUnitExtensions.Runner.UnityLogCheckDelegatingCommand/<ExecuteEnumerable>d__3:MoveNext () (at ./Library/PackageCache/com.unity.test-framework@082c24152fd4/UnityEngine.TestRunner/NUnitExtensions/Runner/UnityLogCheckDelegatingCommand.cs:48)
UnityEngine.TestTools.BeforeAfterTestCommandBase`1/<ExecuteEnumerable>d__16<NUnit.Framework.ITestAction>:MoveNext () (at ./Library/PackageCache/com.unity.test-framework@082c24152fd4/UnityEngine.TestRunner/NUnitExtensions/Commands/BeforeAfterTestCommandBase.cs:212)
UnityEngine.TestTools.BeforeAfterTestCommandBase`1/<ExecuteEnumerable>d__16<System.Reflection.MethodInfo>:MoveNext () (at ./Library/PackageCache/com.unity.test-framework@082c24152fd4/UnityEngine.TestRunner/NUnitExtensions/Commands/BeforeAfterTestCommandBase.cs:212)
UnityEngine.TestTools.BeforeAfterTestCommandBase`1/<ExecuteEnumerable>d__16<System.Reflection.MethodInfo>:MoveNext () (at ./Library/PackageCache/com.unity.test-framework@082c24152fd4/UnityEngine.TestRunner/NUnitExtensions/Commands/BeforeAfterTestCommandBase.cs:212)
UnityEngine.TestTools.BeforeAfterTestCommandBase`1/<ExecuteEnumerable>d__16<UnityEngine.TestTools.IOuterUnityTestAction>:MoveNext () (at ./Library/PackageCache/com.unity.test-framework@082c24152fd4/UnityEngine.TestRunner/NUnitExtensions/Commands/BeforeAfterTestCommandBase.cs:212)
UnityEngine.TestTools.RetryCommand/<ExecuteEnumerable>d__2:MoveNext () (at ./Library/PackageCache/com.unity.test-framework@082c24152fd4/UnityEngine.TestRunner/NUnitExtensions/Commands/RetryCommand.cs:37)
UnityEngine.TestTools.RepeatCommand/<ExecuteEnumerable>d__2:MoveNext () (at ./Library/PackageCache/com.unity.test-framework@082c24152fd4/UnityEngine.TestRunner/NUnitExtensions/Commands/RepeatCommand.cs:36)
UnityEngine.TestTools.IgnoreTestCommand/<ExecuteEnumerable>d__3:MoveNext () (at ./Library/PackageCache/com.unity.test-framework@082c24152fd4/UnityEngine.TestRunner/NUnitExtensions/Commands/IgnoreTestCommand.cs:42)
UnityEngine.TestTools.StrictCheckCommand/<ExecuteEnumerable>d__2:MoveNext () (at ./Library/PackageCache/com.unity.test-framework@082c24152fd4/UnityEngine.TestRunner/NUnitExtensions/Commands/StrictCheckCommand.cs:29)
UnityEngine.TestTools.Utils.CoroutineRunner/<WrapEnumeratorForChecks>d__8:MoveNext () (at ./Library/PackageCache/com.unity.test-framework@082c24152fd4/UnityEngine.TestRunner/Utils/CoroutineRunner.cs:58)
UnityEngine.SetupCoroutine:InvokeMoveNext (System.Collections.IEnumerator,intptr)

(Filename: Assets/BorderRepair/Tests/PlayMode/WorkerHandPolishPlayModeTests.cs Line: 180)

Unloading 3 Unused Serialized files (Serialized files now loaded: 0)
UnloadTime: 1.231200 ms
Loaded scene 'Assets/BorderRepair/Scenes/Narrative_WorkerHand.unity'
	Deserialize:            9.412 ms
	Integration:            164.671 ms
	Integration of assets:  0.061 ms
	Thread Wait Time:       0.430 ms
	Total Operation Time:   174.573 ms
Unloading 44 unused Assets / (1.6 KB). Loaded Objects now: 10430.
Memory consumption went from 207.6 MB to 207.6 MB.
Total: 14.949000 ms (FindLiveObjects: 0.414100 ms CreateObjectMapping: 0.242600 ms MarkObjects: 14.226800 ms  DeleteObjects: 0.064400 ms)

Unloading 2 Unused Serialized files (Serialized files now loaded: 0)
UnloadTime: 1.037400 ms
Loaded scene 'Assets/BorderRepair/Scenes/Narrative_WorkerHand.unity'
	Deserialize:            11.695 ms
	Integration:            162.793 ms
	Integration of assets:  0.063 ms
	Thread Wait Time:       0.315 ms
	Total Operation Time:   174.866 ms
Unloading 49 unused Assets / (0.5 MB). Loaded Objects now: 10424.
Memory consumption went from 207.6 MB to 207.1 MB.
Total: 14.908000 ms (FindLiveObjects: 0.380200 ms CreateObjectMapping: 0.245900 ms MarkObjects: 14.093400 ms  DeleteObjects: 0.187300 ms)

Unloading 2 Unused Serialized files (Serialized files now loaded: 0)
UnloadTime: 1.057300 ms
Loaded scene 'Assets/BorderRepair/Scenes/Narrative_WorkerHand.unity'
	Deserialize:            11.160 ms
	Integration:            172.296 ms
	Integration of assets:  0.067 ms
	Thread Wait Time:       0.279 ms
	Total Operation Time:   183.801 ms
Unloading 43 unused Assets / (2.2 KB). Loaded Objects now: 10430.
Memory consumption went from 207.7 MB to 207.7 MB.
Total: 15.495500 ms (FindLiveObjects: 0.369200 ms CreateObjectMapping: 0.277900 ms MarkObjects: 14.783900 ms  DeleteObjects: 0.063700 ms)

Unloading 11 Unused Serialized files (Serialized files now loaded: 0)
UnloadTime: 0.957800 ms
Loaded scene 'Assets/BorderRepair/Scenes/Narrative_WorkerHand.unity'
	Deserialize:            10.100 ms
	Integration:            160.941 ms
	Integration of assets:  0.071 ms
	Thread Wait Time:       0.450 ms
	Total Operation Time:   171.562 ms
Unloading 436 unused Assets / (0.6 MB). Loaded Objects now: 10424.
Memory consumption went from 207.8 MB to 207.2 MB.
Total: 17.173500 ms (FindLiveObjects: 0.455800 ms CreateObjectMapping: 0.281700 ms MarkObjects: 16.150800 ms  DeleteObjects: 0.284300 ms)

Unloading 2 Unused Serialized files (Serialized files now loaded: 0)
UnloadTime: 0.996500 ms
Loaded scene 'Assets/BorderRepair/Scenes/Narrative_WorkerHand.unity'
	Deserialize:            12.974 ms
	Integration:            163.558 ms
	Integration of assets:  0.084 ms
	Thread Wait Time:       0.251 ms
	Total Operation Time:   176.867 ms
Unloading 43 unused Assets / (1.6 KB). Loaded Objects now: 10424.
Memory consumption went from 207.1 MB to 207.1 MB.
Total: 14.858600 ms (FindLiveObjects: 0.390300 ms CreateObjectMapping: 0.270300 ms MarkObjects: 14.139900 ms  DeleteObjects: 0.057500 ms)

Unloading 2 Unused Serialized files (Serialized files now loaded: 0)
UnloadTime: 1.024600 ms
Loaded scene 'Assets/BorderRepair/Scenes/Narrative_WorkerHand.unity'
	Deserialize:            9.583 ms
	Integration:            170.660 ms
	Integration of assets:  0.072 ms
	Thread Wait Time:       0.415 ms
	Total Operation Time:   180.730 ms
Unloading 43 unused Assets / (2.3 KB). Loaded Objects now: 10426.
Memory consumption went from 207.3 MB to 207.3 MB.
Total: 15.918300 ms (FindLiveObjects: 0.436500 ms CreateObjectMapping: 0.262300 ms MarkObjects: 15.137700 ms  DeleteObjects: 0.080600 ms)

Unloading 2 Unused Serialized files (Serialized files now loaded: 0)
UnloadTime: 1.015000 ms
Loaded scene 'Assets/BorderRepair/Scenes/Narrative_WorkerHand.unity'
	Deserialize:            11.005 ms
	Integration:            175.632 ms
	Integration of assets:  0.067 ms
	Thread Wait Time:       0.422 ms
	Total Operation Time:   187.124 ms
Unloading 45 unused Assets / (165.9 KB). Loaded Objects now: 10427.
Memory consumption went from 207.5 MB to 207.4 MB.
Total: 14.649100 ms (FindLiveObjects: 0.413700 ms CreateObjectMapping: 0.256000 ms MarkObjects: 13.891200 ms  DeleteObjects: 0.087100 ms)

Unloading 2 Unused Serialized files (Serialized files now loaded: 0)
UnloadTime: 0.982400 ms
Loaded scene 'Assets/BorderRepair/Scenes/Narrative_WorkerHand.unity'
	Deserialize:            9.394 ms
	Integration:            167.816 ms
	Integration of assets:  0.071 ms
	Thread Wait Time:       0.296 ms
	Total Operation Time:   177.576 ms
Unloading 46 unused Assets / (248.0 KB). Loaded Objects now: 10426.
Memory consumption went from 207.5 MB to 207.3 MB.
Total: 17.865900 ms (FindLiveObjects: 0.459700 ms CreateObjectMapping: 0.330000 ms MarkObjects: 16.974800 ms  DeleteObjects: 0.100200 ms)

Unloading 2 Unused Serialized files (Serialized files now loaded: 0)
UnloadTime: 1.037500 ms
Loaded scene 'Assets/BorderRepair/Scenes/Narrative_WorkerHand.unity'
	Deserialize:            9.498 ms
	Integration:            165.007 ms
	Integration of assets:  0.075 ms
	Thread Wait Time:       0.262 ms
	Total Operation Time:   174.842 ms
Unloading 45 unused Assets / (165.9 KB). Loaded Objects now: 10429.
Memory consumption went from 207.9 MB to 207.7 MB.
Total: 20.462300 ms (FindLiveObjects: 0.681200 ms CreateObjectMapping: 0.259100 ms MarkObjects: 19.433600 ms  DeleteObjects: 0.087100 ms)

Unloading 2 Unused Serialized files (Serialized files now loaded: 0)
UnloadTime: 1.065200 ms
Loaded scene 'Assets/BorderRepair/Scenes/Narrative_WorkerHand.unity'
	Deserialize:            12.674 ms
	Integration:            162.087 ms
	Integration of assets:  0.075 ms
	Thread Wait Time:       0.334 ms
	Total Operation Time:   175.170 ms
Unloading 48 unused Assets / (0.5 MB). Loaded Objects now: 10428.
Memory consumption went from 208.0 MB to 207.5 MB.
Total: 16.341000 ms (FindLiveObjects: 0.483100 ms CreateObjectMapping: 0.261200 ms MarkObjects: 15.504800 ms  DeleteObjects: 0.090900 ms)

Unloading 2 Unused Serialized files (Serialized files now loaded: 0)
UnloadTime: 0.990000 ms
Loaded scene 'Assets/BorderRepair/Scenes/Narrative_WorkerHand.unity'
	Deserialize:            10.573 ms
	Integration:            161.781 ms
	Integration of assets:  0.067 ms
	Thread Wait Time:       0.554 ms
	Total Operation Time:   172.974 ms
Unloading 47 unused Assets / (352.2 KB). Loaded Objects now: 10426.
Memory consumption went from 207.8 MB to 207.4 MB.
Total: 15.736400 ms (FindLiveObjects: 0.542700 ms CreateObjectMapping: 0.262900 ms MarkObjects: 14.841000 ms  DeleteObjects: 0.088700 ms)

Unloading 2 Unused Serialized files (Serialized files now loaded: 0)
UnloadTime: 1.147900 ms
Loaded scene 'Assets/BorderRepair/Scenes/Narrative_WorkerHand.unity'
	Deserialize:            12.155 ms
	Integration:            162.419 ms
	Integration of assets:  0.078 ms
	Thread Wait Time:       0.323 ms
	Total Operation Time:   174.975 ms
Unloading 45 unused Assets / (165.9 KB). Loaded Objects now: 10426.
Memory consumption went from 207.5 MB to 207.3 MB.
Total: 15.137200 ms (FindLiveObjects: 0.410400 ms CreateObjectMapping: 0.310900 ms MarkObjects: 14.335200 ms  DeleteObjects: 0.079900 ms)

[WorkerHandV2] 接触时刻工具 / 手套顶点落在物品碰撞体内的数量：remove_fastener_a: 0/5012；remove_fastener_b: 0/5012；open_housing: 0/4166；test_limiter: 0/4489；read_log: 0/4141
UnityEngine.Debug:ExtractStackTraceNoAlloc (byte*,int,string)
UnityEngine.StackTraceUtility:ExtractStackTrace ()
UnityEngine.DebugLogHandler:Internal_Log (UnityEngine.LogType,UnityEngine.LogOption,string,UnityEngine.Object)
UnityEngine.DebugLogHandler:LogFormat (UnityEngine.LogType,UnityEngine.Object,string,object[])
UnityEngine.Logger:Log (UnityEngine.LogType,object)
UnityEngine.Debug:Log (object)
BorderRepair.Tests.WorkerHandToolAnimationTests/<ToolsAndGlovesDoNotPenetrateTheItem>d__14:MoveNext () (at Assets/BorderRepair/Tests/PlayMode/WorkerHandToolAnimationTests.cs:376)
UnityEngine.TestTools.TestEnumerator/<Execute>d__7:MoveNext () (at ./Library/PackageCache/com.unity.test-framework@082c24152fd4/UnityEngine.TestRunner/NUnitExtensions/Attributes/TestEnumerator.cs:44)
UnityEngine.TestTools.EnumerableTestMethodCommand/<ExecuteEnumerableAndRecordExceptions>d__4:MoveNext () (at ./Library/PackageCache/com.unity.test-framework@082c24152fd4/UnityEngine.TestRunner/NUnitExtensions/Commands/EnumerableTestMethodCommand.cs:79)
UnityEngine.TestTools.EnumerableTestMethodCommand:AdvanceEnumerator (System.Collections.IEnumerator) (at ./Library/PackageCache/com.unity.test-framework@082c24152fd4/UnityEngine.TestRunner/NUnitExtensions/Commands/EnumerableTestMethodCommand.cs:64)
UnityEngine.TestTools.EnumerableTestMethodCommand/<ExecuteEnumerable>d__2:MoveNext () (at ./Library/PackageCache/com.unity.test-framework@082c24152fd4/UnityEngine.TestRunner/NUnitExtensions/Commands/EnumerableTestMethodCommand.cs:47)
UnityEngine.TestRunner.NUnitExtensions.Runner.UnityLogCheckDelegatingCommand/<ExecuteEnumerable>d__3:MoveNext () (at ./Library/PackageCache/com.unity.test-framework@082c24152fd4/UnityEngine.TestRunner/NUnitExtensions/Runner/UnityLogCheckDelegatingCommand.cs:48)
UnityEngine.TestTools.BeforeAfterTestCommandBase`1/<ExecuteEnumerable>d__16<NUnit.Framework.ITestAction>:MoveNext () (at ./Library/PackageCache/com.unity.test-framework@082c24152fd4/UnityEngine.TestRunner/NUnitExtensions/Commands/BeforeAfterTestCommandBase.cs:212)
UnityEngine.TestTools.BeforeAfterTestCommandBase`1/<ExecuteEnumerable>d__16<System.Reflection.MethodInfo>:MoveNext () (at ./Library/PackageCache/com.unity.test-framework@082c24152fd4/UnityEngine.TestRunner/NUnitExtensions/Commands/BeforeAfterTestCommandBase.cs:212)
UnityEngine.TestTools.BeforeAfterTestCommandBase`1/<ExecuteEnumerable>d__16<System.Reflection.MethodInfo>:MoveNext () (at ./Library/PackageCache/com.unity.test-framework@082c24152fd4/UnityEngine.TestRunner/NUnitExtensions/Commands/BeforeAfterTestCommandBase.cs:212)
UnityEngine.TestTools.BeforeAfterTestCommandBase`1/<ExecuteEnumerable>d__16<UnityEngine.TestTools.IOuterUnityTestAction>:MoveNext () (at ./Library/PackageCache/com.unity.test-framework@082c24152fd4/UnityEngine.TestRunner/NUnitExtensions/Commands/BeforeAfterTestCommandBase.cs:212)
UnityEngine.TestTools.RetryCommand/<ExecuteEnumerable>d__2:MoveNext () (at ./Library/PackageCache/com.unity.test-framework@082c24152fd4/UnityEngine.TestRunner/NUnitExtensions/Commands/RetryCommand.cs:37)
UnityEngine.TestTools.RepeatCommand/<ExecuteEnumerable>d__2:MoveNext () (at ./Library/PackageCache/com.unity.test-framework@082c24152fd4/UnityEngine.TestRunner/NUnitExtensions/Commands/RepeatCommand.cs:36)
UnityEngine.TestTools.IgnoreTestCommand/<ExecuteEnumerable>d__3:MoveNext () (at ./Library/PackageCache/com.unity.test-framework@082c24152fd4/UnityEngine.TestRunner/NUnitExtensions/Commands/IgnoreTestCommand.cs:42)
UnityEngine.TestTools.StrictCheckCommand/<ExecuteEnumerable>d__2:MoveNext () (at ./Library/PackageCache/com.unity.test-framework@082c24152fd4/UnityEngine.TestRunner/NUnitExtensions/Commands/StrictCheckCommand.cs:29)
UnityEngine.TestTools.Utils.CoroutineRunner/<WrapEnumeratorForChecks>d__8:MoveNext () (at ./Library/PackageCache/com.unity.test-framework@082c24152fd4/UnityEngine.TestRunner/Utils/CoroutineRunner.cs:58)
UnityEngine.SetupCoroutine:InvokeMoveNext (System.Collections.IEnumerator,intptr)

(Filename: Assets/BorderRepair/Tests/PlayMode/WorkerHandToolAnimationTests.cs Line: 376)

Unloading 2 Unused Serialized files (Serialized files now loaded: 0)
UnloadTime: 1.032500 ms
Loaded scene 'Assets/BorderRepair/Scenes/Narrative_WorkerHand.unity'
	Deserialize:            10.774 ms
	Integration:            166.160 ms
	Integration of assets:  0.072 ms
	Thread Wait Time:       0.329 ms
	Total Operation Time:   177.335 ms
Unloading 45 unused Assets / (165.9 KB). Loaded Objects now: 10429.
Memory consumption went from 207.8 MB to 207.7 MB.
Total: 18.106300 ms (FindLiveObjects: 0.622600 ms CreateObjectMapping: 0.389200 ms MarkObjects: 16.993300 ms  DeleteObjects: 0.099900 ms)

Unloading 2 Unused Serialized files (Serialized files now loaded: 0)
UnloadTime: 1.023800 ms
Loaded scene 'Assets/BorderRepair/Scenes/Narrative_WorkerHand.unity'
	Deserialize:            12.102 ms
	Integration:            162.779 ms
	Integration of assets:  0.069 ms
	Thread Wait Time:       0.297 ms
	Total Operation Time:   175.247 ms
Unloading 48 unused Assets / (0.5 MB). Loaded Objects now: 10429.
Memory consumption went from 208.2 MB to 207.7 MB.
Total: 17.089700 ms (FindLiveObjects: 0.448800 ms CreateObjectMapping: 0.381400 ms MarkObjects: 16.117300 ms  DeleteObjects: 0.140500 ms)

Unloading 92 Unused Serialized files (Serialized files now loaded: 0)
UnloadTime: 1.018800 ms
Loaded scene 'Assets/BorderRepair/Scenes/Slice/Unit07_Night.unity'
	Deserialize:            113.025 ms
	Integration:            248.950 ms
	Integration of assets:  20.891 ms
	Thread Wait Time:       3.324 ms
	Total Operation Time:   386.190 ms
Unloading 3495 unused Assets / (2.5 MB). Loaded Objects now: 12504.
Memory consumption went from 286.5 MB to 284.0 MB.
Total: 18.700700 ms (FindLiveObjects: 0.646500 ms CreateObjectMapping: 0.379900 ms MarkObjects: 15.685900 ms  DeleteObjects: 1.987300 ms)

Unloading 29 Unused Serialized files (Serialized files now loaded: 0)
UnloadTime: 2.641500 ms
Loaded scene 'Assets/BorderRepair/Scenes/Slice/Night1_Counter.unity'
	Deserialize:            23.567 ms
	Integration:            170.293 ms
	Integration of assets:  1.518 ms
	Thread Wait Time:       0.582 ms
	Total Operation Time:   195.960 ms
Unloading 5508 unused Assets / (124.5 MB). Loaded Objects now: 8809.
Memory consumption went from 350.4 MB to 225.9 MB.
Total: 23.438800 ms (FindLiveObjects: 0.599000 ms CreateObjectMapping: 0.444800 ms MarkObjects: 14.833300 ms  DeleteObjects: 7.560600 ms)

Unloading 91 Unused Serialized files (Serialized files now loaded: 0)
UnloadTime: 2.701800 ms
Loaded scene 'Assets/BorderRepair/Scenes/Slice/Unit07_Night.unity'
	Deserialize:            76.119 ms
	Integration:            248.065 ms
	Integration of assets:  21.606 ms
	Thread Wait Time:       -0.016 ms
	Total Operation Time:   345.774 ms
Unloading 3476 unused Assets / (1.8 MB). Loaded Objects now: 11402.
Memory consumption went from 281.2 MB to 279.5 MB.
Total: 17.354400 ms (FindLiveObjects: 0.555200 ms CreateObjectMapping: 0.329800 ms MarkObjects: 14.716000 ms  DeleteObjects: 1.752500 ms)

Unloading 13 Unused Serialized files (Serialized files now loaded: 0)
UnloadTime: 1.940000 ms
Loaded scene 'Assets/BorderRepair/Scenes/Slice/Night1_Counter.unity'
	Deserialize:            13.756 ms
	Integration:            168.681 ms
	Integration of assets:  0.082 ms
	Thread Wait Time:       0.333 ms
	Total Operation Time:   182.852 ms
Unloading 482 unused Assets / (29.9 MB). Loaded Objects now: 8809.
Memory consumption went from 278.5 MB to 248.6 MB.
Total: 17.718300 ms (FindLiveObjects: 0.429500 ms CreateObjectMapping: 0.246000 ms MarkObjects: 14.644800 ms  DeleteObjects: 2.397100 ms)

Unloading 2 Unused Serialized files (Serialized files now loaded: 0)
UnloadTime: 0.808700 ms
Loaded scene 'Assets/BorderRepair/Scenes/Slice/TwoNight_Menu.unity'
	Deserialize:            1.990 ms
	Integration:            170.585 ms
	Integration of assets:  0.164 ms
	Thread Wait Time:       0.280 ms
	Total Operation Time:   173.019 ms
Unloading 463 unused Assets / (448.6 KB). Loaded Objects now: 7730.
Memory consumption went from 211.1 MB to 210.6 MB.
Total: 20.168800 ms (FindLiveObjects: 0.360200 ms CreateObjectMapping: 0.227100 ms MarkObjects: 19.057600 ms  DeleteObjects: 0.522600 ms)

Unloading 89 Unused Serialized files (Serialized files now loaded: 0)
UnloadTime: 0.398900 ms
Loaded scene 'Assets/BorderRepair/Scenes/Slice/Unit07_Night.unity'
	Deserialize:            72.885 ms
	Integration:            249.397 ms
	Integration of assets:  18.311 ms
	Thread Wait Time:       0.057 ms
	Total Operation Time:   340.651 ms
Unloading 3463 unused Assets / (1.5 MB). Loaded Objects now: 10965.
Memory consumption went from 279.7 MB to 278.1 MB.
Total: 16.601700 ms (FindLiveObjects: 0.559000 ms CreateObjectMapping: 0.286700 ms MarkObjects: 14.391300 ms  DeleteObjects: 1.363900 ms)

Unloading 1 Unused Serialized files (Serialized files now loaded: 0)
UnloadTime: 1.905400 ms
Loaded scene 'Assets/BorderRepair/Scenes/Slice/TwoNight_Menu.unity'
	Deserialize:            1.363 ms
	Integration:            161.697 ms
	Integration of assets:  0.003 ms
	Thread Wait Time:       0.519 ms
	Total Operation Time:   163.583 ms
Unloading 479 unused Assets / (31.6 MB). Loaded Objects now: 7730.
Memory consumption went from 276.5 MB to 244.9 MB.
Total: 16.858300 ms (FindLiveObjects: 0.316200 ms CreateObjectMapping: 0.246300 ms MarkObjects: 14.316200 ms  DeleteObjects: 1.978700 ms)

Unloading 89 Unused Serialized files (Serialized files now loaded: 0)
UnloadTime: 0.371300 ms
Loaded scene 'Assets/BorderRepair/Scenes/Slice/Unit07_Night.unity'
	Deserialize:            72.041 ms
	Integration:            248.943 ms
	Integration of assets:  20.010 ms
	Thread Wait Time:       -0.005 ms
	Total Operation Time:   340.990 ms
Unloading 3463 unused Assets / (1.7 MB). Loaded Objects now: 10965.
Memory consumption went from 279.7 MB to 278.0 MB.
Total: 17.999800 ms (FindLiveObjects: 0.558800 ms CreateObjectMapping: 0.318300 ms MarkObjects: 15.749400 ms  DeleteObjects: 1.371900 ms)

Unloading 1 Unused Serialized files (Serialized files now loaded: 0)
UnloadTime: 2.079600 ms
Loaded scene 'Assets/BorderRepair/Scenes/Slice/TwoNight_Menu.unity'
	Deserialize:            1.400 ms
	Integration:            167.631 ms
	Integration of assets:  0.003 ms
	Thread Wait Time:       0.403 ms
	Total Operation Time:   169.437 ms
Unloading 479 unused Assets / (29.4 MB). Loaded Objects now: 7730.
Memory consumption went from 276.5 MB to 247.1 MB.
Total: 17.087700 ms (FindLiveObjects: 0.308300 ms CreateObjectMapping: 0.209300 ms MarkObjects: 14.521800 ms  DeleteObjects: 2.047300 ms)

Unloading 29 Unused Serialized files (Serialized files now loaded: 0)
UnloadTime: 1.762500 ms
Loaded scene 'Assets/BorderRepair/Scenes/Slice/Night1_Counter.unity'
	Deserialize:            14.363 ms
	Integration:            162.315 ms
	Integration of assets:  1.120 ms
	Thread Wait Time:       0.018 ms
	Total Operation Time:   177.816 ms
Unloading 14 unused Assets / (40.9 KB). Loaded Objects now: 8483.
Memory consumption went from 210.9 MB to 210.8 MB.
Total: 15.433600 ms (FindLiveObjects: 0.345400 ms CreateObjectMapping: 0.220000 ms MarkObjects: 14.765700 ms  DeleteObjects: 0.101200 ms)

Unloading 2 Unused Serialized files (Serialized files now loaded: 0)
UnloadTime: 0.764400 ms
Loaded scene 'Assets/BorderRepair/Scenes/Slice/TwoNight_Menu.unity'
	Deserialize:            1.897 ms
	Integration:            158.525 ms
	Integration of assets:  0.166 ms
	Thread Wait Time:       0.280 ms
	Total Operation Time:   160.867 ms
Unloading 461 unused Assets / (327.1 KB). Loaded Objects now: 7730.
Memory consumption went from 211.1 MB to 210.7 MB.
Total: 16.502000 ms (FindLiveObjects: 0.396200 ms CreateObjectMapping: 0.278700 ms MarkObjects: 15.254900 ms  DeleteObjects: 0.571200 ms)

Unloading 29 Unused Serialized files (Serialized files now loaded: 0)
UnloadTime: 0.357400 ms
Loaded scene 'Assets/BorderRepair/Scenes/Slice/Night1_Counter.unity'
	Deserialize:            13.258 ms
	Integration:            163.176 ms
	Integration of assets:  1.387 ms
	Thread Wait Time:       0.019 ms
	Total Operation Time:   177.840 ms
Unloading 14 unused Assets / (39.9 KB). Loaded Objects now: 8483.
Memory consumption went from 210.9 MB to 210.9 MB.
Total: 16.545400 ms (FindLiveObjects: 0.392700 ms CreateObjectMapping: 0.367700 ms MarkObjects: 15.684600 ms  DeleteObjects: 0.099300 ms)

Unloading 90 Unused Serialized files (Serialized files now loaded: 0)
UnloadTime: 0.769700 ms
Loaded scene 'Assets/BorderRepair/Scenes/Slice/Unit07_Night.unity'
	Deserialize:            114.338 ms
	Integration:            249.979 ms
	Integration of assets:  16.360 ms
	Thread Wait Time:       1.468 ms
	Total Operation Time:   382.145 ms
Unloading 3914 unused Assets / (3.3 MB). Loaded Objects now: 11030.
Memory consumption went from 281.6 MB to 278.3 MB.
Total: 18.146200 ms (FindLiveObjects: 0.568100 ms CreateObjectMapping: 0.336800 ms MarkObjects: 15.047800 ms  DeleteObjects: 2.192700 ms)

Unloading 12 Unused Serialized files (Serialized files now loaded: 0)
UnloadTime: 1.960600 ms
Loaded scene 'Assets/BorderRepair/Scenes/Slice/Unit07_Night.unity'
	Deserialize:            36.301 ms
	Integration:            177.269 ms
	Integration of assets:  3.511 ms
	Thread Wait Time:       0.212 ms
	Total Operation Time:   217.294 ms
[TwoNight] 七号场景不能从阶段 Night1Counter 开始
UnityEngine.Debug:ExtractStackTraceNoAlloc (byte*,int,string)
UnityEngine.StackTraceUtility:ExtractStackTrace ()
UnityEngine.DebugLogHandler:Internal_Log (UnityEngine.LogType,UnityEngine.LogOption,string,UnityEngine.Object)
UnityEngine.DebugLogHandler:LogFormat (UnityEngine.LogType,UnityEngine.Object,string,object[])
UnityEngine.Logger:Log (UnityEngine.LogType,object,UnityEngine.Object)
UnityEngine.Debug:LogError (object,UnityEngine.Object)
BorderRepair.TwoNight.TwoNightRobotDirector:Start () (at Assets/BorderRepair/Scripts/Runtime/TwoNight/TwoNightRobotDirector.cs:89)

(Filename: Assets/BorderRepair/Scripts/Runtime/TwoNight/TwoNightRobotDirector.cs Line: 89)

Unloading 3465 unused Assets / (1.7 MB). Loaded Objects now: 11030.
Memory consumption went from 280.4 MB to 278.7 MB.
Total: 17.507400 ms (FindLiveObjects: 0.611100 ms CreateObjectMapping: 0.313200 ms MarkObjects: 15.182100 ms  DeleteObjects: 1.399800 ms)

Unloading 12 Unused Serialized files (Serialized files now loaded: 0)
UnloadTime: 2.452300 ms
Loaded scene 'Assets/BorderRepair/Scenes/Slice/Unit07_Night.unity'
	Deserialize:            33.168 ms
	Integration:            177.361 ms
	Integration of assets:  3.524 ms
	Thread Wait Time:       0.827 ms
	Total Operation Time:   214.880 ms
Unloading 3466 unused Assets / (1.8 MB). Loaded Objects now: 11035.
Memory consumption went from 280.8 MB to 279.0 MB.
Total: 17.947100 ms (FindLiveObjects: 0.703800 ms CreateObjectMapping: 0.410100 ms MarkObjects: 15.360800 ms  DeleteObjects: 1.471500 ms)

Unloading 65 Unused Serialized files (Serialized files now loaded: 0)
UnloadTime: 2.288800 ms
Loaded scene 'Assets/BorderRepair/Scenes/UnifiedClinic/UnifiedClinic.unity'
	Deserialize:            75.150 ms
	Integration:            180.859 ms
	Integration of assets:  11.171 ms
	Thread Wait Time:       1.848 ms
	Total Operation Time:   269.028 ms
Unloading 5029 unused Assets / (2.0 MB). Loaded Objects now: 12837.
Memory consumption went from 286.4 MB to 284.4 MB.
Total: 18.365100 ms (FindLiveObjects: 0.817700 ms CreateObjectMapping: 0.354700 ms MarkObjects: 15.419000 ms  DeleteObjects: 1.772600 ms)

Unloading 51 Unused Serialized files (Serialized files now loaded: 0)
UnloadTime: 2.267000 ms
Loaded scene 'Assets/BorderRepair/Scenes/UnifiedClinic/UnifiedClinic.unity'
	Deserialize:            55.774 ms
	Integration:            196.706 ms
	Integration of assets:  5.631 ms
	Thread Wait Time:       0.913 ms
	Total Operation Time:   259.024 ms
Unloading 5834 unused Assets / (5.5 MB). Loaded Objects now: 12838.
Memory consumption went from 290.5 MB to 285.0 MB.
Total: 19.431200 ms (FindLiveObjects: 0.980900 ms CreateObjectMapping: 0.462600 ms MarkObjects: 14.784000 ms  DeleteObjects: 3.202200 ms)

Unloading 19 Unused Serialized files (Serialized files now loaded: 0)
UnloadTime: 2.601300 ms
Loaded scene 'Assets/BorderRepair/Scenes/UnifiedClinic/UnifiedClinic.unity'
	Deserialize:            62.016 ms
	Integration:            180.958 ms
	Integration of assets:  5.307 ms
	Thread Wait Time:       1.153 ms
	Total Operation Time:   249.433 ms
Unloading 5029 unused Assets / (2.2 MB). Loaded Objects now: 12861.
Memory consumption went from 296.8 MB to 294.6 MB.
Total: 18.217000 ms (FindLiveObjects: 0.741000 ms CreateObjectMapping: 0.326600 ms MarkObjects: 15.312900 ms  DeleteObjects: 1.834300 ms)

Unloading 16 Unused Serialized files (Serialized files now loaded: 0)
UnloadTime: 2.365100 ms
Loaded scene 'Assets/BorderRepair/Scenes/UnifiedClinic/UnifiedClinic.unity'
	Deserialize:            61.193 ms
	Integration:            174.539 ms
	Integration of assets:  5.496 ms
	Thread Wait Time:       1.317 ms
	Total Operation Time:   242.545 ms
Unloading 5027 unused Assets / (2.1 MB). Loaded Objects now: 12861.
Memory consumption went from 296.8 MB to 294.7 MB.
Total: 18.720500 ms (FindLiveObjects: 0.826800 ms CreateObjectMapping: 0.362800 ms MarkObjects: 15.140600 ms  DeleteObjects: 2.389400 ms)

Unloading 16 Unused Serialized files (Serialized files now loaded: 0)
UnloadTime: 2.288300 ms
Loaded scene 'Assets/BorderRepair/Scenes/UnifiedClinic/UnifiedClinic.unity'
	Deserialize:            55.214 ms
	Integration:            178.953 ms
	Integration of assets:  5.333 ms
	Thread Wait Time:       1.090 ms
	Total Operation Time:   240.591 ms
Unloading 5027 unused Assets / (2.2 MB). Loaded Objects now: 12857.
Memory consumption went from 296.9 MB to 294.7 MB.
Total: 19.418100 ms (FindLiveObjects: 0.758200 ms CreateObjectMapping: 0.348100 ms MarkObjects: 16.578400 ms  DeleteObjects: 1.732300 ms)

Unloading 16 Unused Serialized files (Serialized files now loaded: 0)
UnloadTime: 2.374900 ms
Loaded scene 'Assets/BorderRepair/Scenes/UnifiedClinic/UnifiedClinic.unity'
	Deserialize:            55.000 ms
	Integration:            183.558 ms
	Integration of assets:  5.387 ms
	Thread Wait Time:       1.070 ms
	Total Operation Time:   245.015 ms
Unloading 5027 unused Assets / (2.4 MB). Loaded Objects now: 12857.
Memory consumption went from 297.2 MB to 294.7 MB.
Total: 18.778300 ms (FindLiveObjects: 0.802000 ms CreateObjectMapping: 0.401500 ms MarkObjects: 15.746300 ms  DeleteObjects: 1.827700 ms)

Unloading 16 Unused Serialized files (Serialized files now loaded: 0)
UnloadTime: 3.023700 ms
Loaded scene 'Assets/BorderRepair/Scenes/UnifiedClinic/UnifiedClinic.unity'
	Deserialize:            54.130 ms
	Integration:            180.388 ms
	Integration of assets:  5.049 ms
	Thread Wait Time:       0.862 ms
	Total Operation Time:   240.429 ms
Unloading 5027 unused Assets / (2.2 MB). Loaded Objects now: 12861.
Memory consumption went from 296.7 MB to 294.5 MB.
Total: 20.350000 ms (FindLiveObjects: 1.020500 ms CreateObjectMapping: 0.813400 ms MarkObjects: 16.228800 ms  DeleteObjects: 2.286100 ms)

Unloading 3 Unused Serialized files (Serialized files now loaded: 0)
UnloadTime: 2.894800 ms
Loaded scene 'Assets/BorderRepair/Scenes/UnifiedClinic/UnifiedClinic_Menu.unity'
	Deserialize:            1.122 ms
	Integration:            164.804 ms
	Integration of assets:  0.001 ms
	Thread Wait Time:       5.251 ms
	Total Operation Time:   171.178 ms
Unloading 706 unused Assets / (44.2 MB). Loaded Objects now: 8193.
Memory consumption went from 291.6 MB to 247.4 MB.
Total: 20.049600 ms (FindLiveObjects: 0.359300 ms CreateObjectMapping: 0.285500 ms MarkObjects: 15.820500 ms  DeleteObjects: 3.582000 ms)

Unloading 123 Unused Serialized files (Serialized files now loaded: 0)
UnloadTime: 0.409000 ms
Loaded scene 'Assets/BorderRepair/Scenes/UnifiedClinic/UnifiedClinic.unity'
	Deserialize:            80.384 ms
	Integration:            257.427 ms
	Integration of assets:  30.006 ms
	Thread Wait Time:       -0.094 ms
	Total Operation Time:   367.723 ms
Unloading 5025 unused Assets / (2.1 MB). Loaded Objects now: 12751.
Memory consumption went from 295.8 MB to 293.8 MB.
Total: 19.774600 ms (FindLiveObjects: 0.812800 ms CreateObjectMapping: 0.410800 ms MarkObjects: 16.382300 ms  DeleteObjects: 2.167200 ms)

Unloading 18 Unused Serialized files (Serialized files now loaded: 0)
UnloadTime: 3.027500 ms
Loaded scene 'Assets/BorderRepair/Scenes/UnifiedClinic/UnifiedClinic.unity'
	Deserialize:            57.319 ms
	Integration:            173.457 ms
	Integration of assets:  5.404 ms
	Thread Wait Time:       0.932 ms
	Total Operation Time:   237.111 ms
Unloading 5030 unused Assets / (2.6 MB). Loaded Objects now: 12860.
Memory consumption went from 297.6 MB to 295.0 MB.
Total: 19.881800 ms (FindLiveObjects: 0.766300 ms CreateObjectMapping: 0.352300 ms MarkObjects: 15.976200 ms  DeleteObjects: 2.785500 ms)

Unloading 8 Unused Serialized files (Serialized files now loaded: 0)
UnloadTime: 2.641200 ms
Loaded scene 'Assets/BorderRepair/Scenes/UnifiedClinic/UnifiedClinic_Menu.unity'
	Deserialize:            1.446 ms
	Integration:            168.688 ms
	Integration of assets:  0.002 ms
	Thread Wait Time:       1.283 ms
	Total Operation Time:   171.419 ms
Unloading 705 unused Assets / (32.2 MB). Loaded Objects now: 8459.
Memory consumption went from 292.6 MB to 260.5 MB.
Total: 18.244100 ms (FindLiveObjects: 0.349700 ms CreateObjectMapping: 0.325600 ms MarkObjects: 15.170600 ms  DeleteObjects: 2.397200 ms)

Unloading 124 Unused Serialized files (Serialized files now loaded: 0)
UnloadTime: 0.382700 ms
Loaded scene 'Assets/BorderRepair/Scenes/UnifiedClinic/UnifiedClinic.unity'
	Deserialize:            138.020 ms
	Integration:            248.962 ms
	Integration of assets:  22.909 ms
	Thread Wait Time:       1.745 ms
	Total Operation Time:   411.636 ms
Unloading 5025 unused Assets / (2.0 MB). Loaded Objects now: 13127.
Memory consumption went from 297.5 MB to 295.5 MB.
Total: 18.076800 ms (FindLiveObjects: 0.676600 ms CreateObjectMapping: 0.403400 ms MarkObjects: 15.278900 ms  DeleteObjects: 1.716700 ms)

Unloading 27 Unused Serialized files (Serialized files now loaded: 0)
UnloadTime: 2.283900 ms
Loaded scene 'Assets/BorderRepair/Scenes/UnifiedClinic/UnifiedClinic.unity'
	Deserialize:            52.570 ms
	Integration:            176.505 ms
	Integration of assets:  5.766 ms
	Thread Wait Time:       1.032 ms
	Total Operation Time:   235.872 ms
Unloading 5306 unused Assets / (3.9 MB). Loaded Objects now: 12860.
Memory consumption went from 299.8 MB to 295.9 MB.
Total: 18.915400 ms (FindLiveObjects: 0.758600 ms CreateObjectMapping: 0.358200 ms MarkObjects: 15.411700 ms  DeleteObjects: 2.386000 ms)

Unloading 18 Unused Serialized files (Serialized files now loaded: 0)
UnloadTime: 2.534300 ms
Loaded scene 'Assets/BorderRepair/Scenes/UnifiedClinic/UnifiedClinic_Menu.unity'
	Deserialize:            1.067 ms
	Integration:            169.174 ms
	Integration of assets:  0.002 ms
	Thread Wait Time:       4.089 ms
	Total Operation Time:   174.332 ms
Unloading 706 unused Assets / (45.5 MB). Loaded Objects now: 8468.
Memory consumption went from 294.0 MB to 248.5 MB.
Total: 19.173400 ms (FindLiveObjects: 0.411700 ms CreateObjectMapping: 0.249600 ms MarkObjects: 15.130900 ms  DeleteObjects: 3.380100 ms)

Unloading 124 Unused Serialized files (Serialized files now loaded: 0)
UnloadTime: 0.396500 ms
Loaded scene 'Assets/BorderRepair/Scenes/UnifiedClinic/UnifiedClinic.unity'
	Deserialize:            129.312 ms
	Integration:            251.884 ms
	Integration of assets:  22.587 ms
	Thread Wait Time:       2.250 ms
	Total Operation Time:   406.034 ms
Unloading 5025 unused Assets / (1.9 MB). Loaded Objects now: 13136.
Memory consumption went from 298.3 MB to 296.4 MB.
Total: 18.960200 ms (FindLiveObjects: 0.686800 ms CreateObjectMapping: 0.483800 ms MarkObjects: 16.068000 ms  DeleteObjects: 1.720600 ms)

Unloading 18 Unused Serialized files (Serialized files now loaded: 0)
UnloadTime: 2.085600 ms
Loaded scene 'Assets/BorderRepair/Scenes/UnifiedClinic/UnifiedClinic.unity'
	Deserialize:            46.105 ms
	Integration:            179.191 ms
	Integration of assets:  5.618 ms
	Thread Wait Time:       0.798 ms
	Total Operation Time:   231.712 ms
Unloading 5305 unused Assets / (3.9 MB). Loaded Objects now: 12861.
Memory consumption went from 300.3 MB to 296.3 MB.
Total: 18.594300 ms (FindLiveObjects: 0.771400 ms CreateObjectMapping: 0.369700 ms MarkObjects: 15.182400 ms  DeleteObjects: 2.269700 ms)

Unloading 1 Unused Serialized files (Serialized files now loaded: 0)
UnloadTime: 2.648200 ms
Loaded scene 'Assets/BorderRepair/Scenes/UnifiedClinic/UnifiedClinic_Menu.unity'
	Deserialize:            1.371 ms
	Integration:            169.538 ms
	Integration of assets:  0.004 ms
	Thread Wait Time:       0.552 ms
	Total Operation Time:   171.466 ms
Unloading 1142 unused Assets / (53.9 MB). Loaded Objects now: 7755.
Memory consumption went from 292.6 MB to 238.6 MB.
Total: 20.834300 ms (FindLiveObjects: 0.350400 ms CreateObjectMapping: 0.218900 ms MarkObjects: 15.819100 ms  DeleteObjects: 4.444600 ms)

Unloading 140 Unused Serialized files (Serialized files now loaded: 0)
UnloadTime: 0.409800 ms
Loaded scene 'Assets/BorderRepair/Scenes/UnifiedClinic/UnifiedClinic.unity'
	Deserialize:            93.975 ms
	Integration:            252.203 ms
	Integration of assets:  25.722 ms
	Thread Wait Time:       -0.035 ms
	Total Operation Time:   371.865 ms
Unloading 5025 unused Assets / (2.2 MB). Loaded Objects now: 12494.
Memory consumption went from 296.6 MB to 294.4 MB.
Total: 17.882900 ms (FindLiveObjects: 0.614900 ms CreateObjectMapping: 0.327800 ms MarkObjects: 15.154300 ms  DeleteObjects: 1.784900 ms)

Unloading 1 Unused Serialized files (Serialized files now loaded: 0)
UnloadTime: 2.517100 ms
Loaded scene 'Assets/BorderRepair/Scenes/UnifiedClinic/UnifiedClinic_Menu.unity'
	Deserialize:            1.198 ms
	Integration:            170.502 ms
	Integration of assets:  0.002 ms
	Thread Wait Time:       0.621 ms
	Total Operation Time:   172.323 ms
Unloading 1143 unused Assets / (54.8 MB). Loaded Objects now: 7755.
Memory consumption went from 292.6 MB to 237.7 MB.
Total: 18.756700 ms (FindLiveObjects: 0.342900 ms CreateObjectMapping: 0.207100 ms MarkObjects: 14.391000 ms  DeleteObjects: 3.814400 ms)

Unloading 140 Unused Serialized files (Serialized files now loaded: 0)
UnloadTime: 0.429300 ms
Loaded scene 'Assets/BorderRepair/Scenes/UnifiedClinic/UnifiedClinic.unity'
	Deserialize:            89.317 ms
	Integration:            256.215 ms
	Integration of assets:  20.672 ms
	Thread Wait Time:       -0.029 ms
	Total Operation Time:   366.175 ms
Unloading 5025 unused Assets / (2.2 MB). Loaded Objects now: 12751.
Memory consumption went from 297.5 MB to 295.3 MB.
Total: 20.032300 ms (FindLiveObjects: 0.693800 ms CreateObjectMapping: 0.371500 ms MarkObjects: 16.428600 ms  DeleteObjects: 2.537300 ms)

Unloading 3 Unused Serialized files (Serialized files now loaded: 0)
UnloadTime: 2.983400 ms
Loaded scene 'Assets/WorkbenchArea/Scenes/WorkbenchArea_Test.unity'
	Deserialize:            9.284 ms
	Integration:            171.872 ms
	Integration of assets:  1.702 ms
	Thread Wait Time:       0.863 ms
	Total Operation Time:   183.721 ms
Unloading 2020 unused Assets / (62.9 MB). Loaded Objects now: 8711.
Memory consumption went from 293.8 MB to 231.0 MB.
Total: 19.719400 ms (FindLiveObjects: 0.465200 ms CreateObjectMapping: 0.261100 ms MarkObjects: 14.646400 ms  DeleteObjects: 4.344900 ms)

[WorkbenchAreaTest] 看得见就点得到：两台镜头共 61 个“对象 × 镜头”组合看得见（331 个可见瞄准点）；看得见却完全点不中的组合 0 个。边缘点被相邻小件 / 包围盒较松的部件抢走 14 处（同一对象换个位置仍能选中）：Game:Diag_Body→Diag_Knob_Offset, Game:Lamp_ArmUpper→Lamp_Head, Game:Placeholder_Prosthetic_Connector→Placeholder_Prosthetic_FaultLED, Game:Placeholder_Prosthetic_ElbowCuff→Placeholder_Prosthetic_Connector, Game:Placeholder_Prosthetic_Forearm→Placeholder_Prosthetic_BayMotor, Game:Records_BacklogStack→Records_InboxStack, CloseUp:Placeholder_Prosthetic_Connector→Placeholder_Prosthetic_FaultLED, CloseUp:Placeholder_Prosthetic_ElbowCuff→Placeholder_Prosthetic_Connector, CloseUp:Placeholder_Prosthetic_Forearm→Placeholder_Prosthetic_BayMotor
UnityEngine.Debug:ExtractStackTraceNoAlloc (byte*,int,string)
UnityEngine.StackTraceUtility:ExtractStackTrace ()
UnityEngine.DebugLogHandler:Internal_Log (UnityEngine.LogType,UnityEngine.LogOption,string,UnityEngine.Object)
UnityEngine.DebugLogHandler:LogFormat (UnityEngine.LogType,UnityEngine.Object,string,object[])
UnityEngine.Logger:Log (UnityEngine.LogType,object)
UnityEngine.Debug:Log (object)
WorkbenchArea.Tests.WorkbenchAreaPlayTests:Write (string) (at Assets/WorkbenchArea/Tests/PlayMode/WorkbenchAreaPlayTests.cs:35)
WorkbenchArea.Tests.WorkbenchAreaPlayTests/<Cameras_EveryVisibleTargetIsPickable>d__20:MoveNext () (at Assets/WorkbenchArea/Tests/PlayMode/WorkbenchAreaPlayTests.cs:327)
UnityEngine.TestTools.TestEnumerator/<Execute>d__7:MoveNext () (at ./Library/PackageCache/com.unity.test-framework@082c24152fd4/UnityEngine.TestRunner/NUnitExtensions/Attributes/TestEnumerator.cs:44)
UnityEngine.TestTools.EnumerableTestMethodCommand/<ExecuteEnumerableAndRecordExceptions>d__4:MoveNext () (at ./Library/PackageCache/com.unity.test-framework@082c24152fd4/UnityEngine.TestRunner/NUnitExtensions/Commands/EnumerableTestMethodCommand.cs:79)
UnityEngine.TestTools.EnumerableTestMethodCommand:AdvanceEnumerator (System.Collections.IEnumerator) (at ./Library/PackageCache/com.unity.test-framework@082c24152fd4/UnityEngine.TestRunner/NUnitExtensions/Commands/EnumerableTestMethodCommand.cs:64)
UnityEngine.TestTools.EnumerableTestMethodCommand/<ExecuteEnumerable>d__2:MoveNext () (at ./Library/PackageCache/com.unity.test-framework@082c24152fd4/UnityEngine.TestRunner/NUnitExtensions/Commands/EnumerableTestMethodCommand.cs:47)
UnityEngine.TestRunner.NUnitExtensions.Runner.UnityLogCheckDelegatingCommand/<ExecuteEnumerable>d__3:MoveNext () (at ./Library/PackageCache/com.unity.test-framework@082c24152fd4/UnityEngine.TestRunner/NUnitExtensions/Runner/UnityLogCheckDelegatingCommand.cs:48)
UnityEngine.TestTools.BeforeAfterTestCommandBase`1/<ExecuteEnumerable>d__16<NUnit.Framework.ITestAction>:MoveNext () (at ./Library/PackageCache/com.unity.test-framework@082c24152fd4/UnityEngine.TestRunner/NUnitExtensions/Commands/BeforeAfterTestCommandBase.cs:212)
UnityEngine.TestTools.BeforeAfterTestCommandBase`1/<ExecuteEnumerable>d__16<System.Reflection.MethodInfo>:MoveNext () (at ./Library/PackageCache/com.unity.test-framework@082c24152fd4/UnityEngine.TestRunner/NUnitExtensions/Commands/BeforeAfterTestCommandBase.cs:212)
UnityEngine.TestTools.BeforeAfterTestCommandBase`1/<ExecuteEnumerable>d__16<System.Reflection.MethodInfo>:MoveNext () (at ./Library/PackageCache/com.unity.test-framework@082c24152fd4/UnityEngine.TestRunner/NUnitExtensions/Commands/BeforeAfterTestCommandBase.cs:212)
UnityEngine.TestTools.BeforeAfterTestCommandBase`1/<ExecuteEnumerable>d__16<UnityEngine.TestTools.IOuterUnityTestAction>:MoveNext () (at ./Library/PackageCache/com.unity.test-framework@082c24152fd4/UnityEngine.TestRunner/NUnitExtensions/Commands/BeforeAfterTestCommandBase.cs:212)
UnityEngine.TestTools.RetryCommand/<ExecuteEnumerable>d__2:MoveNext () (at ./Library/PackageCache/com.unity.test-framework@082c24152fd4/UnityEngine.TestRunner/NUnitExtensions/Commands/RetryCommand.cs:37)
UnityEngine.TestTools.RepeatCommand/<ExecuteEnumerable>d__2:MoveNext () (at ./Library/PackageCache/com.unity.test-framework@082c24152fd4/UnityEngine.TestRunner/NUnitExtensions/Commands/RepeatCommand.cs:36)
UnityEngine.TestTools.IgnoreTestCommand/<ExecuteEnumerable>d__3:MoveNext () (at ./Library/PackageCache/com.unity.test-framework@082c24152fd4/UnityEngine.TestRunner/NUnitExtensions/Commands/IgnoreTestCommand.cs:42)
UnityEngine.TestTools.StrictCheckCommand/<ExecuteEnumerable>d__2:MoveNext () (at ./Library/PackageCache/com.unity.test-framework@082c24152fd4/UnityEngine.TestRunner/NUnitExtensions/Commands/StrictCheckCommand.cs:29)
UnityEngine.TestTools.Utils.CoroutineRunner/<WrapEnumeratorForChecks>d__8:MoveNext () (at ./Library/PackageCache/com.unity.test-framework@082c24152fd4/UnityEngine.TestRunner/Utils/CoroutineRunner.cs:58)
UnityEngine.SetupCoroutine:InvokeMoveNext (System.Collections.IEnumerator,intptr)

(Filename: Assets/WorkbenchArea/Tests/PlayMode/WorkbenchAreaPlayTests.cs Line: 35)

Unloading 3 Unused Serialized files (Serialized files now loaded: 0)
UnloadTime: 1.252200 ms
Loaded scene 'Assets/WorkbenchArea/Scenes/WorkbenchArea_Test.unity'
	Deserialize:            7.993 ms
	Integration:            166.603 ms
	Integration of assets:  1.208 ms
	Thread Wait Time:       0.367 ms
	Total Operation Time:   176.172 ms
Unloading 1667 unused Assets / (0.5 MB). Loaded Objects now: 8711.
Memory consumption went from 218.5 MB to 218.0 MB.
Total: 16.417700 ms (FindLiveObjects: 0.435700 ms CreateObjectMapping: 0.290400 ms MarkObjects: 14.745500 ms  DeleteObjects: 0.944800 ms)

[WorkbenchAreaTest] 游戏镜头点选：Placeholder_Prosthetic_Screw_1 可点 9/9 检查区 28px; Placeholder_Prosthetic_Screw_2 可点 7/9 检查区 27px; Placeholder_Prosthetic_Screw_3 可点 9/9 检查区 27px; Placeholder_Prosthetic_Screw_4 可点 7/9 检查区 26px; Placeholder_Prosthetic_Cover 可点 9/9 检查区 259px; Placeholder_Prosthetic_Connector 可点 5/9 检查区 76px; Placeholder_Prosthetic_FaultLED 可点 9/9 检查区 30px; Tray_Screws 可点 9/9 检查区 246px; Tray_OldParts 可点 9/9 检查区 259px; Diag_Probe 可点 9/9 检查区 164px; Diag_Knob_Gain 可点 9/9 检查区 59px; Diag_Switch_Power 可点 9/9 检查区 42px; Toolbox_Tier1 被挡 检查区 412px; Records_RepairLog 可点 9/9 检查区 309px; Lamp_Head 可点 9/9 检查区 227px; 
UnityEngine.Debug:ExtractStackTraceNoAlloc (byte*,int,string)
UnityEngine.StackTraceUtility:ExtractStackTrace ()
UnityEngine.DebugLogHandler:Internal_Log (UnityEngine.LogType,UnityEngine.LogOption,string,UnityEngine.Object)
UnityEngine.DebugLogHandler:LogFormat (UnityEngine.LogType,UnityEngine.Object,string,object[])
UnityEngine.Logger:Log (UnityEngine.LogType,object)
UnityEngine.Debug:Log (object)
WorkbenchArea.Tests.WorkbenchAreaPlayTests:Write (string) (at Assets/WorkbenchArea/Tests/PlayMode/WorkbenchAreaPlayTests.cs:35)
WorkbenchArea.Tests.WorkbenchAreaPlayTests/<Cameras_KeyTargetsClickable_AndSmallPartSize>d__13:MoveNext () (at Assets/WorkbenchArea/Tests/PlayMode/WorkbenchAreaPlayTests.cs:121)
UnityEngine.TestTools.TestEnumerator/<Execute>d__7:MoveNext () (at ./Library/PackageCache/com.unity.test-framework@082c24152fd4/UnityEngine.TestRunner/NUnitExtensions/Attributes/TestEnumerator.cs:44)
UnityEngine.TestTools.EnumerableTestMethodCommand/<ExecuteEnumerableAndRecordExceptions>d__4:MoveNext () (at ./Library/PackageCache/com.unity.test-framework@082c24152fd4/UnityEngine.TestRunner/NUnitExtensions/Commands/EnumerableTestMethodCommand.cs:79)
UnityEngine.TestTools.EnumerableTestMethodCommand:AdvanceEnumerator (System.Collections.IEnumerator) (at ./Library/PackageCache/com.unity.test-framework@082c24152fd4/UnityEngine.TestRunner/NUnitExtensions/Commands/EnumerableTestMethodCommand.cs:64)
UnityEngine.TestTools.EnumerableTestMethodCommand/<ExecuteEnumerable>d__2:MoveNext () (at ./Library/PackageCache/com.unity.test-framework@082c24152fd4/UnityEngine.TestRunner/NUnitExtensions/Commands/EnumerableTestMethodCommand.cs:47)
UnityEngine.TestRunner.NUnitExtensions.Runner.UnityLogCheckDelegatingCommand/<ExecuteEnumerable>d__3:MoveNext () (at ./Library/PackageCache/com.unity.test-framework@082c24152fd4/UnityEngine.TestRunner/NUnitExtensions/Runner/UnityLogCheckDelegatingCommand.cs:48)
UnityEngine.TestTools.BeforeAfterTestCommandBase`1/<ExecuteEnumerable>d__16<NUnit.Framework.ITestAction>:MoveNext () (at ./Library/PackageCache/com.unity.test-framework@082c24152fd4/UnityEngine.TestRunner/NUnitExtensions/Commands/BeforeAfterTestCommandBase.cs:212)
UnityEngine.TestTools.BeforeAfterTestCommandBase`1/<ExecuteEnumerable>d__16<System.Reflection.MethodInfo>:MoveNext () (at ./Library/PackageCache/com.unity.test-framework@082c24152fd4/UnityEngine.TestRunner/NUnitExtensions/Commands/BeforeAfterTestCommandBase.cs:212)
UnityEngine.TestTools.BeforeAfterTestCommandBase`1/<ExecuteEnumerable>d__16<System.Reflection.MethodInfo>:MoveNext () (at ./Library/PackageCache/com.unity.test-framework@082c24152fd4/UnityEngine.TestRunner/NUnitExtensions/Commands/BeforeAfterTestCommandBase.cs:212)
UnityEngine.TestTools.BeforeAfterTestCommandBase`1/<ExecuteEnumerable>d__16<UnityEngine.TestTools.IOuterUnityTestAction>:MoveNext () (at ./Library/PackageCache/com.unity.test-framework@082c24152fd4/UnityEngine.TestRunner/NUnitExtensions/Commands/BeforeAfterTestCommandBase.cs:212)
UnityEngine.TestTools.RetryCommand/<ExecuteEnumerable>d__2:MoveNext () (at ./Library/PackageCache/com.unity.test-framework@082c24152fd4/UnityEngine.TestRunner/NUnitExtensions/Commands/RetryCommand.cs:37)
UnityEngine.TestTools.RepeatCommand/<ExecuteEnumerable>d__2:MoveNext () (at ./Library/PackageCache/com.unity.test-framework@082c24152fd4/UnityEngine.TestRunner/NUnitExtensions/Commands/RepeatCommand.cs:36)
UnityEngine.TestTools.IgnoreTestCommand/<ExecuteEnumerable>d__3:MoveNext () (at ./Library/PackageCache/com.unity.test-framework@082c24152fd4/UnityEngine.TestRunner/NUnitExtensions/Commands/IgnoreTestCommand.cs:42)
UnityEngine.TestTools.StrictCheckCommand/<ExecuteEnumerable>d__2:MoveNext () (at ./Library/PackageCache/com.unity.test-framework@082c24152fd4/UnityEngine.TestRunner/NUnitExtensions/Commands/StrictCheckCommand.cs:29)
UnityEngine.TestTools.Utils.CoroutineRunner/<WrapEnumeratorForChecks>d__8:MoveNext () (at ./Library/PackageCache/com.unity.test-framework@082c24152fd4/UnityEngine.TestRunner/Utils/CoroutineRunner.cs:58)
UnityEngine.SetupCoroutine:InvokeMoveNext (System.Collections.IEnumerator,intptr)

(Filename: Assets/WorkbenchArea/Tests/PlayMode/WorkbenchAreaPlayTests.cs Line: 35)

[WorkbenchAreaTest] 游戏镜头被挡：Toolbox_Tier1→Toolbox_Tier2；螺钉头最小 5.7px
UnityEngine.Debug:ExtractStackTraceNoAlloc (byte*,int,string)
UnityEngine.StackTraceUtility:ExtractStackTrace ()
UnityEngine.DebugLogHandler:Internal_Log (UnityEngine.LogType,UnityEngine.LogOption,string,UnityEngine.Object)
UnityEngine.DebugLogHandler:LogFormat (UnityEngine.LogType,UnityEngine.Object,string,object[])
UnityEngine.Logger:Log (UnityEngine.LogType,object)
UnityEngine.Debug:Log (object)
WorkbenchArea.Tests.WorkbenchAreaPlayTests:Write (string) (at Assets/WorkbenchArea/Tests/PlayMode/WorkbenchAreaPlayTests.cs:35)
WorkbenchArea.Tests.WorkbenchAreaPlayTests/<Cameras_KeyTargetsClickable_AndSmallPartSize>d__13:MoveNext () (at Assets/WorkbenchArea/Tests/PlayMode/WorkbenchAreaPlayTests.cs:122)
UnityEngine.TestTools.TestEnumerator/<Execute>d__7:MoveNext () (at ./Library/PackageCache/com.unity.test-framework@082c24152fd4/UnityEngine.TestRunner/NUnitExtensions/Attributes/TestEnumerator.cs:44)
UnityEngine.TestTools.EnumerableTestMethodCommand/<ExecuteEnumerableAndRecordExceptions>d__4:MoveNext () (at ./Library/PackageCache/com.unity.test-framework@082c24152fd4/UnityEngine.TestRunner/NUnitExtensions/Commands/EnumerableTestMethodCommand.cs:79)
UnityEngine.TestTools.EnumerableTestMethodCommand:AdvanceEnumerator (System.Collections.IEnumerator) (at ./Library/PackageCache/com.unity.test-framework@082c24152fd4/UnityEngine.TestRunner/NUnitExtensions/Commands/EnumerableTestMethodCommand.cs:64)
UnityEngine.TestTools.EnumerableTestMethodCommand/<ExecuteEnumerable>d__2:MoveNext () (at ./Library/PackageCache/com.unity.test-framework@082c24152fd4/UnityEngine.TestRunner/NUnitExtensions/Commands/EnumerableTestMethodCommand.cs:47)
UnityEngine.TestRunner.NUnitExtensions.Runner.UnityLogCheckDelegatingCommand/<ExecuteEnumerable>d__3:MoveNext () (at ./Library/PackageCache/com.unity.test-framework@082c24152fd4/UnityEngine.TestRunner/NUnitExtensions/Runner/UnityLogCheckDelegatingCommand.cs:48)
UnityEngine.TestTools.BeforeAfterTestCommandBase`1/<ExecuteEnumerable>d__16<NUnit.Framework.ITestAction>:MoveNext () (at ./Library/PackageCache/com.unity.test-framework@082c24152fd4/UnityEngine.TestRunner/NUnitExtensions/Commands/BeforeAfterTestCommandBase.cs:212)
UnityEngine.TestTools.BeforeAfterTestCommandBase`1/<ExecuteEnumerable>d__16<System.Reflection.MethodInfo>:MoveNext () (at ./Library/PackageCache/com.unity.test-framework@082c24152fd4/UnityEngine.TestRunner/NUnitExtensions/Commands/BeforeAfterTestCommandBase.cs:212)
UnityEngine.TestTools.BeforeAfterTestCommandBase`1/<ExecuteEnumerable>d__16<System.Reflection.MethodInfo>:MoveNext () (at ./Library/PackageCache/com.unity.test-framework@082c24152fd4/UnityEngine.TestRunner/NUnitExtensions/Commands/BeforeAfterTestCommandBase.cs:212)
UnityEngine.TestTools.BeforeAfterTestCommandBase`1/<ExecuteEnumerable>d__16<UnityEngine.TestTools.IOuterUnityTestAction>:MoveNext () (at ./Library/PackageCache/com.unity.test-framework@082c24152fd4/UnityEngine.TestRunner/NUnitExtensions/Commands/BeforeAfterTestCommandBase.cs:212)
UnityEngine.TestTools.RetryCommand/<ExecuteEnumerable>d__2:MoveNext () (at ./Library/PackageCache/com.unity.test-framework@082c24152fd4/UnityEngine.TestRunner/NUnitExtensions/Commands/RetryCommand.cs:37)
UnityEngine.TestTools.RepeatCommand/<ExecuteEnumerable>d__2:MoveNext () (at ./Library/PackageCache/com.unity.test-framework@082c24152fd4/UnityEngine.TestRunner/NUnitExtensions/Commands/RepeatCommand.cs:36)
UnityEngine.TestTools.IgnoreTestCommand/<ExecuteEnumerable>d__3:MoveNext () (at ./Library/PackageCache/com.unity.test-framework@082c24152fd4/UnityEngine.TestRunner/NUnitExtensions/Commands/IgnoreTestCommand.cs:42)
UnityEngine.TestTools.StrictCheckCommand/<ExecuteEnumerable>d__2:MoveNext () (at ./Library/PackageCache/com.unity.test-framework@082c24152fd4/UnityEngine.TestRunner/NUnitExtensions/Commands/StrictCheckCommand.cs:29)
UnityEngine.TestTools.Utils.CoroutineRunner/<WrapEnumeratorForChecks>d__8:MoveNext () (at ./Library/PackageCache/com.unity.test-framework@082c24152fd4/UnityEngine.TestRunner/Utils/CoroutineRunner.cs:58)
UnityEngine.SetupCoroutine:InvokeMoveNext (System.Collections.IEnumerator,intptr)

(Filename: Assets/WorkbenchArea/Tests/PlayMode/WorkbenchAreaPlayTests.cs Line: 35)

[WorkbenchAreaTest] 近距镜头点选：Placeholder_Prosthetic_Screw_1 可点 9/9 检查区 69px; Placeholder_Prosthetic_Screw_2 可点 9/9 检查区 64px; Placeholder_Prosthetic_Screw_3 可点 9/9 检查区 58px; Placeholder_Prosthetic_Screw_4 可点 9/9 检查区 54px; Placeholder_Prosthetic_Cover 可点 9/9 检查区 553px; Placeholder_Prosthetic_Connector 可点 5/9 检查区 166px; Placeholder_Prosthetic_FaultLED 可点 9/9 检查区 69px; Tray_Screws 可点 9/9 检查区 636px; Tray_OldParts 可点 9/9 检查区 583px; Diag_Probe 可点 9/9 检查区 355px; Diag_Knob_Gain 可点 9/9 检查区 146px; Diag_Switch_Power 可点 9/9 检查区 110px; Toolbox_Tier1 可点 2/9 检查区 955px; Records_RepairLog 可点 9/9 检查区 773px; Lamp_Head 可点 9/9 检查区 695px; 
UnityEngine.Debug:ExtractStackTraceNoAlloc (byte*,int,string)
UnityEngine.StackTraceUtility:ExtractStackTrace ()
UnityEngine.DebugLogHandler:Internal_Log (UnityEngine.LogType,UnityEngine.LogOption,string,UnityEngine.Object)
UnityEngine.DebugLogHandler:LogFormat (UnityEngine.LogType,UnityEngine.Object,string,object[])
UnityEngine.Logger:Log (UnityEngine.LogType,object)
UnityEngine.Debug:Log (object)
WorkbenchArea.Tests.WorkbenchAreaPlayTests:Write (string) (at Assets/WorkbenchArea/Tests/PlayMode/WorkbenchAreaPlayTests.cs:35)
WorkbenchArea.Tests.WorkbenchAreaPlayTests/<Cameras_KeyTargetsClickable_AndSmallPartSize>d__13:MoveNext () (at Assets/WorkbenchArea/Tests/PlayMode/WorkbenchAreaPlayTests.cs:123)
UnityEngine.TestTools.TestEnumerator/<Execute>d__7:MoveNext () (at ./Library/PackageCache/com.unity.test-framework@082c24152fd4/UnityEngine.TestRunner/NUnitExtensions/Attributes/TestEnumerator.cs:44)
UnityEngine.TestTools.EnumerableTestMethodCommand/<ExecuteEnumerableAndRecordExceptions>d__4:MoveNext () (at ./Library/PackageCache/com.unity.test-framework@082c24152fd4/UnityEngine.TestRunner/NUnitExtensions/Commands/EnumerableTestMethodCommand.cs:79)
UnityEngine.TestTools.EnumerableTestMethodCommand:AdvanceEnumerator (System.Collections.IEnumerator) (at ./Library/PackageCache/com.unity.test-framework@082c24152fd4/UnityEngine.TestRunner/NUnitExtensions/Commands/EnumerableTestMethodCommand.cs:64)
UnityEngine.TestTools.EnumerableTestMethodCommand/<ExecuteEnumerable>d__2:MoveNext () (at ./Library/PackageCache/com.unity.test-framework@082c24152fd4/UnityEngine.TestRunner/NUnitExtensions/Commands/EnumerableTestMethodCommand.cs:47)
UnityEngine.TestRunner.NUnitExtensions.Runner.UnityLogCheckDelegatingCommand/<ExecuteEnumerable>d__3:MoveNext () (at ./Library/PackageCache/com.unity.test-framework@082c24152fd4/UnityEngine.TestRunner/NUnitExtensions/Runner/UnityLogCheckDelegatingCommand.cs:48)
UnityEngine.TestTools.BeforeAfterTestCommandBase`1/<ExecuteEnumerable>d__16<NUnit.Framework.ITestAction>:MoveNext () (at ./Library/PackageCache/com.unity.test-framework@082c24152fd4/UnityEngine.TestRunner/NUnitExtensions/Commands/BeforeAfterTestCommandBase.cs:212)
UnityEngine.TestTools.BeforeAfterTestCommandBase`1/<ExecuteEnumerable>d__16<System.Reflection.MethodInfo>:MoveNext () (at ./Library/PackageCache/com.unity.test-framework@082c24152fd4/UnityEngine.TestRunner/NUnitExtensions/Commands/BeforeAfterTestCommandBase.cs:212)
UnityEngine.TestTools.BeforeAfterTestCommandBase`1/<ExecuteEnumerable>d__16<System.Reflection.MethodInfo>:MoveNext () (at ./Library/PackageCache/com.unity.test-framework@082c24152fd4/UnityEngine.TestRunner/NUnitExtensions/Commands/BeforeAfterTestCommandBase.cs:212)
UnityEngine.TestTools.BeforeAfterTestCommandBase`1/<ExecuteEnumerable>d__16<UnityEngine.TestTools.IOuterUnityTestAction>:MoveNext () (at ./Library/PackageCache/com.unity.test-framework@082c24152fd4/UnityEngine.TestRunner/NUnitExtensions/Commands/BeforeAfterTestCommandBase.cs:212)
UnityEngine.TestTools.RetryCommand/<ExecuteEnumerable>d__2:MoveNext () (at ./Library/PackageCache/com.unity.test-framework@082c24152fd4/UnityEngine.TestRunner/NUnitExtensions/Commands/RetryCommand.cs:37)
UnityEngine.TestTools.RepeatCommand/<ExecuteEnumerable>d__2:MoveNext () (at ./Library/PackageCache/com.unity.test-framework@082c24152fd4/UnityEngine.TestRunner/NUnitExtensions/Commands/RepeatCommand.cs:36)
UnityEngine.TestTools.IgnoreTestCommand/<ExecuteEnumerable>d__3:MoveNext () (at ./Library/PackageCache/com.unity.test-framework@082c24152fd4/UnityEngine.TestRunner/NUnitExtensions/Commands/IgnoreTestCommand.cs:42)
UnityEngine.TestTools.StrictCheckCommand/<ExecuteEnumerable>d__2:MoveNext () (at ./Library/PackageCache/com.unity.test-framework@082c24152fd4/UnityEngine.TestRunner/NUnitExtensions/Commands/StrictCheckCommand.cs:29)
UnityEngine.TestTools.Utils.CoroutineRunner/<WrapEnumeratorForChecks>d__8:MoveNext () (at ./Library/PackageCache/com.unity.test-framework@082c24152fd4/UnityEngine.TestRunner/Utils/CoroutineRunner.cs:58)
UnityEngine.SetupCoroutine:InvokeMoveNext (System.Collections.IEnumerator,intptr)

(Filename: Assets/WorkbenchArea/Tests/PlayMode/WorkbenchAreaPlayTests.cs Line: 35)

[WorkbenchAreaTest] 近距镜头被挡：无；螺钉头最小 11.7px
UnityEngine.Debug:ExtractStackTraceNoAlloc (byte*,int,string)
UnityEngine.StackTraceUtility:ExtractStackTrace ()
UnityEngine.DebugLogHandler:Internal_Log (UnityEngine.LogType,UnityEngine.LogOption,string,UnityEngine.Object)
UnityEngine.DebugLogHandler:LogFormat (UnityEngine.LogType,UnityEngine.Object,string,object[])
UnityEngine.Logger:Log (UnityEngine.LogType,object)
UnityEngine.Debug:Log (object)
WorkbenchArea.Tests.WorkbenchAreaPlayTests:Write (string) (at Assets/WorkbenchArea/Tests/PlayMode/WorkbenchAreaPlayTests.cs:35)
WorkbenchArea.Tests.WorkbenchAreaPlayTests/<Cameras_KeyTargetsClickable_AndSmallPartSize>d__13:MoveNext () (at Assets/WorkbenchArea/Tests/PlayMode/WorkbenchAreaPlayTests.cs:124)
UnityEngine.TestTools.TestEnumerator/<Execute>d__7:MoveNext () (at ./Library/PackageCache/com.unity.test-framework@082c24152fd4/UnityEngine.TestRunner/NUnitExtensions/Attributes/TestEnumerator.cs:44)
UnityEngine.TestTools.EnumerableTestMethodCommand/<ExecuteEnumerableAndRecordExceptions>d__4:MoveNext () (at ./Library/PackageCache/com.unity.test-framework@082c24152fd4/UnityEngine.TestRunner/NUnitExtensions/Commands/EnumerableTestMethodCommand.cs:79)
UnityEngine.TestTools.EnumerableTestMethodCommand:AdvanceEnumerator (System.Collections.IEnumerator) (at ./Library/PackageCache/com.unity.test-framework@082c24152fd4/UnityEngine.TestRunner/NUnitExtensions/Commands/EnumerableTestMethodCommand.cs:64)
UnityEngine.TestTools.EnumerableTestMethodCommand/<ExecuteEnumerable>d__2:MoveNext () (at ./Library/PackageCache/com.unity.test-framework@082c24152fd4/UnityEngine.TestRunner/NUnitExtensions/Commands/EnumerableTestMethodCommand.cs:47)
UnityEngine.TestRunner.NUnitExtensions.Runner.UnityLogCheckDelegatingCommand/<ExecuteEnumerable>d__3:MoveNext () (at ./Library/PackageCache/com.unity.test-framework@082c24152fd4/UnityEngine.TestRunner/NUnitExtensions/Runner/UnityLogCheckDelegatingCommand.cs:48)
UnityEngine.TestTools.BeforeAfterTestCommandBase`1/<ExecuteEnumerable>d__16<NUnit.Framework.ITestAction>:MoveNext () (at ./Library/PackageCache/com.unity.test-framework@082c24152fd4/UnityEngine.TestRunner/NUnitExtensions/Commands/BeforeAfterTestCommandBase.cs:212)
UnityEngine.TestTools.BeforeAfterTestCommandBase`1/<ExecuteEnumerable>d__16<System.Reflection.MethodInfo>:MoveNext () (at ./Library/PackageCache/com.unity.test-framework@082c24152fd4/UnityEngine.TestRunner/NUnitExtensions/Commands/BeforeAfterTestCommandBase.cs:212)
UnityEngine.TestTools.BeforeAfterTestCommandBase`1/<ExecuteEnumerable>d__16<System.Reflection.MethodInfo>:MoveNext () (at ./Library/PackageCache/com.unity.test-framework@082c24152fd4/UnityEngine.TestRunner/NUnitExtensions/Commands/BeforeAfterTestCommandBase.cs:212)
UnityEngine.TestTools.BeforeAfterTestCommandBase`1/<ExecuteEnumerable>d__16<UnityEngine.TestTools.IOuterUnityTestAction>:MoveNext () (at ./Library/PackageCache/com.unity.test-framework@082c24152fd4/UnityEngine.TestRunner/NUnitExtensions/Commands/BeforeAfterTestCommandBase.cs:212)
UnityEngine.TestTools.RetryCommand/<ExecuteEnumerable>d__2:MoveNext () (at ./Library/PackageCache/com.unity.test-framework@082c24152fd4/UnityEngine.TestRunner/NUnitExtensions/Commands/RetryCommand.cs:37)
UnityEngine.TestTools.RepeatCommand/<ExecuteEnumerable>d__2:MoveNext () (at ./Library/PackageCache/com.unity.test-framework@082c24152fd4/UnityEngine.TestRunner/NUnitExtensions/Commands/RepeatCommand.cs:36)
UnityEngine.TestTools.IgnoreTestCommand/<ExecuteEnumerable>d__3:MoveNext () (at ./Library/PackageCache/com.unity.test-framework@082c24152fd4/UnityEngine.TestRunner/NUnitExtensions/Commands/IgnoreTestCommand.cs:42)
UnityEngine.TestTools.StrictCheckCommand/<ExecuteEnumerable>d__2:MoveNext () (at ./Library/PackageCache/com.unity.test-framework@082c24152fd4/UnityEngine.TestRunner/NUnitExtensions/Commands/StrictCheckCommand.cs:29)
UnityEngine.TestTools.Utils.CoroutineRunner/<WrapEnumeratorForChecks>d__8:MoveNext () (at ./Library/PackageCache/com.unity.test-framework@082c24152fd4/UnityEngine.TestRunner/Utils/CoroutineRunner.cs:58)
UnityEngine.SetupCoroutine:InvokeMoveNext (System.Collections.IEnumerator,intptr)

(Filename: Assets/WorkbenchArea/Tests/PlayMode/WorkbenchAreaPlayTests.cs Line: 35)

Unloading 3 Unused Serialized files (Serialized files now loaded: 0)
UnloadTime: 0.560100 ms
Loaded scene 'Assets/WorkbenchArea/Scenes/WorkbenchArea_Test.unity'
	Deserialize:            8.358 ms
	Integration:            167.307 ms
	Integration of assets:  1.551 ms
	Thread Wait Time:       0.154 ms
	Total Operation Time:   177.369 ms
Unloading 991 unused Assets / (0.7 MB). Loaded Objects now: 8711.
Memory consumption went from 218.0 MB to 217.4 MB.
Total: 15.846700 ms (FindLiveObjects: 0.463000 ms CreateObjectMapping: 0.259900 ms MarkObjects: 14.445100 ms  DeleteObjects: 0.677200 ms)

Unloading 3 Unused Serialized files (Serialized files now loaded: 0)
UnloadTime: 0.555900 ms
Loaded scene 'Assets/WorkbenchArea/Scenes/WorkbenchArea_Test.unity'
	Deserialize:            9.618 ms
	Integration:            171.932 ms
	Integration of assets:  1.618 ms
	Thread Wait Time:       0.132 ms
	Total Operation Time:   183.299 ms
Unloading 991 unused Assets / (0.7 MB). Loaded Objects now: 8711.
Memory consumption went from 218.2 MB to 217.5 MB.
Total: 15.960800 ms (FindLiveObjects: 0.518100 ms CreateObjectMapping: 0.361400 ms MarkObjects: 14.384700 ms  DeleteObjects: 0.695700 ms)

[WorkbenchAreaTest] 模拟鼠标（Input System 虚拟鼠标，非真人）：悬停托盘 → HUD“Tray_Screws”；点击托盘 → 【占位】已取出 Tray_Screws；悬停工具箱上层 → 提示“下面的 Toolbox_Tier1 被它挡住：点击工具箱上层或按 U 先移开它（占位）”；近距镜头悬停螺钉 → “【占位】Placeholder_Prosthetic_Screw_1”
UnityEngine.Debug:ExtractStackTraceNoAlloc (byte*,int,string)
UnityEngine.StackTraceUtility:ExtractStackTrace ()
UnityEngine.DebugLogHandler:Internal_Log (UnityEngine.LogType,UnityEngine.LogOption,string,UnityEngine.Object)
UnityEngine.DebugLogHandler:LogFormat (UnityEngine.LogType,UnityEngine.Object,string,object[])
UnityEngine.Logger:Log (UnityEngine.LogType,object)
UnityEngine.Debug:Log (object)
WorkbenchArea.Tests.WorkbenchAreaPlayTests:Write (string) (at Assets/WorkbenchArea/Tests/PlayMode/WorkbenchAreaPlayTests.cs:35)
WorkbenchArea.Tests.WorkbenchAreaPlayTests/<Mouse_SimulatedHoverAndClickThroughInputSystem>d__22:MoveNext () (at Assets/WorkbenchArea/Tests/PlayMode/WorkbenchAreaPlayTests.cs:429)
UnityEngine.TestTools.TestEnumerator/<Execute>d__7:MoveNext () (at ./Library/PackageCache/com.unity.test-framework@082c24152fd4/UnityEngine.TestRunner/NUnitExtensions/Attributes/TestEnumerator.cs:44)
UnityEngine.TestTools.EnumerableTestMethodCommand/<ExecuteEnumerableAndRecordExceptions>d__4:MoveNext () (at ./Library/PackageCache/com.unity.test-framework@082c24152fd4/UnityEngine.TestRunner/NUnitExtensions/Commands/EnumerableTestMethodCommand.cs:79)
UnityEngine.TestTools.EnumerableTestMethodCommand:AdvanceEnumerator (System.Collections.IEnumerator) (at ./Library/PackageCache/com.unity.test-framework@082c24152fd4/UnityEngine.TestRunner/NUnitExtensions/Commands/EnumerableTestMethodCommand.cs:64)
UnityEngine.TestTools.EnumerableTestMethodCommand/<ExecuteEnumerable>d__2:MoveNext () (at ./Library/PackageCache/com.unity.test-framework@082c24152fd4/UnityEngine.TestRunner/NUnitExtensions/Commands/EnumerableTestMethodCommand.cs:47)
UnityEngine.TestRunner.NUnitExtensions.Runner.UnityLogCheckDelegatingCommand/<ExecuteEnumerable>d__3:MoveNext () (at ./Library/PackageCache/com.unity.test-framework@082c24152fd4/UnityEngine.TestRunner/NUnitExtensions/Runner/UnityLogCheckDelegatingCommand.cs:48)
UnityEngine.TestTools.BeforeAfterTestCommandBase`1/<ExecuteEnumerable>d__16<NUnit.Framework.ITestAction>:MoveNext () (at ./Library/PackageCache/com.unity.test-framework@082c24152fd4/UnityEngine.TestRunner/NUnitExtensions/Commands/BeforeAfterTestCommandBase.cs:212)
UnityEngine.TestTools.BeforeAfterTestCommandBase`1/<ExecuteEnumerable>d__16<System.Reflection.MethodInfo>:MoveNext () (at ./Library/PackageCache/com.unity.test-framework@082c24152fd4/UnityEngine.TestRunner/NUnitExtensions/Commands/BeforeAfterTestCommandBase.cs:212)
UnityEngine.TestTools.BeforeAfterTestCommandBase`1/<ExecuteEnumerable>d__16<System.Reflection.MethodInfo>:MoveNext () (at ./Library/PackageCache/com.unity.test-framework@082c24152fd4/UnityEngine.TestRunner/NUnitExtensions/Commands/BeforeAfterTestCommandBase.cs:212)
UnityEngine.TestTools.BeforeAfterTestCommandBase`1/<ExecuteEnumerable>d__16<UnityEngine.TestTools.IOuterUnityTestAction>:MoveNext () (at ./Library/PackageCache/com.unity.test-framework@082c24152fd4/UnityEngine.TestRunner/NUnitExtensions/Commands/BeforeAfterTestCommandBase.cs:212)
UnityEngine.TestTools.RetryCommand/<ExecuteEnumerable>d__2:MoveNext () (at ./Library/PackageCache/com.unity.test-framework@082c24152fd4/UnityEngine.TestRunner/NUnitExtensions/Commands/RetryCommand.cs:37)
UnityEngine.TestTools.RepeatCommand/<ExecuteEnumerable>d__2:MoveNext () (at ./Library/PackageCache/com.unity.test-framework@082c24152fd4/UnityEngine.TestRunner/NUnitExtensions/Commands/RepeatCommand.cs:36)
UnityEngine.TestTools.IgnoreTestCommand/<ExecuteEnumerable>d__3:MoveNext () (at ./Library/PackageCache/com.unity.test-framework@082c24152fd4/UnityEngine.TestRunner/NUnitExtensions/Commands/IgnoreTestCommand.cs:42)
UnityEngine.TestTools.StrictCheckCommand/<ExecuteEnumerable>d__2:MoveNext () (at ./Library/PackageCache/com.unity.test-framework@082c24152fd4/UnityEngine.TestRunner/NUnitExtensions/Commands/StrictCheckCommand.cs:29)
UnityEngine.TestTools.Utils.CoroutineRunner/<WrapEnumeratorForChecks>d__8:MoveNext () (at ./Library/PackageCache/com.unity.test-framework@082c24152fd4/UnityEngine.TestRunner/Utils/CoroutineRunner.cs:58)
UnityEngine.SetupCoroutine:InvokeMoveNext (System.Collections.IEnumerator,intptr)

(Filename: Assets/WorkbenchArea/Tests/PlayMode/WorkbenchAreaPlayTests.cs Line: 35)

Unloading 3 Unused Serialized files (Serialized files now loaded: 0)
UnloadTime: 1.791000 ms
Loaded scene 'Assets/WorkbenchArea/Scenes/WorkbenchArea_Test.unity'
	Deserialize:            7.930 ms
	Integration:            172.949 ms
	Integration of assets:  1.594 ms
	Thread Wait Time:       0.226 ms
	Total Operation Time:   182.699 ms
Unloading 991 unused Assets / (1.0 MB). Loaded Objects now: 8711.
Memory consumption went from 218.0 MB to 217.0 MB.
Total: 20.113300 ms (FindLiveObjects: 0.532000 ms CreateObjectMapping: 0.359700 ms MarkObjects: 18.522200 ms  DeleteObjects: 0.698400 ms)

[WorkbenchAreaTest] 占位拆装：4 颗螺钉 → 螺钉托盘、盖板 → COVER 停放框，途中碰撞 无；盖板停放包围盒 (-0.360, 0.904, -0.334)–(-0.140, 0.911, -0.266)，距停放框四边 15.0 / 15.0 / 31.0 / 31.0 mm
UnityEngine.Debug:ExtractStackTraceNoAlloc (byte*,int,string)
UnityEngine.StackTraceUtility:ExtractStackTrace ()
UnityEngine.DebugLogHandler:Internal_Log (UnityEngine.LogType,UnityEngine.LogOption,string,UnityEngine.Object)
UnityEngine.DebugLogHandler:LogFormat (UnityEngine.LogType,UnityEngine.Object,string,object[])
UnityEngine.Logger:Log (UnityEngine.LogType,object)
UnityEngine.Debug:Log (object)
WorkbenchArea.Tests.WorkbenchAreaPlayTests:Write (string) (at Assets/WorkbenchArea/Tests/PlayMode/WorkbenchAreaPlayTests.cs:35)
WorkbenchArea.Tests.WorkbenchAreaPlayTests/<Placeholder_DisassemblyPathClearAndReversible>d__19:MoveNext () (at Assets/WorkbenchArea/Tests/PlayMode/WorkbenchAreaPlayTests.cs:258)
UnityEngine.TestTools.TestEnumerator/<Execute>d__7:MoveNext () (at ./Library/PackageCache/com.unity.test-framework@082c24152fd4/UnityEngine.TestRunner/NUnitExtensions/Attributes/TestEnumerator.cs:44)
UnityEngine.TestTools.EnumerableTestMethodCommand/<ExecuteEnumerableAndRecordExceptions>d__4:MoveNext () (at ./Library/PackageCache/com.unity.test-framework@082c24152fd4/UnityEngine.TestRunner/NUnitExtensions/Commands/EnumerableTestMethodCommand.cs:79)
UnityEngine.TestTools.EnumerableTestMethodCommand:AdvanceEnumerator (System.Collections.IEnumerator) (at ./Library/PackageCache/com.unity.test-framework@082c24152fd4/UnityEngine.TestRunner/NUnitExtensions/Commands/EnumerableTestMethodCommand.cs:64)
UnityEngine.TestTools.EnumerableTestMethodCommand/<ExecuteEnumerable>d__2:MoveNext () (at ./Library/PackageCache/com.unity.test-framework@082c24152fd4/UnityEngine.TestRunner/NUnitExtensions/Commands/EnumerableTestMethodCommand.cs:47)
UnityEngine.TestRunner.NUnitExtensions.Runner.UnityLogCheckDelegatingCommand/<ExecuteEnumerable>d__3:MoveNext () (at ./Library/PackageCache/com.unity.test-framework@082c24152fd4/UnityEngine.TestRunner/NUnitExtensions/Runner/UnityLogCheckDelegatingCommand.cs:48)
UnityEngine.TestTools.BeforeAfterTestCommandBase`1/<ExecuteEnumerable>d__16<NUnit.Framework.ITestAction>:MoveNext () (at ./Library/PackageCache/com.unity.test-framework@082c24152fd4/UnityEngine.TestRunner/NUnitExtensions/Commands/BeforeAfterTestCommandBase.cs:212)
UnityEngine.TestTools.BeforeAfterTestCommandBase`1/<ExecuteEnumerable>d__16<System.Reflection.MethodInfo>:MoveNext () (at ./Library/PackageCache/com.unity.test-framework@082c24152fd4/UnityEngine.TestRunner/NUnitExtensions/Commands/BeforeAfterTestCommandBase.cs:212)
UnityEngine.TestTools.BeforeAfterTestCommandBase`1/<ExecuteEnumerable>d__16<System.Reflection.MethodInfo>:MoveNext () (at ./Library/PackageCache/com.unity.test-framework@082c24152fd4/UnityEngine.TestRunner/NUnitExtensions/Commands/BeforeAfterTestCommandBase.cs:212)
UnityEngine.TestTools.BeforeAfterTestCommandBase`1/<ExecuteEnumerable>d__16<UnityEngine.TestTools.IOuterUnityTestAction>:MoveNext () (at ./Library/PackageCache/com.unity.test-framework@082c24152fd4/UnityEngine.TestRunner/NUnitExtensions/Commands/BeforeAfterTestCommandBase.cs:212)
UnityEngine.TestTools.RetryCommand/<ExecuteEnumerable>d__2:MoveNext () (at ./Library/PackageCache/com.unity.test-framework@082c24152fd4/UnityEngine.TestRunner/NUnitExtensions/Commands/RetryCommand.cs:37)
UnityEngine.TestTools.RepeatCommand/<ExecuteEnumerable>d__2:MoveNext () (at ./Library/PackageCache/com.unity.test-framework@082c24152fd4/UnityEngine.TestRunner/NUnitExtensions/Commands/RepeatCommand.cs:36)
UnityEngine.TestTools.IgnoreTestCommand/<ExecuteEnumerable>d__3:MoveNext () (at ./Library/PackageCache/com.unity.test-framework@082c24152fd4/UnityEngine.TestRunner/NUnitExtensions/Commands/IgnoreTestCommand.cs:42)
UnityEngine.TestTools.StrictCheckCommand/<ExecuteEnumerable>d__2:MoveNext () (at ./Library/PackageCache/com.unity.test-framework@082c24152fd4/UnityEngine.TestRunner/NUnitExtensions/Commands/StrictCheckCommand.cs:29)
UnityEngine.TestTools.Utils.CoroutineRunner/<WrapEnumeratorForChecks>d__8:MoveNext () (at ./Library/PackageCache/com.unity.test-framework@082c24152fd4/UnityEngine.TestRunner/Utils/CoroutineRunner.cs:58)
UnityEngine.SetupCoroutine:InvokeMoveNext (System.Collections.IEnumerator,intptr)

(Filename: Assets/WorkbenchArea/Tests/PlayMode/WorkbenchAreaPlayTests.cs Line: 35)

[WorkbenchAreaTest] 占位装回：全部回到原位（误差 < 0.1 mm）
UnityEngine.Debug:ExtractStackTraceNoAlloc (byte*,int,string)
UnityEngine.StackTraceUtility:ExtractStackTrace ()
UnityEngine.DebugLogHandler:Internal_Log (UnityEngine.LogType,UnityEngine.LogOption,string,UnityEngine.Object)
UnityEngine.DebugLogHandler:LogFormat (UnityEngine.LogType,UnityEngine.Object,string,object[])
UnityEngine.Logger:Log (UnityEngine.LogType,object)
UnityEngine.Debug:Log (object)
WorkbenchArea.Tests.WorkbenchAreaPlayTests:Write (string) (at Assets/WorkbenchArea/Tests/PlayMode/WorkbenchAreaPlayTests.cs:35)
WorkbenchArea.Tests.WorkbenchAreaPlayTests/<Placeholder_DisassemblyPathClearAndReversible>d__19:MoveNext () (at Assets/WorkbenchArea/Tests/PlayMode/WorkbenchAreaPlayTests.cs:266)
UnityEngine.TestTools.TestEnumerator/<Execute>d__7:MoveNext () (at ./Library/PackageCache/com.unity.test-framework@082c24152fd4/UnityEngine.TestRunner/NUnitExtensions/Attributes/TestEnumerator.cs:44)
UnityEngine.TestTools.EnumerableTestMethodCommand/<ExecuteEnumerableAndRecordExceptions>d__4:MoveNext () (at ./Library/PackageCache/com.unity.test-framework@082c24152fd4/UnityEngine.TestRunner/NUnitExtensions/Commands/EnumerableTestMethodCommand.cs:79)
UnityEngine.TestTools.EnumerableTestMethodCommand:AdvanceEnumerator (System.Collections.IEnumerator) (at ./Library/PackageCache/com.unity.test-framework@082c24152fd4/UnityEngine.TestRunner/NUnitExtensions/Commands/EnumerableTestMethodCommand.cs:64)
UnityEngine.TestTools.EnumerableTestMethodCommand/<ExecuteEnumerable>d__2:MoveNext () (at ./Library/PackageCache/com.unity.test-framework@082c24152fd4/UnityEngine.TestRunner/NUnitExtensions/Commands/EnumerableTestMethodCommand.cs:47)
UnityEngine.TestRunner.NUnitExtensions.Runner.UnityLogCheckDelegatingCommand/<ExecuteEnumerable>d__3:MoveNext () (at ./Library/PackageCache/com.unity.test-framework@082c24152fd4/UnityEngine.TestRunner/NUnitExtensions/Runner/UnityLogCheckDelegatingCommand.cs:48)
UnityEngine.TestTools.BeforeAfterTestCommandBase`1/<ExecuteEnumerable>d__16<NUnit.Framework.ITestAction>:MoveNext () (at ./Library/PackageCache/com.unity.test-framework@082c24152fd4/UnityEngine.TestRunner/NUnitExtensions/Commands/BeforeAfterTestCommandBase.cs:212)
UnityEngine.TestTools.BeforeAfterTestCommandBase`1/<ExecuteEnumerable>d__16<System.Reflection.MethodInfo>:MoveNext () (at ./Library/PackageCache/com.unity.test-framework@082c24152fd4/UnityEngine.TestRunner/NUnitExtensions/Commands/BeforeAfterTestCommandBase.cs:212)
UnityEngine.TestTools.BeforeAfterTestCommandBase`1/<ExecuteEnumerable>d__16<System.Reflection.MethodInfo>:MoveNext () (at ./Library/PackageCache/com.unity.test-framework@082c24152fd4/UnityEngine.TestRunner/NUnitExtensions/Commands/BeforeAfterTestCommandBase.cs:212)
UnityEngine.TestTools.BeforeAfterTestCommandBase`1/<ExecuteEnumerable>d__16<UnityEngine.TestTools.IOuterUnityTestAction>:MoveNext () (at ./Library/PackageCache/com.unity.test-framework@082c24152fd4/UnityEngine.TestRunner/NUnitExtensions/Commands/BeforeAfterTestCommandBase.cs:212)
UnityEngine.TestTools.RetryCommand/<ExecuteEnumerable>d__2:MoveNext () (at ./Library/PackageCache/com.unity.test-framework@082c24152fd4/UnityEngine.TestRunner/NUnitExtensions/Commands/RetryCommand.cs:37)
UnityEngine.TestTools.RepeatCommand/<ExecuteEnumerable>d__2:MoveNext () (at ./Library/PackageCache/com.unity.test-framework@082c24152fd4/UnityEngine.TestRunner/NUnitExtensions/Commands/RepeatCommand.cs:36)
UnityEngine.TestTools.IgnoreTestCommand/<ExecuteEnumerable>d__3:MoveNext () (at ./Library/PackageCache/com.unity.test-framework@082c24152fd4/UnityEngine.TestRunner/NUnitExtensions/Commands/IgnoreTestCommand.cs:42)
UnityEngine.TestTools.StrictCheckCommand/<ExecuteEnumerable>d__2:MoveNext () (at ./Library/PackageCache/com.unity.test-framework@082c24152fd4/UnityEngine.TestRunner/NUnitExtensions/Commands/StrictCheckCommand.cs:29)
UnityEngine.TestTools.Utils.CoroutineRunner/<WrapEnumeratorForChecks>d__8:MoveNext () (at ./Library/PackageCache/com.unity.test-framework@082c24152fd4/UnityEngine.TestRunner/Utils/CoroutineRunner.cs:58)
UnityEngine.SetupCoroutine:InvokeMoveNext (System.Collections.IEnumerator,intptr)

(Filename: Assets/WorkbenchArea/Tests/PlayMode/WorkbenchAreaPlayTests.cs Line: 35)

Unloading 3 Unused Serialized files (Serialized files now loaded: 0)
UnloadTime: 0.789700 ms
Loaded scene 'Assets/WorkbenchArea/Scenes/WorkbenchArea_Test.unity'
	Deserialize:            7.693 ms
	Integration:            169.188 ms
	Integration of assets:  0.854 ms
	Thread Wait Time:       0.204 ms
	Total Operation Time:   177.939 ms
Unloading 1667 unused Assets / (1.1 MB). Loaded Objects now: 8711.
Memory consumption went from 218.6 MB to 217.5 MB.
Total: 16.803000 ms (FindLiveObjects: 0.410200 ms CreateObjectMapping: 0.307100 ms MarkObjects: 15.079400 ms  DeleteObjects: 1.005100 ms)

[WorkbenchAreaTest] 托盘取放（占位）：Tray_Screws：抬起 8 cm，拉出 45 cm 到台沿外，取 / 放途中碰撞 无；Tray_OldParts：抬起 8 cm，拉出 65 cm 到台沿外，取 / 放途中碰撞 无；
UnityEngine.Debug:ExtractStackTraceNoAlloc (byte*,int,string)
UnityEngine.StackTraceUtility:ExtractStackTrace ()
UnityEngine.DebugLogHandler:Internal_Log (UnityEngine.LogType,UnityEngine.LogOption,string,UnityEngine.Object)
UnityEngine.DebugLogHandler:LogFormat (UnityEngine.LogType,UnityEngine.Object,string,object[])
UnityEngine.Logger:Log (UnityEngine.LogType,object)
UnityEngine.Debug:Log (object)
WorkbenchArea.Tests.WorkbenchAreaPlayTests:Write (string) (at Assets/WorkbenchArea/Tests/PlayMode/WorkbenchAreaPlayTests.cs:35)
WorkbenchArea.Tests.WorkbenchAreaPlayTests/<Placeholder_TrayTakeAndPut>d__18:MoveNext () (at Assets/WorkbenchArea/Tests/PlayMode/WorkbenchAreaPlayTests.cs:211)
UnityEngine.TestTools.TestEnumerator/<Execute>d__7:MoveNext () (at ./Library/PackageCache/com.unity.test-framework@082c24152fd4/UnityEngine.TestRunner/NUnitExtensions/Attributes/TestEnumerator.cs:44)
UnityEngine.TestTools.EnumerableTestMethodCommand/<ExecuteEnumerableAndRecordExceptions>d__4:MoveNext () (at ./Library/PackageCache/com.unity.test-framework@082c24152fd4/UnityEngine.TestRunner/NUnitExtensions/Commands/EnumerableTestMethodCommand.cs:79)
UnityEngine.TestTools.EnumerableTestMethodCommand:AdvanceEnumerator (System.Collections.IEnumerator) (at ./Library/PackageCache/com.unity.test-framework@082c24152fd4/UnityEngine.TestRunner/NUnitExtensions/Commands/EnumerableTestMethodCommand.cs:64)
UnityEngine.TestTools.EnumerableTestMethodCommand/<ExecuteEnumerable>d__2:MoveNext () (at ./Library/PackageCache/com.unity.test-framework@082c24152fd4/UnityEngine.TestRunner/NUnitExtensions/Commands/EnumerableTestMethodCommand.cs:47)
UnityEngine.TestRunner.NUnitExtensions.Runner.UnityLogCheckDelegatingCommand/<ExecuteEnumerable>d__3:MoveNext () (at ./Library/PackageCache/com.unity.test-framework@082c24152fd4/UnityEngine.TestRunner/NUnitExtensions/Runner/UnityLogCheckDelegatingCommand.cs:48)
UnityEngine.TestTools.BeforeAfterTestCommandBase`1/<ExecuteEnumerable>d__16<NUnit.Framework.ITestAction>:MoveNext () (at ./Library/PackageCache/com.unity.test-framework@082c24152fd4/UnityEngine.TestRunner/NUnitExtensions/Commands/BeforeAfterTestCommandBase.cs:212)
UnityEngine.TestTools.BeforeAfterTestCommandBase`1/<ExecuteEnumerable>d__16<System.Reflection.MethodInfo>:MoveNext () (at ./Library/PackageCache/com.unity.test-framework@082c24152fd4/UnityEngine.TestRunner/NUnitExtensions/Commands/BeforeAfterTestCommandBase.cs:212)
UnityEngine.TestTools.BeforeAfterTestCommandBase`1/<ExecuteEnumerable>d__16<System.Reflection.MethodInfo>:MoveNext () (at ./Library/PackageCache/com.unity.test-framework@082c24152fd4/UnityEngine.TestRunner/NUnitExtensions/Commands/BeforeAfterTestCommandBase.cs:212)
UnityEngine.TestTools.BeforeAfterTestCommandBase`1/<ExecuteEnumerable>d__16<UnityEngine.TestTools.IOuterUnityTestAction>:MoveNext () (at ./Library/PackageCache/com.unity.test-framework@082c24152fd4/UnityEngine.TestRunner/NUnitExtensions/Commands/BeforeAfterTestCommandBase.cs:212)
UnityEngine.TestTools.RetryCommand/<ExecuteEnumerable>d__2:MoveNext () (at ./Library/PackageCache/com.unity.test-framework@082c24152fd4/UnityEngine.TestRunner/NUnitExtensions/Commands/RetryCommand.cs:37)
UnityEngine.TestTools.RepeatCommand/<ExecuteEnumerable>d__2:MoveNext () (at ./Library/PackageCache/com.unity.test-framework@082c24152fd4/UnityEngine.TestRunner/NUnitExtensions/Commands/RepeatCommand.cs:36)
UnityEngine.TestTools.IgnoreTestCommand/<ExecuteEnumerable>d__3:MoveNext () (at ./Library/PackageCache/com.unity.test-framework@082c24152fd4/UnityEngine.TestRunner/NUnitExtensions/Commands/IgnoreTestCommand.cs:42)
UnityEngine.TestTools.StrictCheckCommand/<ExecuteEnumerable>d__2:MoveNext () (at ./Library/PackageCache/com.unity.test-framework@082c24152fd4/UnityEngine.TestRunner/NUnitExtensions/Commands/StrictCheckCommand.cs:29)
UnityEngine.TestTools.Utils.CoroutineRunner/<WrapEnumeratorForChecks>d__8:MoveNext () (at ./Library/PackageCache/com.unity.test-framework@082c24152fd4/UnityEngine.TestRunner/Utils/CoroutineRunner.cs:58)
UnityEngine.SetupCoroutine:InvokeMoveNext (System.Collections.IEnumerator,intptr)

(Filename: Assets/WorkbenchArea/Tests/PlayMode/WorkbenchAreaPlayTests.cs Line: 35)

Unloading 3 Unused Serialized files (Serialized files now loaded: 0)
UnloadTime: 0.773500 ms
Loaded scene 'Assets/WorkbenchArea/Scenes/WorkbenchArea_Test.unity'
	Deserialize:            5.962 ms
	Integration:            166.575 ms
	Integration of assets:  0.955 ms
	Thread Wait Time:       0.251 ms
	Total Operation Time:   173.743 ms
Unloading 1667 unused Assets / (0.5 MB). Loaded Objects now: 8711.
Memory consumption went from 218.6 MB to 218.1 MB.
Total: 16.915800 ms (FindLiveObjects: 0.401100 ms CreateObjectMapping: 0.293700 ms MarkObjects: 15.277500 ms  DeleteObjects: 0.942300 ms)

Unloading 3 Unused Serialized files (Serialized files now loaded: 0)
UnloadTime: 0.574200 ms
Loaded scene 'Assets/WorkbenchArea/Scenes/WorkbenchArea_Test.unity'
	Deserialize:            8.407 ms
	Integration:            170.515 ms
	Integration of assets:  1.620 ms
	Thread Wait Time:       0.284 ms
	Total Operation Time:   180.826 ms
Unloading 991 unused Assets / (0.6 MB). Loaded Objects now: 8711.
Memory consumption went from 218.1 MB to 217.5 MB.
Total: 16.630500 ms (FindLiveObjects: 0.431900 ms CreateObjectMapping: 0.535900 ms MarkObjects: 14.686700 ms  DeleteObjects: 0.974700 ms)

[WorkbenchAreaTest] 工具箱上层移开 / 放回（占位）：上层抬起 15 cm，途中碰撞 无；移开后游戏镜头 8/8 个瞄准点能选中下层；上层在原位时下层悬停提示：“Toolbox_Tier1（被 Toolbox_Tier2 挡住：先移开上层才能取用）”
UnityEngine.Debug:ExtractStackTraceNoAlloc (byte*,int,string)
UnityEngine.StackTraceUtility:ExtractStackTrace ()
UnityEngine.DebugLogHandler:Internal_Log (UnityEngine.LogType,UnityEngine.LogOption,string,UnityEngine.Object)
UnityEngine.DebugLogHandler:LogFormat (UnityEngine.LogType,UnityEngine.Object,string,object[])
UnityEngine.Logger:Log (UnityEngine.LogType,object)
UnityEngine.Debug:Log (object)
WorkbenchArea.Tests.WorkbenchAreaPlayTests:Write (string) (at Assets/WorkbenchArea/Tests/PlayMode/WorkbenchAreaPlayTests.cs:35)
WorkbenchArea.Tests.WorkbenchAreaPlayTests/<Toolbox_LowerTierOnlyAfterUpperTierMoved>d__21:MoveNext () (at Assets/WorkbenchArea/Tests/PlayMode/WorkbenchAreaPlayTests.cs:361)
UnityEngine.TestTools.TestEnumerator/<Execute>d__7:MoveNext () (at ./Library/PackageCache/com.unity.test-framework@082c24152fd4/UnityEngine.TestRunner/NUnitExtensions/Attributes/TestEnumerator.cs:44)
UnityEngine.TestTools.EnumerableTestMethodCommand/<ExecuteEnumerableAndRecordExceptions>d__4:MoveNext () (at ./Library/PackageCache/com.unity.test-framework@082c24152fd4/UnityEngine.TestRunner/NUnitExtensions/Commands/EnumerableTestMethodCommand.cs:79)
UnityEngine.TestTools.EnumerableTestMethodCommand:AdvanceEnumerator (System.Collections.IEnumerator) (at ./Library/PackageCache/com.unity.test-framework@082c24152fd4/UnityEngine.TestRunner/NUnitExtensions/Commands/EnumerableTestMethodCommand.cs:64)
UnityEngine.TestTools.EnumerableTestMethodCommand/<ExecuteEnumerable>d__2:MoveNext () (at ./Library/PackageCache/com.unity.test-framework@082c24152fd4/UnityEngine.TestRunner/NUnitExtensions/Commands/EnumerableTestMethodCommand.cs:47)
UnityEngine.TestRunner.NUnitExtensions.Runner.UnityLogCheckDelegatingCommand/<ExecuteEnumerable>d__3:MoveNext () (at ./Library/PackageCache/com.unity.test-framework@082c24152fd4/UnityEngine.TestRunner/NUnitExtensions/Runner/UnityLogCheckDelegatingCommand.cs:48)
UnityEngine.TestTools.BeforeAfterTestCommandBase`1/<ExecuteEnumerable>d__16<NUnit.Framework.ITestAction>:MoveNext () (at ./Library/PackageCache/com.unity.test-framework@082c24152fd4/UnityEngine.TestRunner/NUnitExtensions/Commands/BeforeAfterTestCommandBase.cs:212)
UnityEngine.TestTools.BeforeAfterTestCommandBase`1/<ExecuteEnumerable>d__16<System.Reflection.MethodInfo>:MoveNext () (at ./Library/PackageCache/com.unity.test-framework@082c24152fd4/UnityEngine.TestRunner/NUnitExtensions/Commands/BeforeAfterTestCommandBase.cs:212)
UnityEngine.TestTools.BeforeAfterTestCommandBase`1/<ExecuteEnumerable>d__16<System.Reflection.MethodInfo>:MoveNext () (at ./Library/PackageCache/com.unity.test-framework@082c24152fd4/UnityEngine.TestRunner/NUnitExtensions/Commands/BeforeAfterTestCommandBase.cs:212)
UnityEngine.TestTools.BeforeAfterTestCommandBase`1/<ExecuteEnumerable>d__16<UnityEngine.TestTools.IOuterUnityTestAction>:MoveNext () (at ./Library/PackageCache/com.unity.test-framework@082c24152fd4/UnityEngine.TestRunner/NUnitExtensions/Commands/BeforeAfterTestCommandBase.cs:212)
UnityEngine.TestTools.RetryCommand/<ExecuteEnumerable>d__2:MoveNext () (at ./Library/PackageCache/com.unity.test-framework@082c24152fd4/UnityEngine.TestRunner/NUnitExtensions/Commands/RetryCommand.cs:37)
UnityEngine.TestTools.RepeatCommand/<ExecuteEnumerable>d__2:MoveNext () (at ./Library/PackageCache/com.unity.test-framework@082c24152fd4/UnityEngine.TestRunner/NUnitExtensions/Commands/RepeatCommand.cs:36)
UnityEngine.TestTools.IgnoreTestCommand/<ExecuteEnumerable>d__3:MoveNext () (at ./Library/PackageCache/com.unity.test-framework@082c24152fd4/UnityEngine.TestRunner/NUnitExtensions/Commands/IgnoreTestCommand.cs:42)
UnityEngine.TestTools.StrictCheckCommand/<ExecuteEnumerable>d__2:MoveNext () (at ./Library/PackageCache/com.unity.test-framework@082c24152fd4/UnityEngine.TestRunner/NUnitExtensions/Commands/StrictCheckCommand.cs:29)
UnityEngine.TestTools.Utils.CoroutineRunner/<WrapEnumeratorForChecks>d__8:MoveNext () (at ./Library/PackageCache/com.unity.test-framework@082c24152fd4/UnityEngine.TestRunner/Utils/CoroutineRunner.cs:58)
UnityEngine.SetupCoroutine:InvokeMoveNext (System.Collections.IEnumerator,intptr)

(Filename: Assets/WorkbenchArea/Tests/PlayMode/WorkbenchAreaPlayTests.cs Line: 35)

Saving results to: C:/Users/Administrator/AppData/LocalLow/DefaultCompany/BorderRepairStation\TestResults.xml
Saving results to: C:\Users\Administrator\Documents\Codex\clinic-int\Logs\UnifiedClinicFullProjectPlay.xml
Unloading 2 Unused Serialized files (Serialized files now loaded: 0)
Loaded scene 'Temp/__Backupscenes/0.backup'
	Deserialize:            0.483 ms
	Integration:            161.516 ms
	Integration of assets:  0.002 ms
	Thread Wait Time:       0.013 ms
	Total Operation Time:   162.013 ms
Unloading 837 unused Assets / (3.0 MB). Loaded Objects now: 7465.
Memory consumption went from 208.1 MB to 205.0 MB.
Total: 17.724100 ms (FindLiveObjects: 0.447400 ms CreateObjectMapping: 0.340200 ms MarkObjects: 15.459100 ms  DeleteObjects: 1.476000 ms)

[Licensing::Client] Successfully resolved entitlement details
Assertion failed
UnityEngine.Debug:ExtractStackTraceNoAlloc (byte*,int,string)
UnityEngine.StackTraceUtility:ExtractStackTrace ()
UnityEngine.DebugLogHandler:Internal_Log (UnityEngine.LogType,UnityEngine.LogOption,string,UnityEngine.Object)
UnityEngine.DebugLogHandler:LogFormat (UnityEngine.LogType,UnityEngine.Object,string,object[])
UnityEngine.Logger:Log (UnityEngine.LogType,object)
UnityEngine.Debug:Assert (bool)
UnityEngine.InputSystem.InputManager:ApplySettings () (at ./Library/PackageCache/com.unity.inputsystem@7a4e1a2a8194/InputSystem/Runtime/InputManager.cs:2997)
UnityEngine.InputSystem.InputSettings:OnChange () (at ./Library/PackageCache/com.unity.inputsystem@7a4e1a2a8194/InputSystem/Runtime/InputSettings.cs:810)
UnityEngine.InputSystem.Editor.InputSystemEditorInitializer:OnPlayModeChange (UnityEditor.PlayModeStateChange) (at ./Library/PackageCache/com.unity.inputsystem@7a4e1a2a8194/InputSystem/Editor/InputSystemEditorInitializer.cs:536)
UnityEngine.InputSystem.Editor.InputSystemEditorInitializer/<>c:<RegisterPlayModeHooks>b__18_0 (UnityEngine.InputSystem.LowLevel.InputPlayModeChange) (at ./Library/PackageCache/com.unity.inputsystem@7a4e1a2a8194/InputSystem/Editor/InputSystemEditorInitializer.cs:286)
UnityEngine.InputSystem.InputSystem:OnPlayModeChange (UnityEngine.InputSystem.LowLevel.InputPlayModeChange) (at ./Library/PackageCache/com.unity.inputsystem@7a4e1a2a8194/InputSystem/Runtime/InputSystem.cs:3430)
UnityEngine.InputSystem.LowLevel.NativeInputRuntime:DispatchPlayModeChange (UnityEngine.InputSystem.LowLevel.InputPlayModeChange) (at ./Library/PackageCache/com.unity.inputsystem@7a4e1a2a8194/InputSystem/Runtime/NativeInputRuntime.cs:389)
UnityEngine.InputSystem.Editor.InputSystemEditorInitializer:OnEditorPlayModeStateChanged (UnityEditor.PlayModeStateChange) (at ./Library/PackageCache/com.unity.inputsystem@7a4e1a2a8194/InputSystem/Editor/InputSystemEditorInitializer.cs:481)
UnityEditor.EditorApplication:Internal_PlayModeStateChanged (UnityEditor.PlayModeStateChange)

(Filename: ./Library/PackageCache/com.unity.inputsystem@7a4e1a2a8194/InputSystem/Runtime/InputManager.cs Line: 2997)

Executing IPostBuildCleanup for: Unity.PerformanceTesting.Editor.TestRunBuilder.
UnityEngine.Debug:ExtractStackTraceNoAlloc (byte*,int,string)
UnityEngine.StackTraceUtility:ExtractStackTrace ()
UnityEngine.DebugLogHandler:Internal_Log (UnityEngine.LogType,UnityEngine.LogOption,string,UnityEngine.Object)
UnityEngine.DebugLogHandler:LogFormat (UnityEngine.LogType,UnityEngine.Object,string,object[])
UnityEngine.Logger:Log (UnityEngine.LogType,object)
UnityEngine.Debug:Log (object)
UnityEditor.TestTools.TestRunner.TestRun.Tasks.BuildActionTaskBase`1/<ExecuteMethods>d__8<UnityEngine.TestTools.IPostBuildCleanup>:MoveNext () (at ./Library/PackageCache/com.unity.test-framework@082c24152fd4/UnityEditor.TestRunner/TestRun/Tasks/BuildActionTaskBase.cs:48)
UnityEditor.TestTools.TestRunner.TestRun.Tasks.BuildActionTaskBase`1/<Execute>d__7<UnityEngine.TestTools.IPostBuildCleanup>:MoveNext () (at ./Library/PackageCache/com.unity.test-framework@082c24152fd4/UnityEditor.TestRunner/TestRun/Tasks/BuildActionTaskBase.cs:34)
UnityEditor.TestTools.TestRunner.TestRun.TestJobRunner:ExecuteStep () (at ./Library/PackageCache/com.unity.test-framework@082c24152fd4/UnityEditor.TestRunner/TestRun/TestJobRunner.cs:173)
UnityEditor.TestTools.TestRunner.TestRun.TestJobRunner:ExecuteCallback () (at ./Library/PackageCache/com.unity.test-framework@082c24152fd4/UnityEditor.TestRunner/TestRun/TestJobRunner.cs:108)
UnityEditor.EditorApplication:Internal_CallUpdateFunctions ()

(Filename: ./Library/PackageCache/com.unity.test-framework@082c24152fd4/UnityEditor.TestRunner/TestRun/Tasks/BuildActionTaskBase.cs Line: 48)

Unloading 0 Unused Serialized files (Serialized files now loaded: 0)
Unloading 0 unused Assets / (Unknown). Loaded Objects now: 7470.
Memory consumption went from 203.4 MB to 203.4 MB.
Total: 18.584700 ms (FindLiveObjects: 0.253000 ms CreateObjectMapping: 0.155800 ms MarkObjects: 18.156500 ms  DeleteObjects: 0.018000 ms)

Refreshing native plugins compatible for Editor in 1.45 ms, found 4 plugins.
Preloading 0 native plugins for Editor in 0.00 ms.
Asset Pipeline Refresh (id=ac8bdb0eb7a117841822e41e9ee187b6): Total: 0.079 seconds - Initiated by StopAssetImportingV2(NoUpdateAssetOptions)
DisplayProgressbar: Undo
Test run completed. Exiting with code 0 (Ok). Run completed.
UnityEngine.Debug:ExtractStackTraceNoAlloc (byte*,int,string)
UnityEngine.StackTraceUtility:ExtractStackTrace ()
UnityEngine.DebugLogHandler:Internal_Log (UnityEngine.LogType,UnityEngine.LogOption,string,UnityEngine.Object)
UnityEngine.DebugLogHandler:LogFormat (UnityEngine.LogType,UnityEngine.Object,string,object[])
UnityEngine.Logger:Log (UnityEngine.LogType,object)
UnityEngine.Debug:Log (object)
UnityEditor.TestTools.TestRunner.CommandLineTest.Executer:ExitApplication (UnityEditor.TestTools.TestRunner.CommandLineTest.Executer/ReturnCodes,string) (at ./Library/PackageCache/com.unity.test-framework@082c24152fd4/UnityEditor.TestRunner/CommandLineTest/Executer.cs:81)
UnityEditor.TestTools.TestRunner.CommandLineTest.Executer:ExitIfRunIsCompleted () (at ./Library/PackageCache/com.unity.test-framework@082c24152fd4/UnityEditor.TestRunner/CommandLineTest/Executer.cs:74)
UnityEditor.EditorApplication:Internal_CallUpdateFunctions ()

(Filename: ./Library/PackageCache/com.unity.test-framework@082c24152fd4/UnityEditor.TestRunner/CommandLineTest/Executer.cs Line: 81)

Start importing ProjectSettings/ProjectSettings.asset using Guid(00000000000000004000000000000000) (LibraryAssetImporter) -> (artifact id: '81e5f970ae5d37203dd655023e61b098') in 0.0075161 seconds
Refreshing native plugins compatible for Editor in 2.65 ms, found 4 plugins.
Preloading 0 native plugins for Editor in 0.00 ms.
Asset Pipeline Refresh (id=28967c1bb9cba084c90af977015d7334): Total: 0.026 seconds - Initiated by StopAssetImportingV2(NoUpdateAssetOptions)
[Physics::Module] Cleanup current backned.
[Physics::Module] Id: 0xf2b8ea05
Input System module state changed to: ShutdownInProgress.
Input System polling thread exited.
Input System module state changed to: Shutdown.
[Licensing::IpcConnector] LicenseClient-Administrator-notifications channel disconnected successfully.
[Licensing::IpcConnector] LicenseClient-Administrator channel disconnected successfully.
AcceleratorClientConnectionCallback - disconnected - :0
Cleanup mono
Checking for leaked weakptr:
  Found no leaked weakptrs.
[Package Manager] Server process was shutdown
##utp:{"type":"MemoryLeaks","version":2,"phase":"Immediate","time":1791446474001,"processId":7172,"allocatedMemory":15222194,"memoryLabels":[{"Default":14269},{"Permanent":15356},{"NewDelete":71505},{"Thread":4230384},{"Manager":815994},{"VertexData":1448},{"Geometry":816},{"VFX":-104},{"Texture":296},{"Shader":78795},{"Material":24},{"GfxDevice":56504},{"Animation":392},{"Audio":4040},{"FontEngine":256},{"Physics":2081},{"Serialization":816},{"Input":14824},{"JobScheduler":33024},{"TextLib":160},{"Mono":32},{"MonoCode":64},{"ScriptingNativeRuntime":155060},{"BaseObject":1620112},{"Resource":1304},{"Renderer":2928},{"Transform":4646},{"File":50841},{"WebCam":616},{"Culling":32},{"Terrain":11394},{"Wind":24},{"STL":40},{"String":9366},{"DynamicArray":117556},{"HashMap":92695},{"Utility":2660078},{"Curl":48},{"PoolAlloc":1960},{"AI":104},{"TypeTree":5005},{"ScriptManager":512},{"RuntimeInitializeOnLoadManager":64},{"SpriteAtlas":112},{"GI":7888},{"Director":8240},{"WebRequest":592},{"VR":45969},{"SceneManager":496},{"Video":208},{"LazyScriptCache":32},{"Camera":17},{"Secure":265},{"SerializationCache":1576},{"APIUpdating":10320},{"Subsystems":336},{"VirtualTexturing":57888},{"StaticSafetyDebugInfo":278528},{"Analytics":336},{"Hierarchy":272},{"CoreStats":12536},{"Identifiers":6192},{"Gui":80},{"EditorUtility":52193},{"VersionControl":4},{"Undo":947},{"AssetDatabase":4621209},{"EditorGi":328},{"UnityConnect":24208},{"Upm":2036},{"DrivenProperties":72},{"LocalIPC":219},{"ProfilerEditor":9746},{"CoreBusinessMetrics":3228},{"Licensing":696},{"AssetReference":32},{"IPCStream":32}]}
